Pincode,Area,S/C Code,S/C Description,Region,State Code,State Description,ZONE
110001,DEL,ANT,ANTARIKSH,NORTH,DH,DELHI,5
110002,DEL,IPC,INDRAPRAKASH BLDG,NORTH,DH,DELHI,5
110003,DEL,ABC,ANTARIKSH BHAVAN,NORTH,DH,DELHI,5
110004,DEL,ABC,ANTARIKSH BHAVAN,NORTH,DH,DELHI,5
110005,DEL,RAJ,RAJENDRA PLACE,NORTH,DH,DELHI,5
110006,DEL,CP,CP BRANCH OFFICE,NORTH,DH,DELHI,5
110007,DEL,CP,CP BRANCH OFFICE,NORTH,DH,DELHI,5
110008,DEL,RAJ,RAJENDRA PLACE,NORTH,DH,DELHI,5
110009,DEL,WZR,WAZIRPUR,NORTH,DH,DELHI,5
110010,DEL,DCT,DELHI CANTONMENT,NORTH,DH,DELHI,5
110011,DEL,ABC,ANTARIKSH BHAVAN,NORTH,DH,DELHI,5
110012,DEL,RAJ,RAJENDRA PLACE,NORTH,DH,DELHI,5
110013,DEL,OKH,OKHLA,NORTH,DH,DELHI,5
110014,DEL,OKH,OKHLA,NORTH,DH,DELHI,5
110015,DEL,RMR,RAMA ROAD,NORTH,DH,DELHI,5
110016,DEL,SJE,SAFDARJUNG ENCLAVE,NORTH,DH,DELHI,5
110017,DEL,SET,SAKET,NORTH,DH,DELHI,5
110018,DEL,PSV,PASCHIM VIHAR,NORTH,DH,DELHI,5
110019,DEL,NP,NEHRU PLACE,NORTH,DH,DELHI,5
110020,DEL,OKH,OKHLA,NORTH,DH,DELHI,5
110021,DEL,DCT,DELHI CANTONMENT,NORTH,DH,DELHI,5
110022,DEL,DCT,DELHI CANTONMENT,NORTH,DH,DELHI,5
110023,DEL,SJE,SAFDARJUNG ENCLAVE,NORTH,DH,DELHI,5
110024,DEL,NP,NEHRU PLACE,NORTH,DH,DELHI,5
110025,DEL,MOC,MOHAN CO OP INDL AREA,NORTH,DH,DELHI,5
110026,DEL,RMR,RAMA ROAD,NORTH,DH,DELHI,5
110027,DEL,RMR,RAMA ROAD,NORTH,DH,DELHI,5
110028,DEL,RAJ,RAJENDRA PLACE,NORTH,DH,DELHI,5
110029,DEL,SJE,SAFDARJUNG ENCLAVE,NORTH,DH,DELHI,5
110030,DEL,VVH,VASANT VIHAR,NORTH,DH,DELHI,5
110031,DEL,KRR,KRISHNA NAGAR SERVICE CEN,NORTH,DH,DELHI,5
110032,DEL,JIA,JHILMIL INDUSTRIAL AREA,NORTH,DH,DELHI,5
110033,DEL,WZR,WAZIRPUR,NORTH,DH,DELHI,5
110034,DEL,PIT,PITAMPURA,NORTH,DH,DELHI,5
110035,DEL,RMR,RAMA ROAD,NORTH,DH,DELHI,5
110036,DEL,ROI,ROHINI SERVICE CENTRE,NORTH,DH,DELHI,5
110037,DEL,KSP,KAPASHERA,NORTH,DH,DELHI,5
110038,DEL,KSP,KAPASHERA,NORTH,DH,DELHI,5
110039,DEL,ROI,ROHINI SERVICE CENTRE,NORTH,DH,DELHI,5
110040,DEL,ROI,ROHINI SERVICE CENTRE,NORTH,DH,DELHI,5
110041,DEL,HKN,HIRANKUDNA,NORTH,DH,DELHI,5
110042,DEL,ROI,ROHINI SERVICE CENTRE,NORTH,DH,DELHI,5
110043,DEL,JNK,JANAKPURI,NORTH,DH,DELHI,5
110044,DEL,MOC,MOHAN CO OP INDL AREA,NORTH,DH,DELHI,5
110045,DEL,DLM,PALAM SERVICE CENTRE,NORTH,DH,DELHI,5
110046,DEL,JNK,JANAKPURI,NORTH,DH,DELHI,5
110047,DEL,VVH,VASANT VIHAR,NORTH,DH,DELHI,5
110048,DEL,NP,NEHRU PLACE,NORTH,DH,DELHI,5
110049,DEL,SJE,SAFDARJUNG ENCLAVE,NORTH,DH,DELHI,5
110050,DEL,PSV,PASCHIM VIHAR,NORTH,DH,DELHI,5
110051,DEL,KRR,KRISHNA NAGAR SERVICE CEN,NORTH,DH,DELHI,5
110052,DEL,WZR,WAZIRPUR,NORTH,DH,DELHI,5
110053,DEL,JIA,JHILMIL INDUSTRIAL AREA,NORTH,DH,DELHI,5
110054,DEL,CP,CP BRANCH OFFICE,NORTH,DH,DELHI,5
110055,DEL,CP,CP BRANCH OFFICE,NORTH,DH,DELHI,5
110056,DEL,PSV,PASCHIM VIHAR,NORTH,DH,DELHI,5
110057,DEL,DCT,DELHI CANTONMENT,NORTH,DH,DELHI,5
110058,DEL,JNK,JANAKPURI,NORTH,DH,DELHI,5
110059,DEL,JNK,JANAKPURI,NORTH,DH,DELHI,5
110060,DEL,RAJ,RAJENDRA PLACE,NORTH,DH,DELHI,5
110061,DEL,KSP,KAPASHERA,NORTH,DH,DELHI,5
110062,DEL,SET,SAKET,NORTH,DH,DELHI,5
110063,DEL,PSV,PASCHIM VIHAR,NORTH,DH,DELHI,5
110064,DEL,RMR,RAMA ROAD,NORTH,DH,DELHI,5
110065,DEL,OKH,OKHLA,NORTH,DH,DELHI,5
110066,DEL,SJE,SAFDARJUNG ENCLAVE,NORTH,DH,DELHI,5
110067,DEL,SET,SAKET,NORTH,DH,DELHI,5
110068,DEL,SET,SAKET,NORTH,DH,DELHI,5
110069,DEL,ABC,ANTARIKSH BHAVAN,NORTH,DH,DELHI,5
110070,DEL,VVH,VASANT VIHAR,NORTH,DH,DELHI,5
110071,DEL,NFG,NAZAFGARH,NORTH,DH,DELHI,5
110072,DEL,NFG,NAZAFGARH,NORTH,DH,DELHI,5
110073,DEL,NFG,NAZAFGARH,NORTH,DH,DELHI,5
110074,DEL,VVH,VASANT VIHAR,NORTH,DH,DELHI,5
110075,DEL,DWK,DWARIKA SERVICE CENTRE,NORTH,DH,DELHI,5
110076,DEL,MOC,MOHAN CO OP INDL AREA,NORTH,DH,DELHI,5
110077,DEL,DWK,DWARIKA SERVICE CENTRE,NORTH,DH,DELHI,5
110078,DEL,DWK,DWARIKA SERVICE CENTRE,NORTH,DH,DELHI,5
110080,DEL,SET,SAKET,NORTH,DH,DELHI,5
110081,DEL,HKN,HIRANKUDNA,NORTH,DH,DELHI,5
110082,DEL,ROI,ROHINI SERVICE CENTRE,NORTH,DH,DELHI,5
110083,DEL,PIT,PITAMPURA,NORTH,DH,DELHI,5
110084,DEL,WZR,WAZIRPUR,NORTH,DH,DELHI,5
110085,DEL,ROI,ROHINI SERVICE CENTRE,NORTH,DH,DELHI,5
110086,DEL,HKN,HIRANKUDNA,NORTH,DH,DELHI,5
110087,DEL,PSV,PASCHIM VIHAR,NORTH,DH,DELHI,5
110088,DEL,WZR,WAZIRPUR,NORTH,DH,DELHI,5
110089,DEL,ROI,ROHINI SERVICE CENTRE,NORTH,DH,DELHI,5
110090,DEL,JIA,JHILMIL INDUSTRIAL AREA,NORTH,DH,DELHI,5
110091,DEL,MVH,MAYUR VIHAR,NORTH,DH,DELHI,5
110092,DEL,EDL,EAST DELHI,NORTH,DH,DELHI,5
110093,DEL,JIA,JHILMIL INDUSTRIAL AREA,NORTH,DH,DELHI,5
110094,DEL,JIA,JHILMIL INDUSTRIAL AREA,NORTH,DH,DELHI,5
110095,DEL,JIA,JHILMIL INDUSTRIAL AREA,NORTH,DH,DELHI,5
110096,DEL,MVH,MAYUR VIHAR,NORTH,DH,DELHI,5
110097,DEL,KSP,KAPASHERA,NORTH,DH,DELHI,5
110098,DEL,MVH,MAYUR VIHAR,NORTH,DH,DELHI,5
110100,DEL,ANT,ANTARIKSH,NORTH,DH,DELHI,5
110101,DEL,ABC,ANTARIKSH BHAVAN,NORTH,DH,DELHI,5
110103,DEL,IPC,INDRAPRAKASH BLDG,NORTH,DH,DELHI,5
110104,DEL,IPC,INDRAPRAKASH BLDG,NORTH,DH,DELHI,5
110105,DEL,ABC,ANTARIKSH BHAVAN,NORTH,DH,DELHI,5
110106,DEL,ABC,ANTARIKSH BHAVAN,NORTH,DH,DELHI,5
110107,DEL,ABC,ANTARIKSH BHAVAN,NORTH,DH,DELHI,5
110108,DEL,ABC,ANTARIKSH BHAVAN,NORTH,DH,DELHI,5
110109,DEL,IPC,INDRAPRAKASH BLDG,NORTH,DH,DELHI,5
110110,DEL,IPC,INDRAPRAKASH BLDG,NORTH,DH,DELHI,5
110112,DEL,IPC,INDRAPRAKASH BLDG,NORTH,DH,DELHI,5
110113,DEL,IPC,INDRAPRAKASH BLDG,NORTH,DH,DELHI,5
110114,DEL,ANT,ANTARIKSH,NORTH,DH,DELHI,5
110115,DEL,ANT,ANTARIKSH,NORTH,DH,DELHI,5
110116,DEL,ANT,ANTARIKSH,NORTH,DH,DELHI,5
110117,DEL,ANT,ANTARIKSH,NORTH,DH,DELHI,5
110118,DEL,ANT,ANTARIKSH,NORTH,DH,DELHI,5
110119,DEL,ANT,ANTARIKSH,NORTH,DH,DELHI,5
110120,DEL,ANT,ANTARIKSH,NORTH,DH,DELHI,5
110122,DEL,ANT,ANTARIKSH,NORTH,DH,DELHI,5
110124,DEL,IPC,INDRAPRAKASH BLDG,NORTH,DH,DELHI,5
110125,DEL,RAJ,RAJENDRA PLACE,NORTH,DH,DELHI,5
110301,DEL,EDL,EAST DELHI,NORTH,DH,DELHI,5
110302,DEL,EDL,EAST DELHI,NORTH,DH,DELHI,5
110501,DEL,OKH,OKHLA,NORTH,DH,DELHI,5
110502,DEL,ABC,ANTARIKSH BHAVAN,NORTH,DH,DELHI,5
110503,DEL,ABC,ANTARIKSH BHAVAN,NORTH,DH,DELHI,5
110504,DEL,ABC,ANTARIKSH BHAVAN,NORTH,DH,DELHI,5
110505,DEL,NP,NEHRU PLACE,NORTH,DH,DELHI,5
110510,DEL,ABC,ANTARIKSH BHAVAN,NORTH,DH,DELHI,5
110511,DEL,ABC,ANTARIKSH BHAVAN,NORTH,DH,DELHI,5
110512,DEL,ABC,ANTARIKSH BHAVAN,NORTH,DH,DELHI,5
110601,DEL,SJE,SAFDARJUNG ENCLAVE,NORTH,DH,DELHI,5
110602,DEL,SJE,SAFDARJUNG ENCLAVE,NORTH,DH,DELHI,5
110603,DEL,SJE,SAFDARJUNG ENCLAVE,NORTH,DH,DELHI,5
110604,DEL,SJE,SAFDARJUNG ENCLAVE,NORTH,DH,DELHI,5
110605,DEL,SJE,SAFDARJUNG ENCLAVE,NORTH,DH,DELHI,5
110606,DEL,SJE,SAFDARJUNG ENCLAVE,NORTH,DH,DELHI,5
110607,DEL,SJE,SAFDARJUNG ENCLAVE,NORTH,DH,DELHI,5
110608,DEL,SJE,SAFDARJUNG ENCLAVE,NORTH,DH,DELHI,5
110609,DEL,SJE,SAFDARJUNG ENCLAVE,NORTH,DH,DELHI,5
114145,VJY,VJY,VIJAYPUR,NORTH,JK,JAMMU AND KASHMIR,7
121000,FAR,FAO,FAR SERVICE CENTRE,NORTH,HN,HARYANA,5
121001,FAR,FJT,FARIDABAD NIT,NORTH,HN,HARYANA,5
121002,FAR,FNP,FARIDABAD NEHAR PAR,NORTH,HN,HARYANA,5
121003,FAR,FAC,FARIDABAD SERVICE CENTRE,NORTH,HN,HARYANA,5
121004,FAR,FAO,FAR SERVICE CENTRE,NORTH,HN,HARYANA,5
121005,FAR,FAO,FAR SERVICE CENTRE,NORTH,HN,HARYANA,5
121006,FAR,FNP,FARIDABAD NEHAR PAR,NORTH,HN,HARYANA,5
121007,FAR,FAO,FAR SERVICE CENTRE,NORTH,HN,HARYANA,5
121008,FAR,FAC,FARIDABAD SERVICE CENTRE,NORTH,HN,HARYANA,5
121009,FAR,FAC,FARIDABAD SERVICE CENTRE,NORTH,HN,HARYANA,5
121010,FAR,FAC,FARIDABAD SERVICE CENTRE,NORTH,HN,HARYANA,5
121012,FAR,FAO,FAR SERVICE CENTRE,NORTH,HN,HARYANA,5
121013,FAR,FAC,FARIDABAD SERVICE CENTRE,NORTH,HN,HARYANA,5
121014,FAR,FAO,FAR SERVICE CENTRE,NORTH,HN,HARYANA,5
121015,FAE,FAE,FARIDABAD EXPANSION,NORTH,HN,HARYANA,5
121101,FAR,FAO,FAR SERVICE CENTRE,NORTH,HN,HARYANA,5
121102,PWL,PWL,PALWAL,NORTH,HN,HARYANA,5
121103,PWL,PWL,PALWAL,NORTH,HN,HARYANA,5
121105,HDL,HDL,HODAL,NORTH,HN,HARYANA,5
121106,HDL,HDL,HODAL,NORTH,HN,HARYANA,5
121107,HDE,HDE,HODAL REACH,NORTH,HN,HARYANA,5
121206,FAR,FAO,FAR SERVICE CENTRE,NORTH,HN,HARYANA,5
122001,GGN,CTY,GURUGRAM,NORTH,HN,HARYANA,5
122002,GGN,DCC,DLF CYBER CITY,NORTH,HN,HARYANA,5
122003,GGN,DLF,GURUGRAM,NORTH,HN,HARYANA,5
122004,GGN,GGM,MANESAR PINCODES,NORTH,HN,HARYANA,5
122005,GGN,CTY,GURUGRAM,NORTH,HN,HARYANA,5
122006,GGN,CTY,GURUGRAM,NORTH,HN,HARYANA,5
122007,GGN,CTY,GURUGRAM,NORTH,HN,HARYANA,5
122008,GGN,DCC,DLF CYBER CITY,NORTH,HN,HARYANA,5
122009,GGN,DLF,GURUGRAM,NORTH,HN,HARYANA,5
122010,GGN,DCC,DLF CYBER CITY,NORTH,HN,HARYANA,5
122011,GGN,DLF,GURUGRAM,NORTH,HN,HARYANA,5
122012,GGN,GGM,MANESAR PINCODES,NORTH,HN,HARYANA,5
122015,GGN,UDV,UDYOGVIHAR,NORTH,HN,HARYANA,5
122016,GGN,UDV,UDYOGVIHAR,NORTH,HN,HARYANA,5
122017,GGN,UDV,UDYOGVIHAR,NORTH,HN,HARYANA,5
122018,GGN,GSR,SOHANA ROAD S/C,NORTH,HN,HARYANA,5
122019,GGN,GSR,SOHANA ROAD S/C,NORTH,HN,HARYANA,5
122050,GGN,GGM,MANESAR PINCODES,NORTH,HN,HARYANA,5
122051,GGN,GGM,MANESAR PINCODES,NORTH,HN,HARYANA,5
122052,GGN,GGM,MANESAR PINCODES,NORTH,HN,HARYANA,5
122098,GGN,DLF,GURUGRAM,NORTH,HN,HARYANA,5
122100,KKH,KKH,KUSHKHERA,NORTH,RJ,RAJASTHAN,5
122101,SOZ,SOZ,SOHNA,NORTH,HN,HARYANA,5
122102,SOZ,SOZ,SOHNA,NORTH,HN,HARYANA,5
122103,SOZ,SOZ,SOHNA,NORTH,HN,HARYANA,5
122104,GBY,GBY,GGN PATAUDI REACH,NORTH,HN,HARYANA,5
122105,GGN,GBP,GURUGRAM PATAUDI,NORTH,HN,HARYANA,5
122106,DRH,DRH,DARUHERA,NORTH,HN,HARYANA,5
122107,SOZ,SOZ,SOHNA,NORTH,HN,HARYANA,5
122413,GGN,GBP,GURUGRAM PATAUDI,NORTH,HN,HARYANA,5
122414,KKH,KKH,KUSHKHERA,NORTH,RJ,RAJASTHAN,5
122502,KKH,KKH,KUSHKHERA,NORTH,RJ,RAJASTHAN,5
122503,GGN,GBP,GURUGRAM PATAUDI,NORTH,HN,HARYANA,5
122504,GBY,GBY,GGN PATAUDI REACH,NORTH,HN,HARYANA,5
122505,GGN,GGM,MANESAR PINCODES,NORTH,HN,HARYANA,5
122506,GGN,GBP,GURUGRAM PATAUDI,NORTH,HN,HARYANA,5
123001,MHG,MHG,MAHENDRAGARH,NORTH,HN,HARYANA,5
123003,GGN,DCC,DLF CYBER CITY,NORTH,HN,HARYANA,5
123021,MHG,MHG,MAHENDRAGARH,NORTH,HN,HARYANA,5
123023,KOU,KOU,KOTPUTALI,NORTH,RJ,RAJASTHAN,5
123024,LOH,LOH,LOHARU,NORTH,HN,HARYANA,5
123027,MHG,MHG,MAHENDRAGARH,NORTH,HN,HARYANA,5
123028,MHG,MHG,MAHENDRAGARH,NORTH,HN,HARYANA,5
123029,MHG,MHG,MAHENDRAGARH,NORTH,HN,HARYANA,5
123034,MHG,MHG,MAHENDRAGARH,NORTH,HN,HARYANA,5
123035,KKH,KKH,KUSHKHERA,NORTH,RJ,RAJASTHAN,5
123101,NMR,NMN,NEEMRANA,NORTH,RJ,RAJASTHAN,5
123102,NMR,NMN,NEEMRANA,NORTH,RJ,RAJASTHAN,5
123103,NMR,NMN,NEEMRANA,NORTH,RJ,RAJASTHAN,5
123106,DRH,DRH,DARUHERA,NORTH,HN,HARYANA,5
123110,DRH,DRH,DARUHERA,NORTH,HN,HARYANA,5
123301,JHR,JHR,JHAJJAR,NORTH,HN,HARYANA,5
123303,MHG,MHG,MAHENDRAGARH,NORTH,HN,HARYANA,5
123401,RWT,RWT,REWARI,NORTH,HN,HARYANA,5
123411,MHG,MHG,MAHENDRAGARH,NORTH,HN,HARYANA,5
123412,NMR,NMN,NEEMRANA,NORTH,RJ,RAJASTHAN,5
123413,RWI,RWI,REWARI REACH,NORTH,HN,HARYANA,5
123414,GGN,DCC,DLF CYBER CITY,NORTH,HN,HARYANA,5
123501,NMR,NMN,NEEMRANA,NORTH,RJ,RAJASTHAN,5
123504,GGN,GBP,GURUGRAM PATAUDI,NORTH,HN,HARYANA,5
123505,GGN,GBP,GURUGRAM PATAUDI,NORTH,HN,HARYANA,5
123506,GGN,GBP,GURUGRAM PATAUDI,NORTH,HN,HARYANA,5
124001,RTK,RTK,ROHTAK,NORTH,HN,HARYANA,5
124010,ROK,ROK,ROHTAK,NORTH,HN,HARYANA,5
124021,ROK,ROK,ROHTAK,NORTH,HN,HARYANA,5
124102,JHR,JHR,JHAJJAR,NORTH,HN,HARYANA,5
124103,JHR,JHR,JHAJJAR,NORTH,HN,HARYANA,5
124104,JHR,JHR,JHAJJAR,NORTH,HN,HARYANA,5
124105,JHR,JHR,JHAJJAR,NORTH,HN,HARYANA,5
124106,JHR,JHR,JHAJJAR,NORTH,HN,HARYANA,5
124107,JHR,JHR,JHAJJAR,NORTH,HN,HARYANA,5
124108,JHR,JHR,JHAJJAR,NORTH,HN,HARYANA,5
124109,JHR,JHR,JHAJJAR,NORTH,HN,HARYANA,5
124111,MEM,MEM,MEHAM,NORTH,HN,HARYANA,5
124112,MEM,MEM,MEHAM,NORTH,HN,HARYANA,5
124146,JHR,JHR,JHAJJAR,NORTH,HN,HARYANA,5
124201,JHR,JHR,JHAJJAR,NORTH,HN,HARYANA,5
124303,ROK,ROK,ROHTAK,NORTH,HN,HARYANA,5
124401,ROK,ROK,ROHTAK,NORTH,HN,HARYANA,5
124412,ROK,ROK,ROHTAK,NORTH,HN,HARYANA,5
124501,SPL,SPL,SAMPLA,NORTH,HN,HARYANA,5
124505,SPL,SPL,SAMPLA,NORTH,HN,HARYANA,5
124506,BHH,BHH,BAHADURGARH,NORTH,HN,HARYANA,5
124507,BHH,BHH,BAHADURGARH,NORTH,HN,HARYANA,5
124508,BHH,BHH,BAHADURGARH,NORTH,HN,HARYANA,5
124512,BHH,BHH,BAHADURGARH,NORTH,HN,HARYANA,5
124514,ROK,ROK,ROHTAK,NORTH,HN,HARYANA,5
124517,SPL,SPL,SAMPLA,NORTH,HN,HARYANA,5
125001,HIS,HIR,HISSAR,NORTH,HN,HARYANA,5
125002,HIS,HIR,HISSAR,NORTH,HN,HARYANA,5
125003,HIS,HIR,HISSAR,NORTH,HN,HARYANA,5
125004,HIS,HIR,HISSAR,NORTH,HN,HARYANA,5
125005,HIS,HIR,HISSAR,NORTH,HN,HARYANA,5
125006,HIS,HIR,HISSAR,NORTH,HN,HARYANA,5
125007,HIS,HIR,HISSAR,NORTH,HN,HARYANA,5
125011,HIS,HIR,HISSAR,NORTH,HN,HARYANA,5
125033,HNS,HNS,HANSI,NORTH,HN,HARYANA,5
125034,HNS,HNS,HANSI,NORTH,HN,HARYANA,5
125039,JND,JND,JIND,NORTH,HN,HARYANA,5
125042,MEM,MEM,MEHAM,NORTH,HN,HARYANA,5
125044,HIS,HIR,HISSAR,NORTH,HN,HARYANA,5
125047,BAR,BAR,BARWALA,NORTH,HN,HARYANA,5
125048,FHB,FHB,FATEHABAD,NORTH,HN,HARYANA,5
125049,HNS,HNS,HANSI,NORTH,HN,HARYANA,5
125050,FHB,FHB,FATEHABAD,NORTH,HN,HARYANA,5
125051,RAT,RAT,RATIA,NORTH,HN,HARYANA,5
125052,ADM,ADM,MANDI ADAMPUR,NORTH,HN,HARYANA,5
125055,SIA,SIA,SIRSA,NORTH,HN,HARYANA,5
125058,SSA,SSA,SIRSA EXPANSION,NORTH,HN,HARYANA,5
125060,SSA,SSA,SIRSA EXPANSION,NORTH,HN,HARYANA,5
125075,ELB,ELB,ELLENABAD,NORTH,HN,HARYANA,5
125076,ELB,ELB,ELLENABAD,NORTH,HN,HARYANA,5
125077,MWL,MWL,MANDI DABWALI,NORTH,HN,HARYANA,5
125101,MWL,MWL,MANDI DABWALI,NORTH,HN,HARYANA,5
125102,ELB,ELB,ELLENABAD,NORTH,HN,HARYANA,5
125103,MWL,MWL,MANDI DABWALI,NORTH,HN,HARYANA,5
125104,MWL,MWL,MANDI DABWALI,NORTH,HN,HARYANA,5
125111,BAR,BAR,BARWALA,NORTH,HN,HARYANA,5
125112,BAR,BAR,BARWALA,NORTH,HN,HARYANA,5
125113,BAR,BAR,BARWALA,NORTH,HN,HARYANA,5
125120,TOH,TOH,TOHANA,NORTH,HN,HARYANA,5
125121,BAR,BAR,BARWALA,NORTH,HN,HARYANA,5
125122,BAR,BAR,BARWALA,NORTH,HN,HARYANA,5
125133,JMM,JMM,JAKHAL MANDI,NORTH,HN,HARYANA,5
125201,TWS,TWS,TALWANDI SABOO,NORTH,PJ,PUNJAB,5
126001,TOH,TOH,TOHANA,NORTH,HN,HARYANA,5
126101,JND,JND,JIND,NORTH,HN,HARYANA,5
126102,JND,JND,JIND,NORTH,HN,HARYANA,5
126110,JND,JND,JIND,NORTH,HN,HARYANA,5
126111,JND,JND,JIND,NORTH,HN,HARYANA,5
126112,ASD,ASD,ASSAND,NORTH,HN,HARYANA,5
126113,JND,JND,JIND,NORTH,HN,HARYANA,5
126114,JND,JND,JIND,NORTH,HN,HARYANA,5
126116,NAR,NAR,NARWANA,NORTH,HN,HARYANA,5
126125,JND,JND,JIND,NORTH,HN,HARYANA,5
127020,BHW,BHW,BHIWANI,NORTH,HN,HARYANA,5
127021,BHW,BHW,BHIWANI,NORTH,HN,HARYANA,5
127022,CRK,CRK,CHARKHI DADRI,NORTH,HN,HARYANA,5
127025,CRK,CRK,CHARKHI DADRI,NORTH,HN,HARYANA,5
127026,CRK,CRK,CHARKHI DADRI,NORTH,HN,HARYANA,5
127027,BWY,BWY,BHIWANI,NORTH,HN,HARYANA,5
127031,BWY,BWY,BHIWANI,NORTH,HN,HARYANA,5
127032,TSM,TSM,TOSHAM,NORTH,HN,HARYANA,5
127040,TSM,TSM,TOSHAM,NORTH,HN,HARYANA,5
127041,MEM,MEM,MEHAM,NORTH,HN,HARYANA,5
127043,TSM,TSM,TOSHAM,NORTH,HN,HARYANA,5
127045,SWI,SWI,SIWANI,NORTH,HN,HARYANA,5
127046,SWI,SWI,SIWANI,NORTH,HN,HARYANA,5
127111,BWY,BWY,BHIWANI,NORTH,HN,HARYANA,5
127201,LOH,LOH,LOHARU,NORTH,HN,HARYANA,5
127306,CRK,CRK,CHARKHI DADRI,NORTH,HN,HARYANA,5
127308,LOH,LOH,LOHARU,NORTH,HN,HARYANA,5
127309,BWY,BWY,BHIWANI,NORTH,HN,HARYANA,5
127310,CRK,CRK,CHARKHI DADRI,NORTH,HN,HARYANA,5
131001,SOP,SOP,SONEPAT,NORTH,HN,HARYANA,5
131021,SOP,SOP,SONEPAT,NORTH,HN,HARYANA,5
131027,SOP,SOP,SONEPAT,NORTH,HN,HARYANA,5
131028,KDL,KDL,KUNDLI,NORTH,HN,HARYANA,5
131029,SOE,SOE,SONEPAT EXTENSION,NORTH,HN,HARYANA,5
131030,KDL,KDL,KUNDLI,NORTH,HN,HARYANA,5
131039,GAR,GAR,GANAUR,NORTH,HN,HARYANA,5
131101,GAR,GAR,GANAUR,NORTH,HN,HARYANA,5
131102,GAR,GAR,GANAUR,NORTH,HN,HARYANA,5
131301,GOH,GOH,GOHANA,NORTH,HN,HARYANA,5
131305,GOH,GOH,GOHANA,NORTH,HN,HARYANA,5
132001,KRN,KNX,KARNAL,NORTH,HN,HARYANA,5
132022,KRN,KNX,KARNAL,NORTH,HN,HARYANA,5
132037,KRN,KNX,KARNAL,NORTH,HN,HARYANA,5
132039,ASD,ASD,ASSAND,NORTH,HN,HARYANA,5
132046,ASE,ASE,ASSANDH EXTENSION,NORTH,HN,HARYANA,5
132054,KRN,KNX,KARNAL,NORTH,HN,HARYANA,5
132101,SMH,SMH,SAMALKHA,NORTH,HN,HARYANA,5
132102,SMH,SMH,SAMALKHA,NORTH,HN,HARYANA,5
132103,PNP,PAO,PANIPAT,NORTH,HN,HARYANA,5
132104,PNP,PAO,PANIPAT,NORTH,HN,HARYANA,5
132105,PNP,PAO,PANIPAT,NORTH,HN,HARYANA,5
132106,PNP,PAO,PANIPAT,NORTH,HN,HARYANA,5
132107,GOH,GOH,GOHANA,NORTH,HN,HARYANA,5
132108,PNP,PAO,PANIPAT,NORTH,HN,HARYANA,5
132110,PNP,PAO,PANIPAT,NORTH,HN,HARYANA,5
132113,ASD,ASD,ASSAND,NORTH,HN,HARYANA,5
132114,KRN,KNX,KARNAL,NORTH,HN,HARYANA,5
132115,SMH,SMH,SAMALKHA,NORTH,HN,HARYANA,5
132116,KRA,KRA,KURUKSHETRA,NORTH,HN,HARYANA,5
132117,KRA,KRA,KURUKSHETRA,NORTH,HN,HARYANA,5
132122,SMH,SMH,SAMALKHA,NORTH,HN,HARYANA,5
132140,PNO,PNO,PANIPAT IOCL OFFICE,NORTH,HN,HARYANA,5
132145,PNP,PAO,PANIPAT,NORTH,HN,HARYANA,5
132151,PNP,PAO,PANIPAT,NORTH,HN,HARYANA,5
132157,KRA,KRA,KURUKSHETRA,NORTH,HN,HARYANA,5
133001,ABA,AMY,AMBALA,NORTH,HN,HARYANA,5
133003,ABA,AMY,AMBALA,NORTH,HN,HARYANA,5
133004,ABA,AMY,AMBALA,NORTH,HN,HARYANA,5
133005,ABA,AMY,AMBALA,NORTH,HN,HARYANA,5
133006,ABA,AMY,AMBALA,NORTH,HN,HARYANA,5
133007,ABA,AMY,AMBALA,NORTH,HN,HARYANA,5
133008,AME,AME,AMBALA REACH,NORTH,HN,HARYANA,5
133010,AME,AME,AMBALA REACH,NORTH,HN,HARYANA,5
133021,ABA,AMY,AMBALA,NORTH,HN,HARYANA,5
133101,MLN,MLN,MULLANA,NORTH,HN,HARYANA,5
133102,MLN,MLN,MULLANA,NORTH,HN,HARYANA,5
133103,JDR,JDR,JAGADHRI REACH,NORTH,HN,HARYANA,5
133104,MLN,MLN,MULLANA,NORTH,HN,HARYANA,5
133201,MLN,MLN,MULLANA,NORTH,HN,HARYANA,5
133202,MLN,MLN,MULLANA,NORTH,HN,HARYANA,5
133203,MLN,MLN,MULLANA,NORTH,HN,HARYANA,5
133204,NGH,NGH,NARAINGARH,NORTH,HN,HARYANA,5
133205,MLN,MLN,MULLANA,NORTH,HN,HARYANA,5
133206,JDR,JDR,JAGADHRI REACH,NORTH,HN,HARYANA,5
133207,MLN,MLN,MULLANA,NORTH,HN,HARYANA,5
133301,PKL,PKL,PANCHKULA,NORTH,HN,HARYANA,5
133302,DPR,DPR,PARWANOO,NORTH,HP,HIMACHAL PRADESH,5
134001,ABA,AMY,AMBALA,NORTH,HN,HARYANA,5
134002,ABA,AMY,AMBALA,NORTH,HN,HARYANA,5
134003,ABA,AMY,AMBALA,NORTH,HN,HARYANA,5
134004,ABA,AMY,AMBALA,NORTH,HN,HARYANA,5
134005,ABA,AMY,AMBALA,NORTH,HN,HARYANA,5
134006,ABA,AMY,AMBALA,NORTH,HN,HARYANA,5
134007,ABA,AMY,AMBALA,NORTH,HN,HARYANA,5
134008,AME,AME,AMBALA REACH,NORTH,HN,HARYANA,5
134101,PJE,PJE,PINJORE,NORTH,HN,HARYANA,5
134102,PJE,PJE,PINJORE,NORTH,HN,HARYANA,5
134103,PKZ,PKZ,PANCHKULLA REACH,NORTH,HN,HARYANA,5
134104,PJE,PJE,PINJORE,NORTH,HN,HARYANA,5
134105,PKZ,PKZ,PANCHKULLA REACH,NORTH,HN,HARYANA,5
134107,PKL,PKL,PANCHKULA,NORTH,HN,HARYANA,5
134108,PKL,PKL,PANCHKULA,NORTH,HN,HARYANA,5
134109,PKL,PKL,PANCHKULA,NORTH,HN,HARYANA,5
134112,PKL,PKL,PANCHKULA,NORTH,HN,HARYANA,5
134113,PKL,PKL,PANCHKULA,NORTH,HN,HARYANA,5
134114,PKL,PKL,PANCHKULA,NORTH,HN,HARYANA,5
134115,PKL,PKL,PANCHKULA,NORTH,HN,HARYANA,5
134116,PKL,PKL,PANCHKULA,NORTH,HN,HARYANA,5
134117,PKZ,PKZ,PANCHKULLA REACH,NORTH,HN,HARYANA,5
134118,BWB,BWB,BARWALA,NORTH,HN,HARYANA,5
134201,MLN,MLN,MULLANA,NORTH,HN,HARYANA,5
134202,MLN,MLN,MULLANA,NORTH,HN,HARYANA,5
134203,NGH,NGH,NARAINGARH,NORTH,HN,HARYANA,5
134204,PKL,PKL,PANCHKULA,NORTH,HN,HARYANA,5
134205,PKZ,PKZ,PANCHKULLA REACH,NORTH,HN,HARYANA,5
135001,YMN,YMN,YAMUNANAGAR,NORTH,HN,HARYANA,5
135002,YMN,YMN,YAMUNANAGAR,NORTH,HN,HARYANA,5
135003,YMN,YMN,YAMUNANAGAR,NORTH,HN,HARYANA,5
135004,JDR,JDR,JAGADHRI REACH,NORTH,HN,HARYANA,5
135021,JDR,JDR,JAGADHRI REACH,NORTH,HN,HARYANA,5
135101,JDR,JDR,JAGADHRI REACH,NORTH,HN,HARYANA,5
135102,JDR,JDR,JAGADHRI REACH,NORTH,HN,HARYANA,5
135103,JDR,JDR,JAGADHRI REACH,NORTH,HN,HARYANA,5
135106,JDR,JDR,JAGADHRI REACH,NORTH,HN,HARYANA,5
135133,JDR,JDR,JAGADHRI REACH,NORTH,HN,HARYANA,5
136020,PRI,PRI,PUNDRI,NORTH,HN,HARYANA,5
136021,PRI,PRI,PUNDRI,NORTH,HN,HARYANA,5
136026,PRI,PRI,PUNDRI,NORTH,HN,HARYANA,5
136027,KTL,KTX,KARNAL ROAD OFFICE,NORTH,HN,HARYANA,5
136030,PEW,PEW,PEHOWA,NORTH,HN,HARYANA,5
136033,PRI,PRI,PUNDRI,NORTH,HN,HARYANA,5
136034,PEW,PEW,PEHOWA,NORTH,HN,HARYANA,5
136035,PEW,PEW,PEHOWA,NORTH,HN,HARYANA,5
136038,KRA,KRA,KURUKSHETRA,NORTH,HN,HARYANA,5
136042,PRI,PRI,PUNDRI,NORTH,HN,HARYANA,5
136043,PRI,PRI,PUNDRI,NORTH,HN,HARYANA,5
136044,PRI,PRI,PUNDRI,NORTH,HN,HARYANA,5
136118,KRA,KRA,KURUKSHETRA,NORTH,HN,HARYANA,5
136119,KRA,KRA,KURUKSHETRA,NORTH,HN,HARYANA,5
136128,PEW,PEW,PEHOWA,NORTH,HN,HARYANA,5
136129,PEW,PEW,PEHOWA,NORTH,HN,HARYANA,5
136130,KRA,KRA,KURUKSHETRA,NORTH,HN,HARYANA,5
136131,KRA,KRA,KURUKSHETRA,NORTH,HN,HARYANA,5
136132,KRA,KRA,KURUKSHETRA,NORTH,HN,HARYANA,5
136135,KRA,KRA,KURUKSHETRA,NORTH,HN,HARYANA,5
136136,KRA,KRA,KURUKSHETRA,NORTH,HN,HARYANA,5
136156,KRA,KRA,KURUKSHETRA,NORTH,HN,HARYANA,5
140001,DRP,DRP,ROPAR,NORTH,PJ,PUNJAB,5
140101,MRI,MRI,MORINDA,NORTH,PJ,PUNJAB,5
140102,MRI,MRI,MORINDA,NORTH,PJ,PUNJAB,5
140103,MRI,MRI,MORINDA,NORTH,PJ,PUNJAB,5
140105,ZKP,ZKP,ZIRAKHPUR,NORTH,PJ,PUNJAB,5
140108,DRX,DRX,ROPAR SURROUNDING,NORTH,PJ,PUNJAB,5
140109,DRX,DRX,ROPAR SURROUNDING,NORTH,PJ,PUNJAB,5
140110,DRX,DRX,ROPAR SURROUNDING,NORTH,PJ,PUNJAB,5
140111,DRX,DRX,ROPAR SURROUNDING,NORTH,PJ,PUNJAB,5
140112,DRX,DRX,ROPAR SURROUNDING,NORTH,PJ,PUNJAB,5
140113,DRP,DRP,ROPAR,NORTH,PJ,PUNJAB,5
140114,DRX,DRX,ROPAR SURROUNDING,NORTH,PJ,PUNJAB,5
140115,ASB,ASB,ANANDPUR SAHIB,NORTH,PJ,PUNJAB,5
140116,ASB,ASB,ANANDPUR SAHIB,NORTH,PJ,PUNJAB,5
140117,ASB,ASB,ANANDPUR SAHIB,NORTH,PJ,PUNJAB,5
140118,ASB,ASB,ANANDPUR SAHIB,NORTH,PJ,PUNJAB,5
140119,ASB,ASB,ANANDPUR SAHIB,NORTH,PJ,PUNJAB,5
140123,ASB,ASB,ANANDPUR SAHIB,NORTH,PJ,PUNJAB,5
140124,NGL,NGL,NANGAL,NORTH,PJ,PUNJAB,5
140125,NGL,NGL,NANGAL,NORTH,PJ,PUNJAB,5
140126,NGL,NGL,NANGAL,NORTH,PJ,PUNJAB,5
140133,ASB,ASB,ANANDPUR SAHIB,NORTH,PJ,PUNJAB,5
140201,DBI,DBI,DERABASSI,NORTH,PJ,PUNJAB,5
140301,KRX,KRX,KHARAR,NORTH,PJ,PUNJAB,5
140306,MOH,MOH,MOHALI,NORTH,PJ,PUNJAB,5
140307,KRX,KRX,KHARAR,NORTH,PJ,PUNJAB,5
140308,MOH,MOH,MOHALI,NORTH,PJ,PUNJAB,5
140401,RJR,RJR,RAJPURA,NORTH,PJ,PUNJAB,5
140402,RJR,RJR,RAJPURA,NORTH,PJ,PUNJAB,5
140406,FGS,FGS,FATEHGARH SAHIB,NORTH,PJ,PUNJAB,5
140407,FGS,FGS,FATEHGARH SAHIB,NORTH,PJ,PUNJAB,5
140408,FGS,FGS,FATEHGARH SAHIB,NORTH,PJ,PUNJAB,5
140412,MRI,MRI,MORINDA,NORTH,PJ,PUNJAB,5
140413,KRX,KRX,KHARAR,NORTH,PJ,PUNJAB,5
140417,RJR,RJR,RAJPURA,NORTH,PJ,PUNJAB,5
140501,LRU,LRU,LALRU,NORTH,PJ,PUNJAB,5
140506,DBI,DBI,DERABASSI,NORTH,PJ,PUNJAB,5
140507,DBI,DBI,DERABASSI,NORTH,PJ,PUNJAB,5
140601,RJR,RJR,RAJPURA,NORTH,PJ,PUNJAB,5
140602,RJR,RJR,RAJPURA,NORTH,PJ,PUNJAB,5
140603,ZKP,ZKP,ZIRAKHPUR,NORTH,PJ,PUNJAB,5
140604,ZKP,ZKP,ZIRAKHPUR,NORTH,PJ,PUNJAB,5
140701,RJR,RJR,RAJPURA,NORTH,PJ,PUNJAB,5
140802,MRI,MRI,MORINDA,NORTH,PJ,PUNJAB,5
140901,CAR,CMM,MADHYA MARG OFFICE,NORTH,CD,CHANDIGARH,5
141001,LDH,LDC,LUDHIANA CITY,NORTH,PJ,PUNJAB,5
141002,LDH,LDC,LUDHIANA CITY,NORTH,PJ,PUNJAB,5
141003,LDH,LDO,INDUSTRIAL AREA SC,NORTH,PJ,PUNJAB,5
141004,LDH,LDC,LUDHIANA CITY,NORTH,PJ,PUNJAB,5
141005,LDH,LDO,INDUSTRIAL AREA SC,NORTH,PJ,PUNJAB,5
141006,LDH,LDO,INDUSTRIAL AREA SC,NORTH,PJ,PUNJAB,5
141007,LDH,LDO,INDUSTRIAL AREA SC,NORTH,PJ,PUNJAB,5
141008,LDH,LDO,INDUSTRIAL AREA SC,NORTH,PJ,PUNJAB,5
141009,LDH,LDO,INDUSTRIAL AREA SC,NORTH,PJ,PUNJAB,5
141010,LDH,LCJ,OUTER-LUDHIANA ,NORTH,PJ,PUNJAB,5
141011,LDH,LCJ,OUTER-LUDHIANA ,NORTH,PJ,PUNJAB,5
141012,LDH,LDC,LUDHIANA CITY,NORTH,PJ,PUNJAB,5
141013,LDH,LDC,LUDHIANA CITY,NORTH,PJ,PUNJAB,5
141014,LDH,LCJ,OUTER-LUDHIANA ,NORTH,PJ,PUNJAB,5
141015,LDH,LCJ,OUTER-LUDHIANA ,NORTH,PJ,PUNJAB,5
141016,LDH,LCJ,OUTER-LUDHIANA ,NORTH,PJ,PUNJAB,5
141017,LDH,LCJ,OUTER-LUDHIANA ,NORTH,PJ,PUNJAB,5
141020,LDH,LDO,INDUSTRIAL AREA SC,NORTH,PJ,PUNJAB,5
141101,LDH,LDC,LUDHIANA CITY,NORTH,PJ,PUNJAB,5
141106,LDH,LDC,LUDHIANA CITY,NORTH,PJ,PUNJAB,5
141110,LDH,LDC,LUDHIANA CITY,NORTH,PJ,PUNJAB,5
141113,LDH,LCJ,OUTER-LUDHIANA ,NORTH,PJ,PUNJAB,5
141116,LDH,LDC,LUDHIANA CITY,NORTH,PJ,PUNJAB,5
141117,LDS,LDS,LUDHIANA EXPANSION,NORTH,PJ,PUNJAB,5
141119,MKA,MKA,MALERKOTLA,NORTH,PJ,PUNJAB,5
141120,LDH,LCJ,OUTER-LUDHIANA ,NORTH,PJ,PUNJAB,5
141122,LDH,LDO,INDUSTRIAL AREA SC,NORTH,PJ,PUNJAB,5
141123,LDH,LCJ,OUTER-LUDHIANA ,NORTH,PJ,PUNJAB,5
141304,PHG,PHA,PHAGWARA,NORTH,PJ,PUNJAB,5
141309,JRD,JRC,ITO SERV CENTRE-JALANDHAR,NORTH,PJ,PUNJAB,5
141310,NKD,NKD,NAKODAR,NORTH,PJ,PUNJAB,5
141401,DKN,DKN,KHANNA,NORTH,PJ,PUNJAB,5
141402,DKN,DKN,KHANNA,NORTH,PJ,PUNJAB,5
141411,FGS,FGS,FATEHGARH SAHIB,NORTH,PJ,PUNJAB,5
141415,MKA,MKA,MALERKOTLA,NORTH,PJ,PUNJAB,5
141416,LDH,LCJ,OUTER-LUDHIANA ,NORTH,PJ,PUNJAB,5
141422,LDR,LDR,LUDHIANA REACH,NORTH,PJ,PUNJAB,5
141801,MRI,MRI,MORINDA,NORTH,PJ,PUNJAB,5
142001,MOG,MOG,MOGA,NORTH,PJ,PUNJAB,5
142003,MOG,MOG,MOGA,NORTH,PJ,PUNJAB,5
142021,LDH,LDC,LUDHIANA CITY,NORTH,PJ,PUNJAB,5
142026,JGR,JGR,JAGRAON,NORTH,PJ,PUNJAB,5
142027,LDH,LDC,LUDHIANA CITY,NORTH,PJ,PUNJAB,5
142037,MGA,MGA,MOGA,NORTH,PJ,PUNJAB,5
142038,MGA,MGA,MOGA,NORTH,PJ,PUNJAB,5
142039,MGA,MGA,MOGA,NORTH,PJ,PUNJAB,5
142042,MGA,MGA,MOGA,NORTH,PJ,PUNJAB,5
142043,MGA,MGA,MOGA,NORTH,PJ,PUNJAB,5
142044,ZRA,ZRA,ZIRA,NORTH,PJ,PUNJAB,5
142045,MGA,MGA,MOGA,NORTH,PJ,PUNJAB,5
142047,ZRA,ZRA,ZIRA,NORTH,PJ,PUNJAB,5
142048,MGA,MGA,MOGA,NORTH,PJ,PUNJAB,5
142049,KTP,KTP,KOTKAPURA,NORTH,PJ,PUNJAB,5
142050,ZRA,ZRA,ZIRA,NORTH,PJ,PUNJAB,5
142052,FZP,FZP,FEROZEPUR,NORTH,PJ,PUNJAB,5
142053,MGA,MGA,MOGA,NORTH,PJ,PUNJAB,5
142055,MGA,MGA,MOGA,NORTH,PJ,PUNJAB,5
142057,MGA,MGA,MOGA,NORTH,PJ,PUNJAB,5
142058,MGA,MGA,MOGA,NORTH,PJ,PUNJAB,5
142060,FDD,FDD,FARIDKOT,NORTH,PJ,PUNJAB,5
143001,ATQ,ATR,AMRITSAR,NORTH,PJ,PUNJAB,5
143002,ATQ,ATR,AMRITSAR,NORTH,PJ,PUNJAB,5
143003,ATQ,ATR,AMRITSAR,NORTH,PJ,PUNJAB,5
143004,ATQ,ATR,AMRITSAR,NORTH,PJ,PUNJAB,5
143005,ATQ,ATR,AMRITSAR,NORTH,PJ,PUNJAB,5
143006,ATQ,ATR,AMRITSAR,NORTH,PJ,PUNJAB,5
143008,ATQ,ATR,AMRITSAR,NORTH,PJ,PUNJAB,5
143010,ATQ,ATR,AMRITSAR,NORTH,PJ,PUNJAB,5
143021,ATQ,ATR,AMRITSAR,NORTH,PJ,PUNJAB,5
143022,ATQ,ATR,AMRITSAR,NORTH,PJ,PUNJAB,5
143101,ATO,ATO,AMRITSAR OUTER,NORTH,PJ,PUNJAB,5
143102,AJN,AJN,AJNALA,NORTH,PJ,PUNJAB,5
143104,ATQ,ATR,AMRITSAR,NORTH,PJ,PUNJAB,5
143105,ATQ,ATR,AMRITSAR,NORTH,PJ,PUNJAB,5
143106,ATQ,ATR,AMRITSAR,NORTH,PJ,PUNJAB,5
143107,ATO,ATO,AMRITSAR OUTER,NORTH,PJ,PUNJAB,5
143112,BEA,BEA,BEAS,NORTH,PJ,PUNJAB,5
143115,ATQ,ATR,AMRITSAR,NORTH,PJ,PUNJAB,5
143201,BEA,BEA,BEAS,NORTH,PJ,PUNJAB,5
143202,BEA,BEA,BEAS,NORTH,PJ,PUNJAB,5
143204,BEA,BEA,BEAS,NORTH,PJ,PUNJAB,5
143301,PTI,PTI,PATTI,NORTH,PJ,PUNJAB,5
143303,PTI,PTI,PATTI,NORTH,PJ,PUNJAB,5
143305,PTI,PTI,PATTI,NORTH,PJ,PUNJAB,5
143401,TRN,TRN,TARANTARAN,NORTH,PJ,PUNJAB,5
143412,PTI,PTI,PATTI,NORTH,PJ,PUNJAB,5
143416,PTI,PTI,PATTI,NORTH,PJ,PUNJAB,5
143419,PTI,PTI,PATTI,NORTH,PJ,PUNJAB,5
143501,ATQ,ATR,AMRITSAR,NORTH,PJ,PUNJAB,5
143505,BTT,BTT,BATALA,NORTH,PJ,PUNJAB,5
143516,BTT,BTT,BATALA,NORTH,PJ,PUNJAB,5
143521,DSP,DSP,GURDASPUR,NORTH,PJ,PUNJAB,5
143531,DSP,DSP,GURDASPUR,NORTH,PJ,PUNJAB,5
143601,AJN,AJN,AJNALA,NORTH,PJ,PUNJAB,5
144001,JRD,JRC,ITO SERV CENTRE-JALANDHAR,NORTH,PJ,PUNJAB,5
144002,JRD,JRC,ITO SERV CENTRE-JALANDHAR,NORTH,PJ,PUNJAB,5
144003,JRD,JRC,ITO SERV CENTRE-JALANDHAR,NORTH,PJ,PUNJAB,5
144004,JRD,JRW,JALANDHAR SERVICE CENTRE,NORTH,PJ,PUNJAB,5
144005,JRD,JRW,JALANDHAR SERVICE CENTRE,NORTH,PJ,PUNJAB,5
144006,JRD,JRW,JALANDHAR SERVICE CENTRE,NORTH,PJ,PUNJAB,5
144007,JRD,JRC,ITO SERV CENTRE-JALANDHAR,NORTH,PJ,PUNJAB,5
144008,JRD,JRW,JALANDHAR SERVICE CENTRE,NORTH,PJ,PUNJAB,5
144009,JRD,JRW,JALANDHAR SERVICE CENTRE,NORTH,PJ,PUNJAB,5
144010,JRD,JRW,JALANDHAR SERVICE CENTRE,NORTH,PJ,PUNJAB,5
144011,JRD,JRW,JALANDHAR SERVICE CENTRE,NORTH,PJ,PUNJAB,5
144012,JRD,JRW,JALANDHAR SERVICE CENTRE,NORTH,PJ,PUNJAB,5
144013,JRD,JRW,JALANDHAR SERVICE CENTRE,NORTH,PJ,PUNJAB,5
144014,JRD,JRC,ITO SERV CENTRE-JALANDHAR,NORTH,PJ,PUNJAB,5
144015,JRE,JRE,JALANDHAR REACH,NORTH,PJ,PUNJAB,5
144021,JRD,JRC,ITO SERV CENTRE-JALANDHAR,NORTH,PJ,PUNJAB,5
144022,JRD,JRC,ITO SERV CENTRE-JALANDHAR,NORTH,PJ,PUNJAB,5
144023,JRD,JRW,JALANDHAR SERVICE CENTRE,NORTH,PJ,PUNJAB,5
144027,JRD,JRW,JALANDHAR SERVICE CENTRE,NORTH,PJ,PUNJAB,5
144032,PHG,PHA,PHAGWARA,NORTH,PJ,PUNJAB,5
144033,NKD,NKD,NAKODAR,NORTH,PJ,PUNJAB,5
144039,NKD,NKD,NAKODAR,NORTH,PJ,PUNJAB,5
144040,NKD,NKD,NAKODAR,NORTH,PJ,PUNJAB,5
144041,NKD,NKD,NAKODAR,NORTH,PJ,PUNJAB,5
144102,ADA,ADA,ADAMPUR,NORTH,PJ,PUNJAB,5
144203,TND,TND,TANDA,NORTH,PJ,PUNJAB,5
144204,TND,TND,TANDA,NORTH,PJ,PUNJAB,5
144205,DZA,DZA,DASUYA,NORTH,PJ,PUNJAB,5
144207,DZA,DZA,DASUYA,NORTH,PJ,PUNJAB,5
144211,MUK,MUK,MUKERIAN,NORTH,PJ,PUNJAB,5
144216,DZA,DZA,DASUYA,NORTH,PJ,PUNJAB,5
144401,PHG,PHA,PHAGWARA,NORTH,PJ,PUNJAB,5
144402,PHG,PHA,PHAGWARA,NORTH,PJ,PUNJAB,5
144403,PHG,PHA,PHAGWARA,NORTH,PJ,PUNJAB,5
144405,PHG,PHA,PHAGWARA,NORTH,PJ,PUNJAB,5
144407,PHG,PHA,PHAGWARA,NORTH,PJ,PUNJAB,5
144408,PHG,PHA,PHAGWARA,NORTH,PJ,PUNJAB,5
144409,GRY,GRY,GORAYA,NORTH,PJ,PUNJAB,5
144410,GRY,GRY,GORAYA,NORTH,PJ,PUNJAB,5
144411,PHG,PHA,PHAGWARA,NORTH,PJ,PUNJAB,5
144415,GSK,GSK,GARHSHANKER,NORTH,PJ,PUNJAB,5
144416,GRY,GRY,GORAYA,NORTH,PJ,PUNJAB,5
144417,GSK,GSK,GARHSHANKER,NORTH,PJ,PUNJAB,5
144421,GSK,GSK,GARHSHANKER,NORTH,PJ,PUNJAB,5
144422,GSK,GSK,GARHSHANKER,NORTH,PJ,PUNJAB,5
144501,PHG,PHA,PHAGWARA,NORTH,PJ,PUNJAB,5
144502,PHG,PHA,PHAGWARA,NORTH,PJ,PUNJAB,5
144503,PHG,PHA,PHAGWARA,NORTH,PJ,PUNJAB,5
144504,PHG,PHA,PHAGWARA,NORTH,PJ,PUNJAB,5
144505,BNG,BNG,BANGA,NORTH,PJ,PUNJAB,5
144506,BNG,BNG,BANGA,NORTH,PJ,PUNJAB,5
144507,BNG,BNG,BANGA,NORTH,PJ,PUNJAB,5
144508,BNG,BNG,BANGA,NORTH,PJ,PUNJAB,5
144509,GSK,GSK,GARHSHANKER,NORTH,PJ,PUNJAB,5
144510,GSK,GSK,GARHSHANKER,NORTH,PJ,PUNJAB,5
144511,GSK,GSK,GARHSHANKER,NORTH,PJ,PUNJAB,5
144512,GSK,GSK,GARHSHANKER,NORTH,PJ,PUNJAB,5
144513,GSK,GSK,GARHSHANKER,NORTH,PJ,PUNJAB,5
144514,NWR,NWR,NAWANSHAHR,NORTH,PJ,PUNJAB,5
144515,BNG,BNG,BANGA,NORTH,PJ,PUNJAB,5
144516,NWR,NWR,NAWANSHAHR,NORTH,PJ,PUNJAB,5
144517,NWR,NWR,NAWANSHAHR,NORTH,PJ,PUNJAB,5
144518,GSK,GSK,GARHSHANKER,NORTH,PJ,PUNJAB,5
144521,GSK,GSK,GARHSHANKER,NORTH,PJ,PUNJAB,5
144523,GSK,GSK,GARHSHANKER,NORTH,PJ,PUNJAB,5
144524,GSK,GSK,GARHSHANKER,NORTH,PJ,PUNJAB,5
144525,GSK,GSK,GARHSHANKER,NORTH,PJ,PUNJAB,5
144526,GSK,GSK,GARHSHANKER,NORTH,PJ,PUNJAB,5
144527,GSK,GSK,GARHSHANKER,NORTH,PJ,PUNJAB,5
144528,GSK,GSK,GARHSHANKER,NORTH,PJ,PUNJAB,5
144532,GSK,GSK,GARHSHANKER,NORTH,PJ,PUNJAB,5
144533,DRP,DRP,ROPAR,NORTH,PJ,PUNJAB,5
144601,KAP,KAP,KAPURTHALA,NORTH,PJ,PUNJAB,5
144602,KAP,KAP,KAPURTHALA,NORTH,PJ,PUNJAB,5
144621,BWL,BWL,BEGOWAL,NORTH,PJ,PUNJAB,5
144626,NSU,NSU,SULTANPUR LODHI,NORTH,PJ,PUNJAB,5
144632,PHG,PHA,PHAGWARA,NORTH,PJ,PUNJAB,5
144633,PHG,PHA,PHAGWARA,NORTH,PJ,PUNJAB,5
144801,KAT,KAT,KARTARPUR,NORTH,PJ,PUNJAB,5
144802,KAP,KAP,KAPURTHALA,NORTH,PJ,PUNJAB,5
145001,THK,PTK,PATHANKOT,NORTH,PJ,PUNJAB,5
145023,THK,THC,PATHANKOT COUNTER,NORTH,PJ,PUNJAB,5
146001,HPR,HPA,HOSHIARPUR ETAIL / PICKUP,NORTH,PJ,PUNJAB,5
146021,HPR,HPA,HOSHIARPUR ETAIL / PICKUP,NORTH,PJ,PUNJAB,5
146022,HPR,HPA,HOSHIARPUR ETAIL / PICKUP,NORTH,PJ,PUNJAB,5
146023,HPR,HPA,HOSHIARPUR ETAIL / PICKUP,NORTH,PJ,PUNJAB,5
146024,HPR,HPA,HOSHIARPUR ETAIL / PICKUP,NORTH,PJ,PUNJAB,5
146105,HPR,HPA,HOSHIARPUR ETAIL / PICKUP,NORTH,PJ,PUNJAB,5
146111,HPR,HPA,HOSHIARPUR ETAIL / PICKUP,NORTH,PJ,PUNJAB,5
147001,PTA,PTA,PATIALA,NORTH,PJ,PUNJAB,5
147002,PTA,PTA,PATIALA,NORTH,PJ,PUNJAB,5
147003,PTA,PTA,PATIALA,NORTH,PJ,PUNJAB,5
147004,PTA,PTA,PATIALA,NORTH,PJ,PUNJAB,5
147005,PTA,PTA,PATIALA,NORTH,PJ,PUNJAB,5
147021,PTA,PTA,PATIALA,NORTH,PJ,PUNJAB,5
147101,SNA,SNA,SAMANA,NORTH,PJ,PUNJAB,5
147102,SRR,SNO,SANGRUR AREA OFFICE,NORTH,PJ,PUNJAB,5
147103,PTA,PTA,PATIALA,NORTH,PJ,PUNJAB,5
147105,PTR,PTR,PATRAN,NORTH,PJ,PUNJAB,5
147111,PTA,PTA,PATIALA,NORTH,PJ,PUNJAB,5
147201,NBH,NBH,NABHA,NORTH,PJ,PUNJAB,5
147202,FGS,FGS,FATEHGARH SAHIB,NORTH,PJ,PUNJAB,5
147203,FGS,FGS,FATEHGARH SAHIB,NORTH,PJ,PUNJAB,5
147301,FGS,FGS,FATEHGARH SAHIB,NORTH,PJ,PUNJAB,5
148001,SRR,SNO,SANGRUR AREA OFFICE,NORTH,PJ,PUNJAB,5
148002,SRR,SNO,SANGRUR AREA OFFICE,NORTH,PJ,PUNJAB,5
148017,SRR,SNO,SANGRUR AREA OFFICE,NORTH,PJ,PUNJAB,5
148019,MKA,MKA,MALERKOTLA,NORTH,PJ,PUNJAB,5
148020,MKA,MKA,MALERKOTLA,NORTH,PJ,PUNJAB,5
148021,MKA,MKA,MALERKOTLA,NORTH,PJ,PUNJAB,5
148022,MKA,MKA,MALERKOTLA,NORTH,PJ,PUNJAB,5
148023,DML,DML,MALERKOTLA,NORTH,PJ,PUNJAB,5
148024,DHU,DHU,DHURI,NORTH,PJ,PUNJAB,5
148025,BRA,BRA,BARNALA,NORTH,PJ,PUNJAB,5
148026,SRR,SNO,SANGRUR AREA OFFICE,NORTH,PJ,PUNJAB,5
148028,SUN,SUN,SUNAM,NORTH,PJ,PUNJAB,5
148029,SRR,SNO,SANGRUR AREA OFFICE,NORTH,PJ,PUNJAB,5
148031,LHG,LHG,LEHRAGAGA,NORTH,PJ,PUNJAB,5
148033,JMM,JMM,JAKHAL MANDI,NORTH,HN,HARYANA,5
148034,SRR,SNO,SANGRUR AREA OFFICE,NORTH,PJ,PUNJAB,5
148035,SRR,SNO,SANGRUR AREA OFFICE,NORTH,PJ,PUNJAB,5
148100,BRA,BRA,BARNALA,NORTH,PJ,PUNJAB,5
148101,BRA,BRA,BARNALA,NORTH,PJ,PUNJAB,5
148102,BRA,BRA,BARNALA,NORTH,PJ,PUNJAB,5
148103,BRA,BRA,BARNALA,NORTH,PJ,PUNJAB,5
148104,BRA,BRA,BARNALA,NORTH,PJ,PUNJAB,5
148105,BRA,BRA,BARNALA,NORTH,PJ,PUNJAB,5
148106,SRR,SNO,SANGRUR AREA OFFICE,NORTH,PJ,PUNJAB,5
148107,BRA,BRA,BARNALA,NORTH,PJ,PUNJAB,5
148108,RPZ,RPZ,RAMPURA PHULL EXPANSION,NORTH,PJ,PUNJAB,5
148109,RPZ,RPZ,RAMPURA PHULL EXPANSION,NORTH,PJ,PUNJAB,5
151001,DBH,BHT,BHATINDA SERVICE CENTRE,NORTH,PJ,PUNJAB,5
151002,DBH,BHT,BHATINDA SERVICE CENTRE,NORTH,PJ,PUNJAB,5
151003,DBH,BHT,BHATINDA SERVICE CENTRE,NORTH,PJ,PUNJAB,5
151004,DBH,BHT,BHATINDA SERVICE CENTRE,NORTH,PJ,PUNJAB,5
151005,DBH,BHT,BHATINDA SERVICE CENTRE,NORTH,PJ,PUNJAB,5
151101,BMD,BMD,BHUCHO MANDI,NORTH,PJ,PUNJAB,5
151102,BMD,BMD,BHUCHO MANDI,NORTH,PJ,PUNJAB,5
151103,RPZ,RPZ,RAMPURA PHULL EXPANSION,NORTH,PJ,PUNJAB,5
151104,RPZ,RPZ,RAMPURA PHULL EXPANSION,NORTH,PJ,PUNJAB,5
151105,RPZ,RPZ,RAMPURA PHULL EXPANSION,NORTH,PJ,PUNJAB,5
151106,RPZ,RPZ,RAMPURA PHULL EXPANSION,NORTH,PJ,PUNJAB,5
151108,RPZ,RPZ,RAMPURA PHULL EXPANSION,NORTH,PJ,PUNJAB,5
151111,RPZ,RPZ,RAMPURA PHULL EXPANSION,NORTH,PJ,PUNJAB,5
151201,GMD,GMD,GONIANA MANDI,NORTH,PJ,PUNJAB,5
151202,KTP,KTP,KOTKAPURA,NORTH,PJ,PUNJAB,5
151203,FDD,FDD,FARIDKOT,NORTH,PJ,PUNJAB,5
151204,KKA,KKA,KOTKAPURA,NORTH,PJ,PUNJAB,5
151205,KTP,KTP,KOTKAPURA,NORTH,PJ,PUNJAB,5
151206,KTP,KTP,KOTKAPURA,NORTH,PJ,PUNJAB,5
151207,KTP,KTP,KOTKAPURA,NORTH,PJ,PUNJAB,5
151208,KTP,KTP,KOTKAPURA,NORTH,PJ,PUNJAB,5
151209,KTP,KTP,KOTKAPURA,NORTH,PJ,PUNJAB,5
151210,MLT,MLT,MALOUT,NORTH,PJ,PUNJAB,5
151212,FDD,FDD,FARIDKOT,NORTH,PJ,PUNJAB,5
151301,TWS,TWS,TALWANDI SABOO,NORTH,PJ,PUNJAB,5
151302,TWS,TWS,TALWANDI SABOO,NORTH,PJ,PUNJAB,5
151401,GMD,GMD,GONIANA MANDI,NORTH,PJ,PUNJAB,5
151501,MNO,MNO,MANSA,NORTH,PJ,PUNJAB,5
151502,MNO,MNO,MANSA,NORTH,PJ,PUNJAB,5
151503,MNO,MNO,MANSA,NORTH,PJ,PUNJAB,5
151504,MNO,MNO,MANSA,NORTH,PJ,PUNJAB,5
151505,MNO,MNO,MANSA,NORTH,PJ,PUNJAB,5
151507,MNO,MNO,MANSA,NORTH,PJ,PUNJAB,5
151508,MNO,MNO,MANSA,NORTH,PJ,PUNJAB,5
151509,TWX,TWX,TALWANDI EXTENSION,NORTH,PJ,PUNJAB,5
151510,BRA,BRA,BARNALA,NORTH,PJ,PUNJAB,5
152001,FZR,FZR,FIROZEPUR,NORTH,PJ,PUNJAB,5
152002,FZR,FZR,FIROZEPUR,NORTH,PJ,PUNJAB,5
152003,FZP,FZP,FEROZEPUR,NORTH,PJ,PUNJAB,5
152004,FZP,FZP,FEROZEPUR,NORTH,PJ,PUNJAB,5
152005,FZP,FZP,FEROZEPUR,NORTH,PJ,PUNJAB,5
152020,FLK,FLK,FAZILKA,NORTH,PJ,PUNJAB,5
152021,ZRA,ZRA,ZIRA,NORTH,PJ,PUNJAB,5
152022,FZP,FZP,FEROZEPUR,NORTH,PJ,PUNJAB,5
152023,FZP,FZP,FEROZEPUR,NORTH,PJ,PUNJAB,5
152024,MKZ,MKZ,MUKTSAR EXPANSION,NORTH,PJ,PUNJAB,5
152025,MKZ,MKZ,MUKTSAR EXPANSION,NORTH,PJ,PUNJAB,5
152026,MKZ,MKZ,MUKTSAR EXPANSION,NORTH,PJ,PUNJAB,5
152031,MKZ,MKZ,MUKTSAR EXPANSION,NORTH,PJ,PUNJAB,5
152032,MKZ,MKZ,MUKTSAR EXPANSION,NORTH,PJ,PUNJAB,5
152033,MKZ,MKZ,MUKTSAR EXPANSION,NORTH,PJ,PUNJAB,5
152101,MLT,MLT,MALOUT,NORTH,PJ,PUNJAB,5
152107,MLT,MLT,MALOUT,NORTH,PJ,PUNJAB,5
152112,MKZ,MKZ,MUKTSAR EXPANSION,NORTH,PJ,PUNJAB,5
152113,MLT,MLT,MALOUT,NORTH,PJ,PUNJAB,5
152114,MLT,MLT,MALOUT,NORTH,PJ,PUNJAB,5
152115,MWL,MWL,MANDI DABWALI,NORTH,HN,HARYANA,5
152116,ABH,ABH,ABOHAR,NORTH,PJ,PUNJAB,5
152117,ABH,ABH,ABOHAR,NORTH,PJ,PUNJAB,5
152118,ABH,ABH,ABOHAR,NORTH,PJ,PUNJAB,5
152121,FLK,FLK,FAZILKA,NORTH,PJ,PUNJAB,5
152122,ABH,ABH,ABOHAR,NORTH,PJ,PUNJAB,5
152123,FLK,FLK,FAZILKA,NORTH,PJ,PUNJAB,5
152124,MKZ,MKZ,MUKTSAR EXPANSION,NORTH,PJ,PUNJAB,5
152128,ABH,ABH,ABOHAR,NORTH,PJ,PUNJAB,5
152132,ABH,ABH,ABOHAR,NORTH,PJ,PUNJAB,5
160001,CAR,CMM,MADHYA MARG OFFICE,NORTH,CD,CHANDIGARH,5
160002,CAR,CNO,CHANDIGARH WAREHOUSE,NORTH,CD,CHANDIGARH,5
160003,CAR,CNO,CHANDIGARH WAREHOUSE,NORTH,CD,CHANDIGARH,5
160004,ZKP,ZKP,ZIRAKHPUR,NORTH,PJ,PUNJAB,5
160005,CAR,CMM,MADHYA MARG OFFICE,NORTH,CD,CHANDIGARH,5
160006,CAR,CMM,MADHYA MARG OFFICE,NORTH,CD,CHANDIGARH,5
160007,CAR,CMM,MADHYA MARG OFFICE,NORTH,CD,CHANDIGARH,5
160008,CAR,CMM,MADHYA MARG OFFICE,NORTH,CD,CHANDIGARH,5
160009,CAR,CMM,MADHYA MARG OFFICE,NORTH,CD,CHANDIGARH,5
160010,CAR,CMM,MADHYA MARG OFFICE,NORTH,CD,CHANDIGARH,5
160011,CAR,CMM,MADHYA MARG OFFICE,NORTH,CD,CHANDIGARH,5
160012,CAR,CMM,MADHYA MARG OFFICE,NORTH,CD,CHANDIGARH,5
160013,CAR,CMM,MADHYA MARG OFFICE,NORTH,CD,CHANDIGARH,5
160014,CAR,CMM,MADHYA MARG OFFICE,NORTH,CD,CHANDIGARH,5
160015,CAR,CMM,MADHYA MARG OFFICE,NORTH,CD,CHANDIGARH,5
160016,CAR,CMM,MADHYA MARG OFFICE,NORTH,CD,CHANDIGARH,5
160017,CAR,CMM,MADHYA MARG OFFICE,NORTH,CD,CHANDIGARH,5
160018,CAR,CMM,MADHYA MARG OFFICE,NORTH,CD,CHANDIGARH,5
160019,CAR,CMM,MADHYA MARG OFFICE,NORTH,CD,CHANDIGARH,5
160020,CAR,CMM,MADHYA MARG OFFICE,NORTH,CD,CHANDIGARH,5
160021,CAR,CMM,MADHYA MARG OFFICE,NORTH,CD,CHANDIGARH,5
160022,CAR,CMM,MADHYA MARG OFFICE,NORTH,CD,CHANDIGARH,5
160023,CAR,CMM,MADHYA MARG OFFICE,NORTH,CD,CHANDIGARH,5
160024,CAR,CMM,MADHYA MARG OFFICE,NORTH,CD,CHANDIGARH,5
160025,CAR,CMM,MADHYA MARG OFFICE,NORTH,CD,CHANDIGARH,5
160026,CAR,CMM,MADHYA MARG OFFICE,NORTH,CD,CHANDIGARH,5
160027,CAR,CMM,MADHYA MARG OFFICE,NORTH,CD,CHANDIGARH,5
160028,CAR,CMM,MADHYA MARG OFFICE,NORTH,CD,CHANDIGARH,5
160029,CAR,CMM,MADHYA MARG OFFICE,NORTH,CD,CHANDIGARH,5
160030,CAR,CMM,MADHYA MARG OFFICE,NORTH,CD,CHANDIGARH,5
160031,CAR,CNO,CHANDIGARH WAREHOUSE,NORTH,CD,CHANDIGARH,5
160032,CAR,CNO,CHANDIGARH WAREHOUSE,NORTH,CD,CHANDIGARH,5
160033,CAR,CNO,CHANDIGARH WAREHOUSE,NORTH,CD,CHANDIGARH,5
160034,CAR,CMM,MADHYA MARG OFFICE,NORTH,CD,CHANDIGARH,5
160035,CAR,CMM,MADHYA MARG OFFICE,NORTH,CD,CHANDIGARH,5
160036,CAR,CMM,MADHYA MARG OFFICE,NORTH,CD,CHANDIGARH,5
160037,CAR,CMM,MADHYA MARG OFFICE,NORTH,CD,CHANDIGARH,5
160038,CAR,CMM,MADHYA MARG OFFICE,NORTH,CD,CHANDIGARH,5
160039,CAR,CNO,CHANDIGARH WAREHOUSE,NORTH,CD,CHANDIGARH,5
160040,CAR,CMM,MADHYA MARG OFFICE,NORTH,CD,CHANDIGARH,5
160041,CAR,CMM,MADHYA MARG OFFICE,NORTH,CD,CHANDIGARH,5
160042,CAR,CMM,MADHYA MARG OFFICE,NORTH,CD,CHANDIGARH,5
160043,CAR,CMM,MADHYA MARG OFFICE,NORTH,CD,CHANDIGARH,5
160044,CAR,CNO,CHANDIGARH WAREHOUSE,NORTH,CD,CHANDIGARH,5
160045,CAR,CNO,CHANDIGARH WAREHOUSE,NORTH,CD,CHANDIGARH,5
160046,CAR,CNO,CHANDIGARH WAREHOUSE,NORTH,CD,CHANDIGARH,5
160047,CAR,CNO,CHANDIGARH WAREHOUSE,NORTH,CD,CHANDIGARH,5
160048,CAR,CNO,CHANDIGARH WAREHOUSE,NORTH,CD,CHANDIGARH,5
160049,CAR,CNO,CHANDIGARH WAREHOUSE,NORTH,CD,CHANDIGARH,5
160051,MOH,MOH,MOHALI,NORTH,PJ,PUNJAB,5
160052,MOH,MOH,MOHALI,NORTH,PJ,PUNJAB,5
160053,MOH,MOH,MOHALI,NORTH,PJ,PUNJAB,5
160054,MOH,MOH,MOHALI,NORTH,PJ,PUNJAB,5
160055,MOH,MOH,MOHALI,NORTH,PJ,PUNJAB,5
160056,MOH,MOH,MOHALI,NORTH,PJ,PUNJAB,5
160057,MOH,MOH,MOHALI,NORTH,PJ,PUNJAB,5
160058,MOH,MOH,MOHALI,NORTH,PJ,PUNJAB,5
160059,MOH,MOH,MOHALI,NORTH,PJ,PUNJAB,5
160061,MOH,MOH,MOHALI,NORTH,PJ,PUNJAB,5
160062,MOH,MOH,MOHALI,NORTH,PJ,PUNJAB,5
160071,MOH,MOH,MOHALI,NORTH,PJ,PUNJAB,5
160101,CAR,CNO,CHANDIGARH WAREHOUSE,NORTH,CD,CHANDIGARH,5
160102,CAR,CNO,CHANDIGARH WAREHOUSE,NORTH,CD,CHANDIGARH,5
160103,CAR,CMM,MADHYA MARG OFFICE,NORTH,CD,CHANDIGARH,5
160104,ZKP,ZKP,ZIRAKHPUR,NORTH,PJ,PUNJAB,5
160106,CAR,CNO,CHANDIGARH WAREHOUSE,NORTH,CD,CHANDIGARH,5
171001,MTA,MTA,SHIMLA,NORTH,HP,HIMACHAL PRADESH,5
171002,MTA,MTA,SHIMLA,NORTH,HP,HIMACHAL PRADESH,5
171003,MTA,MTA,SHIMLA,NORTH,HP,HIMACHAL PRADESH,5
171004,MTA,MTA,SHIMLA,NORTH,HP,HIMACHAL PRADESH,5
171005,MTA,MTA,SHIMLA,NORTH,HP,HIMACHAL PRADESH,5
171006,MTA,MTA,SHIMLA,NORTH,HP,HIMACHAL PRADESH,5
171008,MTE,MTE,SHIMLA REACH,NORTH,HP,HIMACHAL PRADESH,5
171009,MTA,MTA,SHIMLA,NORTH,HP,HIMACHAL PRADESH,5
171010,MTA,MTA,SHIMLA,NORTH,HP,HIMACHAL PRADESH,5
171011,TTU,TTU,TOTU,NORTH,HP,HIMACHAL PRADESH,5
171013,MTE,MTE,SHIMLA REACH,NORTH,HP,HIMACHAL PRADESH,5
171014,MTE,MTE,SHIMLA REACH,NORTH,HP,HIMACHAL PRADESH,5
171015,MTE,MTE,SHIMLA REACH,NORTH,HP,HIMACHAL PRADESH,5
171102,ARK,ARK,ARKI,NORTH,HP,HIMACHAL PRADESH,5
171201,THG,THG,THEOG,NORTH,HP,HIMACHAL PRADESH,5
171209,THG,THG,THEOG,NORTH,HP,HIMACHAL PRADESH,5
171212,THG,THG,THEOG,NORTH,HP,HIMACHAL PRADESH,5
171213,KMN,KMN,KUMARSAIN,NORTH,HP,HIMACHAL PRADESH,5
171220,THG,THG,THEOG,NORTH,HP,HIMACHAL PRADESH,5
171222,THG,THG,THEOG,NORTH,HP,HIMACHAL PRADESH,5
171226,THG,THG,THEOG,NORTH,HP,HIMACHAL PRADESH,5
171301,SNY,SNY,SUNNI,NORTH,HP,HIMACHAL PRADESH,5
172001,RMB,RMB,RAMPUR BUSHAHR,NORTH,HP,HIMACHAL PRADESH,5
172024,KMN,KMN,KUMARSAIN,NORTH,HP,HIMACHAL PRADESH,5
172027,KMN,KMN,KUMARSAIN,NORTH,HP,HIMACHAL PRADESH,5
172029,KMN,KMN,KUMARSAIN,NORTH,HP,HIMACHAL PRADESH,5
172030,KMN,KMN,KUMARSAIN,NORTH,HP,HIMACHAL PRADESH,5
172031,KMN,KMN,KUMARSAIN,NORTH,HP,HIMACHAL PRADESH,5
172105,PEO,PEO,RECKONG PEO,NORTH,HP,HIMACHAL PRADESH,5
172107,PEO,PEO,RECKONG PEO,NORTH,HP,HIMACHAL PRADESH,5
172108,PEO,PEO,RECKONG PEO,NORTH,HP,HIMACHAL PRADESH,5
172116,PEO,PEO,RECKONG PEO,NORTH,HP,HIMACHAL PRADESH,5
172201,RMB,RMB,RAMPUR BUSHAHR,NORTH,HP,HIMACHAL PRADESH,5
173001,NGH,NGH,NARAINGARH,NORTH,HN,HARYANA,5
173021,PSB,PSB,PAONTA SAHIB,NORTH,HP,HIMACHAL PRADESH,5
173025,PSB,PSB,PAONTA SAHIB,NORTH,HP,HIMACHAL PRADESH,5
173026,NGH,NGH,NARAINGARH,NORTH,HN,HARYANA,5
173029,PSB,PSB,PAONTA SAHIB,NORTH,HP,HIMACHAL PRADESH,5
173030,NGH,NGH,NARAINGARH,NORTH,HN,HARYANA,5
173031,PSB,PSB,PAONTA SAHIB,NORTH,HP,HIMACHAL PRADESH,5
173101,SOL,SOL,SOLAN,NORTH,HP,HIMACHAL PRADESH,5
173201,DMR,DMR,DHARAMPUR,NORTH,HP,HIMACHAL PRADESH,5
173202,DMR,DMR,DHARAMPUR,NORTH,HP,HIMACHAL PRADESH,5
173204,DMR,DMR,DHARAMPUR,NORTH,HP,HIMACHAL PRADESH,5
173205,BDI,BDI,BADDI,NORTH,HP,HIMACHAL PRADESH,5
173206,DMR,DMR,DHARAMPUR,NORTH,HP,HIMACHAL PRADESH,5
173207,ARK,ARK,ARKI,NORTH,HP,HIMACHAL PRADESH,5
173208,ARK,ARK,ARKI,NORTH,HP,HIMACHAL PRADESH,5
173209,DMR,DMR,DHARAMPUR,NORTH,HP,HIMACHAL PRADESH,5
173210,DMR,DMR,DHARAMPUR,NORTH,HP,HIMACHAL PRADESH,5
173211,BOG,BOG,BAROG,NORTH,HP,HIMACHAL PRADESH,5
173212,SOL,SOL,SOLAN,NORTH,HP,HIMACHAL PRADESH,5
173213,SOL,SOL,SOLAN,NORTH,HP,HIMACHAL PRADESH,5
173214,SOL,SOL,SOLAN,NORTH,HP,HIMACHAL PRADESH,5
173220,DPR,DPR,PARWANOO,NORTH,HP,HIMACHAL PRADESH,5
173222,ARK,ARK,ARKI,NORTH,HP,HIMACHAL PRADESH,5
173223,SOL,SOL,SOLAN,NORTH,HP,HIMACHAL PRADESH,5
173229,DMR,DMR,DHARAMPUR,NORTH,HP,HIMACHAL PRADESH,5
173230,SOL,SOL,SOLAN,NORTH,HP,HIMACHAL PRADESH,5
173235,ARK,ARK,ARKI,NORTH,HP,HIMACHAL PRADESH,5
174001,BLS,BLS,BILASPUR,NORTH,HP,HIMACHAL PRADESH,5
174002,ASB,ASB,ANANDPUR SAHIB,NORTH,PJ,PUNJAB,5
174004,BLS,BLS,BILASPUR,NORTH,HP,HIMACHAL PRADESH,5
174005,BLS,BLS,BILASPUR,NORTH,HP,HIMACHAL PRADESH,5
174011,ASB,ASB,ANANDPUR SAHIB,NORTH,PJ,PUNJAB,5
174012,BLS,BLS,BILASPUR,NORTH,HP,HIMACHAL PRADESH,5
174013,BLS,BLS,BILASPUR,NORTH,HP,HIMACHAL PRADESH,5
174015,ASB,ASB,ANANDPUR SAHIB,NORTH,PJ,PUNJAB,5
174021,GMR,GMR,GHUMARWIN,NORTH,HP,HIMACHAL PRADESH,5
174023,GMR,GMR,GHUMARWIN,NORTH,HP,HIMACHAL PRADESH,5
174024,GMR,GMR,GHUMARWIN,NORTH,HP,HIMACHAL PRADESH,5
174026,GMR,GMR,GHUMARWIN,NORTH,HP,HIMACHAL PRADESH,5
174027,GMR,GMR,GHUMARWIN,NORTH,HP,HIMACHAL PRADESH,5
174028,GMR,GMR,GHUMARWIN,NORTH,HP,HIMACHAL PRADESH,5
174029,GMR,GMR,GHUMARWIN,NORTH,HP,HIMACHAL PRADESH,5
174030,GMR,GMR,GHUMARWIN,NORTH,HP,HIMACHAL PRADESH,5
174031,GMR,GMR,GHUMARWIN,NORTH,HP,HIMACHAL PRADESH,5
174032,BLS,BLS,BILASPUR,NORTH,HP,HIMACHAL PRADESH,5
174033,BLS,BLS,BILASPUR,NORTH,HP,HIMACHAL PRADESH,5
174034,GMR,GMR,GHUMARWIN,NORTH,HP,HIMACHAL PRADESH,5
174036,BLS,BLS,BILASPUR,NORTH,HP,HIMACHAL PRADESH,5
174101,NLH,NLH,NALAGARH,NORTH,HP,HIMACHAL PRADESH,5
174103,BDI,BDI,BADDI,NORTH,HP,HIMACHAL PRADESH,5
174201,ASB,ASB,ANANDPUR SAHIB,NORTH,PJ,PUNJAB,5
174301,TAH,TAH,TAHLIWAL,NORTH,HP,HIMACHAL PRADESH,5
174302,UMB,UMB,AMB OFFICE,NORTH,HP,HIMACHAL PRADESH,5
174303,UNA,UNA,UNA,NORTH,HP,HIMACHAL PRADESH,5
174304,MXA,MXA,MEHRE,NORTH,HP,HIMACHAL PRADESH,5
174305,MXA,MXA,MEHRE,NORTH,HP,HIMACHAL PRADESH,5
174306,TAH,TAH,TAHLIWAL,NORTH,HP,HIMACHAL PRADESH,5
174307,MXA,MXA,MEHRE,NORTH,HP,HIMACHAL PRADESH,5
174308,MXA,MXA,MEHRE,NORTH,HP,HIMACHAL PRADESH,5
174310,ASB,ASB,ANANDPUR SAHIB,NORTH,PJ,PUNJAB,5
174314,UMB,UMB,AMB OFFICE,NORTH,HP,HIMACHAL PRADESH,5
174315,TAH,TAH,TAHLIWAL,NORTH,HP,HIMACHAL PRADESH,5
174317,TAH,TAH,TAHLIWAL,NORTH,HP,HIMACHAL PRADESH,5
174319,UMB,UMB,AMB OFFICE,NORTH,HP,HIMACHAL PRADESH,5
174507,TAH,TAH,TAHLIWAL,NORTH,HP,HIMACHAL PRADESH,5
175001,MDI,MDI,MANDI,NORTH,HP,HIMACHAL PRADESH,5
175002,MNH,MNH,MANDI NER CHOWK,NORTH,HP,HIMACHAL PRADESH,5
175003,MNH,MNH,MANDI NER CHOWK,NORTH,HP,HIMACHAL PRADESH,5
175004,SKG,SKG,SARKAGHAT,NORTH,HP,HIMACHAL PRADESH,5
175005,MNH,MNH,MANDI NER CHOWK,NORTH,HP,HIMACHAL PRADESH,5
175006,MNH,MNH,MANDI NER CHOWK,NORTH,HP,HIMACHAL PRADESH,5
175008,MNH,MNH,MANDI NER CHOWK,NORTH,HP,HIMACHAL PRADESH,5
175010,KSO,KSO,KARSOG,NORTH,HP,HIMACHAL PRADESH,5
175011,KSO,KSO,KARSOG,NORTH,HP,HIMACHAL PRADESH,5
175012,JDN,JDN,JOGINDER NAGAR,NORTH,HP,HIMACHAL PRADESH,5
175015,JDN,JDN,JOGINDER NAGAR,NORTH,HP,HIMACHAL PRADESH,5
175017,BLS,BLS,BILASPUR,NORTH,HP,HIMACHAL PRADESH,5
175018,MNH,MNH,MANDI NER CHOWK,NORTH,HP,HIMACHAL PRADESH,5
175019,MNH,MNH,MANDI NER CHOWK,NORTH,HP,HIMACHAL PRADESH,5
175021,MNH,MNH,MANDI NER CHOWK,NORTH,HP,HIMACHAL PRADESH,5
175023,MNH,MNH,MANDI NER CHOWK,NORTH,HP,HIMACHAL PRADESH,5
175024,SKG,SKG,SARKAGHAT,NORTH,HP,HIMACHAL PRADESH,5
175025,SKG,SKG,SARKAGHAT,NORTH,HP,HIMACHAL PRADESH,5
175026,SKG,SKG,SARKAGHAT,NORTH,HP,HIMACHAL PRADESH,5
175027,MNH,MNH,MANDI NER CHOWK,NORTH,HP,HIMACHAL PRADESH,5
175028,MNH,MNH,MANDI NER CHOWK,NORTH,HP,HIMACHAL PRADESH,5
175029,MNH,MNH,MANDI NER CHOWK,NORTH,HP,HIMACHAL PRADESH,5
175030,BLS,BLS,BILASPUR,NORTH,HP,HIMACHAL PRADESH,5
175032,BIB,BIB,BIR BILLING,NORTH,HP,HIMACHAL PRADESH,5
175033,SKG,SKG,SARKAGHAT,NORTH,HP,HIMACHAL PRADESH,5
175034,SKG,SKG,SARKAGHAT,NORTH,HP,HIMACHAL PRADESH,5
175036,MNH,MNH,MANDI NER CHOWK,NORTH,HP,HIMACHAL PRADESH,5
175039,MNH,MNH,MANDI NER CHOWK,NORTH,HP,HIMACHAL PRADESH,5
175040,SKG,SKG,SARKAGHAT,NORTH,HP,HIMACHAL PRADESH,5
175042,SKG,SKG,SARKAGHAT,NORTH,HP,HIMACHAL PRADESH,5
175045,MNH,MNH,MANDI NER CHOWK,NORTH,HP,HIMACHAL PRADESH,5
175046,KSO,KSO,KARSOG,NORTH,HP,HIMACHAL PRADESH,5
175049,SKG,SKG,SARKAGHAT,NORTH,HP,HIMACHAL PRADESH,5
175101,KLX,KLX,KULLU,NORTH,HP,HIMACHAL PRADESH,5
175103,NLI,NLI,MANALI,NORTH,HP,HIMACHAL PRADESH,5
175104,NLI,NLI,MANALI,NORTH,HP,HIMACHAL PRADESH,5
175121,KUL,KUL,KULLU,NORTH,HP,HIMACHAL PRADESH,5
175125,KUL,KUL,KULLU,NORTH,HP,HIMACHAL PRADESH,5
175126,KLX,KLX,KULLU,NORTH,HP,HIMACHAL PRADESH,5
175128,KUL,KUL,KULLU,NORTH,HP,HIMACHAL PRADESH,5
175129,NLI,NLI,MANALI,NORTH,HP,HIMACHAL PRADESH,5
175130,NLI,NLI,MANALI,NORTH,HP,HIMACHAL PRADESH,5
175131,NLI,NLI,MANALI,NORTH,HP,HIMACHAL PRADESH,5
175136,NLI,NLI,MANALI,NORTH,HP,HIMACHAL PRADESH,5
175138,KUL,KUL,KULLU,NORTH,HP,HIMACHAL PRADESH,5
175143,NLI,NLI,MANALI,NORTH,HP,HIMACHAL PRADESH,5
176001,KGW,KGW,KANGRA,NORTH,HP,HIMACHAL PRADESH,5
176002,KGW,KGW,KANGRA,NORTH,HP,HIMACHAL PRADESH,5
176022,NUR,NUR,NURPUR,NORTH,HP,HIMACHAL PRADESH,5
176023,NUR,NUR,NURPUR,NORTH,HP,HIMACHAL PRADESH,5
176026,KGW,KGW,KANGRA,NORTH,HP,HIMACHAL PRADESH,5
176028,DXA,DXA,DEHRA,NORTH,HP,HIMACHAL PRADESH,5
176029,DXA,DXA,DEHRA,NORTH,HP,HIMACHAL PRADESH,5
176031,DXA,DXA,DEHRA,NORTH,HP,HIMACHAL PRADESH,5
176036,DXA,DXA,DEHRA,NORTH,HP,HIMACHAL PRADESH,5
176037,KGW,KGW,KANGRA,NORTH,HP,HIMACHAL PRADESH,5
176038,KGW,KGW,KANGRA,NORTH,HP,HIMACHAL PRADESH,5
176041,MXA,MXA,MEHRE,NORTH,HP,HIMACHAL PRADESH,5
176042,GMR,GMR,GHUMARWIN,NORTH,HP,HIMACHAL PRADESH,5
176043,GMR,GMR,GHUMARWIN,NORTH,HP,HIMACHAL PRADESH,5
176045,SKG,SKG,SARKAGHAT,NORTH,HP,HIMACHAL PRADESH,5
176047,KGW,KGW,KANGRA,NORTH,HP,HIMACHAL PRADESH,5
176048,SKG,SKG,SARKAGHAT,NORTH,HP,HIMACHAL PRADESH,5
176051,NUR,NUR,NURPUR,NORTH,HP,HIMACHAL PRADESH,5
176052,KGW,KGW,KANGRA,NORTH,HP,HIMACHAL PRADESH,5
176053,NUR,NUR,NURPUR,NORTH,HP,HIMACHAL PRADESH,5
176054,KGW,KGW,KANGRA,NORTH,HP,HIMACHAL PRADESH,5
176056,KGW,KGW,KANGRA,NORTH,HP,HIMACHAL PRADESH,5
176057,KGW,KGW,KANGRA,NORTH,HP,HIMACHAL PRADESH,5
176059,MRD,MRD,MARANDA,NORTH,HP,HIMACHAL PRADESH,5
176060,MRD,MRD,MARANDA,NORTH,HP,HIMACHAL PRADESH,5
176061,PLM,PLM,PALAMPUR,NORTH,HP,HIMACHAL PRADESH,5
176062,PLM,PLM,PALAMPUR,NORTH,HP,HIMACHAL PRADESH,5
176063,MRD,MRD,MARANDA,NORTH,HP,HIMACHAL PRADESH,5
176064,MRD,MRD,MARANDA,NORTH,HP,HIMACHAL PRADESH,5
176066,DXA,DXA,DEHRA,NORTH,HP,HIMACHAL PRADESH,5
176073,JSG,JSG,JAISINGHPUR,NORTH,HP,HIMACHAL PRADESH,5
176075,JSG,JSG,JAISINGHPUR,NORTH,HP,HIMACHAL PRADESH,5
176076,JSG,JSG,JAISINGHPUR,NORTH,HP,HIMACHAL PRADESH,5
176077,BIB,BIB,BIR BILLING,NORTH,HP,HIMACHAL PRADESH,5
176081,BJT,BJT,BAIJNATH,NORTH,HP,HIMACHAL PRADESH,5
176082,JSG,JSG,JAISINGHPUR,NORTH,HP,HIMACHAL PRADESH,5
176083,MRD,MRD,MARANDA,NORTH,HP,HIMACHAL PRADESH,5
176084,JSG,JSG,JAISINGHPUR,NORTH,HP,HIMACHAL PRADESH,5
176085,MRD,MRD,MARANDA,NORTH,HP,HIMACHAL PRADESH,5
176086,MRD,MRD,MARANDA,NORTH,HP,HIMACHAL PRADESH,5
176087,MRD,MRD,MARANDA,NORTH,HP,HIMACHAL PRADESH,5
176088,JSG,JSG,JAISINGHPUR,NORTH,HP,HIMACHAL PRADESH,5
176090,JSG,JSG,JAISINGHPUR,NORTH,HP,HIMACHAL PRADESH,5
176091,JSG,JSG,JAISINGHPUR,NORTH,HP,HIMACHAL PRADESH,5
176092,MRD,MRD,MARANDA,NORTH,HP,HIMACHAL PRADESH,5
176093,JSG,JSG,JAISINGHPUR,NORTH,HP,HIMACHAL PRADESH,5
176095,JSG,JSG,JAISINGHPUR,NORTH,HP,HIMACHAL PRADESH,5
176096,JSG,JSG,JAISINGHPUR,NORTH,HP,HIMACHAL PRADESH,5
176097,JSG,JSG,JAISINGHPUR,NORTH,HP,HIMACHAL PRADESH,5
176098,JSG,JSG,JAISINGHPUR,NORTH,HP,HIMACHAL PRADESH,5
176101,MRD,MRD,MARANDA,NORTH,HP,HIMACHAL PRADESH,5
176102,MRD,MRD,MARANDA,NORTH,HP,HIMACHAL PRADESH,5
176103,MRD,MRD,MARANDA,NORTH,HP,HIMACHAL PRADESH,5
176107,JSG,JSG,JAISINGHPUR,NORTH,HP,HIMACHAL PRADESH,5
176108,JSG,JSG,JAISINGHPUR,NORTH,HP,HIMACHAL PRADESH,5
176109,JSG,JSG,JAISINGHPUR,NORTH,HP,HIMACHAL PRADESH,5
176110,JSG,JSG,JAISINGHPUR,NORTH,HP,HIMACHAL PRADESH,5
176111,JSG,JSG,JAISINGHPUR,NORTH,HP,HIMACHAL PRADESH,5
176115,BJT,BJT,BAIJNATH,NORTH,HP,HIMACHAL PRADESH,5
176125,BJT,BJT,BAIJNATH,NORTH,HP,HIMACHAL PRADESH,5
176128,BJT,BJT,BAIJNATH,NORTH,HP,HIMACHAL PRADESH,5
176201,NUR,NUR,NURPUR,NORTH,HP,HIMACHAL PRADESH,5
176202,NUR,NUR,NURPUR,NORTH,HP,HIMACHAL PRADESH,5
176205,KGW,KGW,KANGRA,NORTH,HP,HIMACHAL PRADESH,5
176206,KGW,KGW,KANGRA,NORTH,HP,HIMACHAL PRADESH,5
176208,KGW,KGW,KANGRA,NORTH,HP,HIMACHAL PRADESH,5
176209,KGW,KGW,KANGRA,NORTH,HP,HIMACHAL PRADESH,5
176213,KGW,KGW,KANGRA,NORTH,HP,HIMACHAL PRADESH,5
176214,KGW,KGW,KANGRA,NORTH,HP,HIMACHAL PRADESH,5
176215,DHM,DHM,DHARAMSHALA,NORTH,HP,HIMACHAL PRADESH,5
176216,DHM,DHM,DHARAMSHALA,NORTH,HP,HIMACHAL PRADESH,5
176217,KGW,KGW,KANGRA,NORTH,HP,HIMACHAL PRADESH,5
176218,DHM,DHM,DHARAMSHALA,NORTH,HP,HIMACHAL PRADESH,5
176219,DHM,DHM,DHARAMSHALA,NORTH,HP,HIMACHAL PRADESH,5
176301,DHS,DHS,DALHOUSIE,NORTH,HP,HIMACHAL PRADESH,5
176302,DHS,DHS,DALHOUSIE,NORTH,HP,HIMACHAL PRADESH,5
176303,DHS,DHS,DALHOUSIE,NORTH,HP,HIMACHAL PRADESH,5
176304,DHS,DHS,DALHOUSIE,NORTH,HP,HIMACHAL PRADESH,5
176305,DHS,DHS,DALHOUSIE,NORTH,HP,HIMACHAL PRADESH,5
176306,DHS,DHS,DALHOUSIE,NORTH,HP,HIMACHAL PRADESH,5
176310,CMA,CMA,CHAMBA,NORTH,HP,HIMACHAL PRADESH,5
176314,CMA,CMA,CHAMBA,NORTH,HP,HIMACHAL PRADESH,5
176318,CMA,CMA,CHAMBA,NORTH,HP,HIMACHAL PRADESH,5
176403,THK,THC,PATHANKOT COUNTER,NORTH,PJ,PUNJAB,5
176601,TAH,TAH,TAHLIWAL,NORTH,HP,HIMACHAL PRADESH,5
177001,HMP,HMP,HAMIRPUR,NORTH,HP,HIMACHAL PRADESH,5
177005,HMP,HMP,HAMIRPUR,NORTH,HP,HIMACHAL PRADESH,5
177022,JSG,JSG,JAISINGHPUR,NORTH,HP,HIMACHAL PRADESH,5
177023,SKG,SKG,SARKAGHAT,NORTH,HP,HIMACHAL PRADESH,5
177024,SKG,SKG,SARKAGHAT,NORTH,HP,HIMACHAL PRADESH,5
177025,SKG,SKG,SARKAGHAT,NORTH,HP,HIMACHAL PRADESH,5
177026,MXA,MXA,MEHRE,NORTH,HP,HIMACHAL PRADESH,5
177027,HMP,HMP,HAMIRPUR,NORTH,HP,HIMACHAL PRADESH,5
177028,JSG,JSG,JAISINGHPUR,NORTH,HP,HIMACHAL PRADESH,5
177029,HMP,HMP,HAMIRPUR,NORTH,HP,HIMACHAL PRADESH,5
177033,DXA,DXA,DEHRA,NORTH,HP,HIMACHAL PRADESH,5
177038,DXA,DXA,DEHRA,NORTH,HP,HIMACHAL PRADESH,5
177040,MXA,MXA,MEHRE,NORTH,HP,HIMACHAL PRADESH,5
177041,MXA,MXA,MEHRE,NORTH,HP,HIMACHAL PRADESH,5
177042,DXA,DXA,DEHRA,NORTH,HP,HIMACHAL PRADESH,5
177043,DXA,DXA,DEHRA,NORTH,HP,HIMACHAL PRADESH,5
177044,DXA,DXA,DEHRA,NORTH,HP,HIMACHAL PRADESH,5
177045,DXA,DXA,DEHRA,NORTH,HP,HIMACHAL PRADESH,5
177048,DXA,DXA,DEHRA,NORTH,HP,HIMACHAL PRADESH,5
177101,DXA,DXA,DEHRA,NORTH,HP,HIMACHAL PRADESH,5
177103,DXA,DXA,DEHRA,NORTH,HP,HIMACHAL PRADESH,5
177104,DXA,DXA,DEHRA,NORTH,HP,HIMACHAL PRADESH,5
177105,DXA,DXA,DEHRA,NORTH,HP,HIMACHAL PRADESH,5
177106,DXA,DXA,DEHRA,NORTH,HP,HIMACHAL PRADESH,5
177107,DXA,DXA,DEHRA,NORTH,HP,HIMACHAL PRADESH,5
177108,DXA,DXA,DEHRA,NORTH,HP,HIMACHAL PRADESH,5
177109,DXA,DXA,DEHRA,NORTH,HP,HIMACHAL PRADESH,5
177110,DXA,DXA,DEHRA,NORTH,HP,HIMACHAL PRADESH,5
177113,DXA,DXA,DEHRA,NORTH,HP,HIMACHAL PRADESH,5
177114,DXA,DXA,DEHRA,NORTH,HP,HIMACHAL PRADESH,5
177117,DXA,DXA,DEHRA,NORTH,HP,HIMACHAL PRADESH,5
177201,UMB,UMB,AMB OFFICE,NORTH,HP,HIMACHAL PRADESH,5
177202,UMB,UMB,AMB OFFICE,NORTH,HP,HIMACHAL PRADESH,5
177203,UMB,UMB,AMB OFFICE,NORTH,HP,HIMACHAL PRADESH,5
177204,UMB,UMB,AMB OFFICE,NORTH,HP,HIMACHAL PRADESH,5
177205,UMB,UMB,AMB OFFICE,NORTH,HP,HIMACHAL PRADESH,5
177206,UMB,UMB,AMB OFFICE,NORTH,HP,HIMACHAL PRADESH,5
177207,TAH,TAH,TAHLIWAL,NORTH,HP,HIMACHAL PRADESH,5
177208,UMB,UMB,AMB OFFICE,NORTH,HP,HIMACHAL PRADESH,5
177209,TAH,TAH,TAHLIWAL,NORTH,HP,HIMACHAL PRADESH,5
177210,UMB,UMB,AMB OFFICE,NORTH,HP,HIMACHAL PRADESH,5
177211,UMB,UMB,AMB OFFICE,NORTH,HP,HIMACHAL PRADESH,5
177212,UMB,UMB,AMB OFFICE,NORTH,HP,HIMACHAL PRADESH,5
177213,UMB,UMB,AMB OFFICE,NORTH,HP,HIMACHAL PRADESH,5
177219,UMB,UMB,AMB OFFICE,NORTH,HP,HIMACHAL PRADESH,5
177220,TAH,TAH,TAHLIWAL,NORTH,HP,HIMACHAL PRADESH,5
177301,MXA,MXA,MEHRE,NORTH,HP,HIMACHAL PRADESH,5
177601,SKG,SKG,SARKAGHAT,NORTH,HP,HIMACHAL PRADESH,5
180001,JMU,JMO,JAMMU OUTER AREA,NORTH,JK,JAMMU AND KASHMIR,7
180002,JMU,JMO,JAMMU OUTER AREA,NORTH,JK,JAMMU AND KASHMIR,7
180003,MSB,MSB,MIRAN SAHIB,NORTH,JK,JAMMU AND KASHMIR,7
180004,JMU,JMA,JAMMU ,NORTH,JK,JAMMU AND KASHMIR,7
180005,JMU,JMO,JAMMU OUTER AREA,NORTH,JK,JAMMU AND KASHMIR,7
180006,JMU,JMA,JAMMU ,NORTH,JK,JAMMU AND KASHMIR,7
180007,JMU,JMO,JAMMU OUTER AREA,NORTH,JK,JAMMU AND KASHMIR,7
180010,JMU,JMA,JAMMU ,NORTH,JK,JAMMU AND KASHMIR,7
180011,JMU,JMA,JAMMU ,NORTH,JK,JAMMU AND KASHMIR,7
180012,JMU,JMA,JAMMU ,NORTH,JK,JAMMU AND KASHMIR,7
180013,JMU,JMO,JAMMU OUTER AREA,NORTH,JK,JAMMU AND KASHMIR,7
180015,JMU,JMA,JAMMU ,NORTH,JK,JAMMU AND KASHMIR,7
180016,JMU,JMO,JAMMU OUTER AREA,NORTH,JK,JAMMU AND KASHMIR,7
180017,NTA,NTA,NAGROTAR,NORTH,JK,JAMMU AND KASHMIR,7
180018,JMU,JMO,JAMMU OUTER AREA,NORTH,JK,JAMMU AND KASHMIR,7
180019,NTA,NTA,NAGROTAR,NORTH,JK,JAMMU AND KASHMIR,7
180020,JMU,JMA,JAMMU ,NORTH,JK,JAMMU AND KASHMIR,7
181101,MSB,MSB,MIRAN SAHIB,NORTH,JK,JAMMU AND KASHMIR,7
181102,MSB,MSB,MIRAN SAHIB,NORTH,JK,JAMMU AND KASHMIR,7
181111,MSB,MSB,MIRAN SAHIB,NORTH,JK,JAMMU AND KASHMIR,7
181121,JMU,JMO,JAMMU OUTER AREA,NORTH,JK,JAMMU AND KASHMIR,7
181122,AKH,AKH,AKHNOOR,NORTH,JK,JAMMU AND KASHMIR,7
181123,JMU,JMO,JAMMU OUTER AREA,NORTH,JK,JAMMU AND KASHMIR,7
181124,JMU,JMO,JAMMU OUTER AREA,NORTH,JK,JAMMU AND KASHMIR,7
181132,MSB,MSB,MIRAN SAHIB,NORTH,JK,JAMMU AND KASHMIR,7
181133,VJY,VJY,VIJAYPUR,NORTH,JK,JAMMU AND KASHMIR,7
181134,VJY,VJY,VIJAYPUR,NORTH,JK,JAMMU AND KASHMIR,7
181141,VJY,VJY,VIJAYPUR,NORTH,JK,JAMMU AND KASHMIR,7
181143,VJY,VJY,VIJAYPUR,NORTH,JK,JAMMU AND KASHMIR,7
181145,VJY,VJY,VIJAYPUR,NORTH,JK,JAMMU AND KASHMIR,7
181152,JMU,JMA,JAMMU ,NORTH,JK,JAMMU AND KASHMIR,7
181201,AKH,AKH,AKHNOOR,NORTH,JK,JAMMU AND KASHMIR,7
181202,AKH,AKH,AKHNOOR,NORTH,JK,JAMMU AND KASHMIR,7
181205,JMU,JMO,JAMMU OUTER AREA,NORTH,JK,JAMMU AND KASHMIR,7
181206,AKH,AKH,AKHNOOR,NORTH,JK,JAMMU AND KASHMIR,7
181221,NTA,NTA,NAGROTAR,NORTH,JK,JAMMU AND KASHMIR,7
182101,UDP,UDP,UDHAMPUR,NORTH,JK,JAMMU AND KASHMIR,7
182104,UDP,UDP,UDHAMPUR,NORTH,JK,JAMMU AND KASHMIR,7
182121,UDP,UDP,UDHAMPUR,NORTH,JK,JAMMU AND KASHMIR,7
182122,UDP,UDP,UDHAMPUR,NORTH,JK,JAMMU AND KASHMIR,7
182147,DOD,DOD,DODA,NORTH,JK,JAMMU AND KASHMIR,7
182201,DOD,DOD,DODA,NORTH,JK,JAMMU AND KASHMIR,7
182202,DOD,DOD,DODA,NORTH,JK,JAMMU AND KASHMIR,7
182203,DOD,DOD,DODA,NORTH,JK,JAMMU AND KASHMIR,7
182221,DOD,DOD,DODA,NORTH,JK,JAMMU AND KASHMIR,7
182301,KTC,KTC,KATRA,NORTH,JK,JAMMU AND KASHMIR,7
182311,KTC,KTC,KATRA,NORTH,JK,JAMMU AND KASHMIR,7
182320,KTC,KTC,KATRA,NORTH,JK,JAMMU AND KASHMIR,7
184101,KTU,KTU,KATHUA,NORTH,JK,JAMMU AND KASHMIR,7
184102,KTU,KTU,KATHUA,NORTH,JK,JAMMU AND KASHMIR,7
184104,KTU,KTU,KATHUA,NORTH,JK,JAMMU AND KASHMIR,7
184120,VJY,VJY,VIJAYPUR,NORTH,JK,JAMMU AND KASHMIR,7
184121,SBA,SBA,SAMBA,NORTH,JK,JAMMU AND KASHMIR,7
184141,SBA,SBA,SAMBA,NORTH,JK,JAMMU AND KASHMIR,7
184142,KTU,KTU,KATHUA,NORTH,JK,JAMMU AND KASHMIR,7
184143,KTU,KTU,KATHUA,NORTH,JK,JAMMU AND KASHMIR,7
184144,KTU,KTU,KATHUA,NORTH,JK,JAMMU AND KASHMIR,7
184148,KTU,KTU,KATHUA,NORTH,JK,JAMMU AND KASHMIR,7
184151,KTU,KTU,KATHUA,NORTH,JK,JAMMU AND KASHMIR,7
184152,KTU,KTU,KATHUA,NORTH,JK,JAMMU AND KASHMIR,7
190001,SXI,SXI,OUTER SRINAGAR 2,NORTH,JK,JAMMU AND KASHMIR,7
190002,SXR,SXL,LALCHOWK SERVICE CENTRE,NORTH,JK,JAMMU AND KASHMIR,7
190003,SXR,SXL,LALCHOWK SERVICE CENTRE,NORTH,JK,JAMMU AND KASHMIR,7
190004,SXR,SXL,LALCHOWK SERVICE CENTRE,NORTH,JK,JAMMU AND KASHMIR,7
190005,SXR,SXA,SXR AIRPORT CENTRE,NORTH,JK,JAMMU AND KASHMIR,7
190006,SXR,SXL,LALCHOWK SERVICE CENTRE,NORTH,JK,JAMMU AND KASHMIR,7
190007,SXR,SXA,SXR AIRPORT CENTRE,NORTH,JK,JAMMU AND KASHMIR,7
190008,SXR,SXA,SXR AIRPORT CENTRE,NORTH,JK,JAMMU AND KASHMIR,7
190009,SXR,SXL,LALCHOWK SERVICE CENTRE,NORTH,JK,JAMMU AND KASHMIR,7
190010,SXR,SXL,LALCHOWK SERVICE CENTRE,NORTH,JK,JAMMU AND KASHMIR,7
190011,SXR,SXL,LALCHOWK SERVICE CENTRE,NORTH,JK,JAMMU AND KASHMIR,7
190012,SXR,SXL,LALCHOWK SERVICE CENTRE,NORTH,JK,JAMMU AND KASHMIR,7
190014,SXR,SXA,SXR AIRPORT CENTRE,NORTH,JK,JAMMU AND KASHMIR,7
190015,SXR,SXA,SXR AIRPORT CENTRE,NORTH,JK,JAMMU AND KASHMIR,7
190017,SXR,SXL,LALCHOWK SERVICE CENTRE,NORTH,JK,JAMMU AND KASHMIR,7
190020,SXR,SXL,LALCHOWK SERVICE CENTRE,NORTH,JK,JAMMU AND KASHMIR,7
190023,SXR,SXL,LALCHOWK SERVICE CENTRE,NORTH,JK,JAMMU AND KASHMIR,7
191201,GNL,GNL,GANDERBAL,NORTH,JK,JAMMU AND KASHMIR,7
192101,SXG,SXG,ANANTNAG,NORTH,JK,JAMMU AND KASHMIR,7
192102,SXG,SXG,ANANTNAG,NORTH,JK,JAMMU AND KASHMIR,7
192121,PUL,PUL,PULWAMA,NORTH,JK,JAMMU AND KASHMIR,7
192124,SXG,SXG,ANANTNAG,NORTH,JK,JAMMU AND KASHMIR,7
192125,SXG,SXG,ANANTNAG,NORTH,JK,JAMMU AND KASHMIR,7
192210,SXG,SXG,ANANTNAG,NORTH,JK,JAMMU AND KASHMIR,7
192301,PUL,PUL,PULWAMA,NORTH,JK,JAMMU AND KASHMIR,7
193101,BUU,BUU,BARAMULLA,NORTH,JK,JAMMU AND KASHMIR,7
193103,BUU,BUU,BARAMULLA,NORTH,JK,JAMMU AND KASHMIR,7
193123,BUU,BUU,BARAMULLA,NORTH,JK,JAMMU AND KASHMIR,7
193125,BUU,BUU,BARAMULLA,NORTH,JK,JAMMU AND KASHMIR,7
193202,SPE,SPE,SOPORE,NORTH,JK,JAMMU AND KASHMIR,7
194101,LDK,LDK,LEH LADAKH,NORTH,LA,LEH LADHAK,7
201001,GZB,GBD,GHAZIABAD,NORTH,UP,UTTAR PRADESH,5
201002,GZB,GBD,GHAZIABAD,NORTH,UP,UTTAR PRADESH,5
201003,GZB,GBD,GHAZIABAD,NORTH,UP,UTTAR PRADESH,5
201004,GZB,GGT,GHAZIABAD GT ROAD,NORTH,UP,UTTAR PRADESH,5
201005,GZB,GGT,GHAZIABAD GT ROAD,NORTH,UP,UTTAR PRADESH,5
201006,GZB,GGT,GHAZIABAD GT ROAD,NORTH,UP,UTTAR PRADESH,5
201007,GZB,GGT,GHAZIABAD GT ROAD,NORTH,UP,UTTAR PRADESH,5
201009,GCR,GCR,CROSSING REPUBLIC,NORTH,UP,UTTAR PRADESH,5
201010,GZB,GIP,INDIRAPURAM SERVICECENTRE,NORTH,UP,UTTAR PRADESH,5
201011,GZB,GGT,GHAZIABAD GT ROAD,NORTH,UP,UTTAR PRADESH,5
201012,GZB,GIP,INDIRAPURAM SERVICECENTRE,NORTH,UP,UTTAR PRADESH,5
201013,GZB,GBD,GHAZIABAD,NORTH,UP,UTTAR PRADESH,5
201014,GZB,GIP,INDIRAPURAM SERVICECENTRE,NORTH,UP,UTTAR PRADESH,5
201015,GCR,GCR,CROSSING REPUBLIC,NORTH,UP,UTTAR PRADESH,5
201016,GCR,GCR,CROSSING REPUBLIC,NORTH,UP,UTTAR PRADESH,5
201017,GZB,GBD,GHAZIABAD,NORTH,UP,UTTAR PRADESH,5
201018,GZB,GIP,INDIRAPURAM SERVICECENTRE,NORTH,UP,UTTAR PRADESH,5
201019,GZB,GIP,INDIRAPURAM SERVICECENTRE,NORTH,UP,UTTAR PRADESH,5
201020,GZB,GIP,INDIRAPURAM SERVICECENTRE,NORTH,UP,UTTAR PRADESH,5
201100,NDA,NHR,NOIDA HDFC RTO,NORTH,UP,UTTAR PRADESH,5
201102,GTO,GTO,GHAZIABAD GT RD EXPANSION,NORTH,UP,UTTAR PRADESH,5
201103,GTO,GTO,GHAZIABAD GT RD EXPANSION,NORTH,UP,UTTAR PRADESH,5
201201,MDN,MDN,MODINAGAR,NORTH,UP,UTTAR PRADESH,5
201204,MDN,MDN,MODINAGAR,NORTH,UP,UTTAR PRADESH,5
201206,MDN,MDN,MODINAGAR,NORTH,UP,UTTAR PRADESH,5
201301,NDA,NDO,NOIDA SECTOR 16,NORTH,UP,UTTAR PRADESH,5
201303,NDA,NDO,NOIDA SECTOR 16,NORTH,UP,UTTAR PRADESH,5
201304,NDA,NGN,GREATER NOIDA,NORTH,UP,UTTAR PRADESH,5
201305,NDA,NGN,GREATER NOIDA,NORTH,UP,UTTAR PRADESH,5
201306,NDA,GCT,GAUR CITY OFFICE,NORTH,UP,UTTAR PRADESH,5
201307,NDA,NDI,NOIDA SECTOR 63,NORTH,UP,UTTAR PRADESH,5
201308,GNO,GNO,GREATER NOIDA,NORTH,UP,UTTAR PRADESH,5
201309,NDA,NDI,NOIDA SECTOR 63,NORTH,UP,UTTAR PRADESH,5
201310,GNO,GNO,GREATER NOIDA,NORTH,UP,UTTAR PRADESH,5
201311,NDA,NGN,GREATER NOIDA,NORTH,UP,UTTAR PRADESH,5
201312,GNO,GNO,GREATER NOIDA,NORTH,UP,UTTAR PRADESH,5
201313,NDA,NGN,GREATER NOIDA,NORTH,UP,UTTAR PRADESH,5
201314,DRI,DRI,DADRI,NORTH,UP,UTTAR PRADESH,5
201315,GNZ,GNZ,ZEWAR,NORTH,UP,UTTAR PRADESH,5
201316,GNZ,GNZ,ZEWAR,NORTH,UP,UTTAR PRADESH,5
201317,GNZ,GNZ,ZEWAR,NORTH,UP,UTTAR PRADESH,5
201318,GNZ,GNZ,ZEWAR,NORTH,UP,UTTAR PRADESH,5
202001,ALI,ALA,ALIGARH,NORTH,UP,UTTAR PRADESH,5
202002,ALI,ALA,ALIGARH,NORTH,UP,UTTAR PRADESH,5
202124,ALI,ALA,ALIGARH,NORTH,UP,UTTAR PRADESH,5
202125,ALI,ALA,ALIGARH,NORTH,UP,UTTAR PRADESH,5
202127,ALI,ALA,ALIGARH,NORTH,UP,UTTAR PRADESH,5
202130,ALI,ALA,ALIGARH,NORTH,UP,UTTAR PRADESH,5
202138,ALI,ALA,ALIGARH,NORTH,UP,UTTAR PRADESH,5
202145,ALI,ALA,ALIGARH,NORTH,UP,UTTAR PRADESH,5
202280,ALI,ALA,ALIGARH,NORTH,UP,UTTAR PRADESH,5
203001,BSR,BSR,BULANDSHAHAR,NORTH,UP,UTTAR PRADESH,5
203002,BSR,BSR,BULANDSHAHAR,NORTH,UP,UTTAR PRADESH,5
203131,BSR,BSR,BULANDSHAHAR,NORTH,UP,UTTAR PRADESH,5
203132,BSR,BSR,BULANDSHAHAR,NORTH,UP,UTTAR PRADESH,5
203135,GNZ,GNZ,ZEWAR,NORTH,UP,UTTAR PRADESH,5
203150,BSR,BSR,BULANDSHAHAR,NORTH,UP,UTTAR PRADESH,5
203201,GNZ,GNZ,ZEWAR,NORTH,UP,UTTAR PRADESH,5
203202,GNO,GNO,GREATER NOIDA,NORTH,UP,UTTAR PRADESH,5
203203,SKC,SKC,SIKANDRABAD EXPANSION,NORTH,UP,UTTAR PRADESH,5
203205,SKB,SKB,SIKANDRABAD,NORTH,UP,UTTAR PRADESH,5
203206,SKC,SKC,SIKANDRABAD EXPANSION,NORTH,UP,UTTAR PRADESH,5
203207,DRI,DRI,DADRI,NORTH,UP,UTTAR PRADESH,5
203209,GNZ,GNZ,ZEWAR,NORTH,UP,UTTAR PRADESH,5
203389,BSR,BSR,BULANDSHAHAR,NORTH,UP,UTTAR PRADESH,5
203390,BSR,BSR,BULANDSHAHAR,NORTH,UP,UTTAR PRADESH,5
203393,BSR,BSR,BULANDSHAHAR,NORTH,UP,UTTAR PRADESH,5
203394,BSR,BSR,BULANDSHAHAR,NORTH,UP,UTTAR PRADESH,5
203395,BSR,BSR,BULANDSHAHAR,NORTH,UP,UTTAR PRADESH,5
203401,BSR,BSR,BULANDSHAHAR,NORTH,UP,UTTAR PRADESH,5
203408,HPU,HPU,HAPUR,NORTH,UP,UTTAR PRADESH,5
203411,BSR,BSR,BULANDSHAHAR,NORTH,UP,UTTAR PRADESH,5
203412,BSR,BSR,BULANDSHAHAR,NORTH,UP,UTTAR PRADESH,5
204101,HRS,HRS,HATHRAS,NORTH,UP,UTTAR PRADESH,5
204213,HTR,HTR,HATHRAS,NORTH,UP,UTTAR PRADESH,5
204215,ALI,ALA,ALIGARH,NORTH,UP,UTTAR PRADESH,5
204216,HTR,HTR,HATHRAS,NORTH,UP,UTTAR PRADESH,5
205001,MNI,MNI,MAINPURI,NORTH,UP,UTTAR PRADESH,5
205121,MNI,MNI,MAINPURI,NORTH,UP,UTTAR PRADESH,5
205261,MNI,MNI,MAINPURI,NORTH,UP,UTTAR PRADESH,5
205262,MNI,MNI,MAINPURI,NORTH,UP,UTTAR PRADESH,5
205264,MNI,MNI,MAINPURI,NORTH,UP,UTTAR PRADESH,5
205265,MNI,MNI,MAINPURI,NORTH,UP,UTTAR PRADESH,5
205301,MNI,MNI,MAINPURI,NORTH,UP,UTTAR PRADESH,5
205303,MNI,MNI,MAINPURI,NORTH,UP,UTTAR PRADESH,5
206001,ETW,ETW,ETAWAH,NORTH,UP,UTTAR PRADESH,5
206002,ETW,ETW,ETAWAH,NORTH,UP,UTTAR PRADESH,5
206003,ETW,ETW,ETAWAH,NORTH,UP,UTTAR PRADESH,5
206120,ETW,ETW,ETAWAH,NORTH,UP,UTTAR PRADESH,5
206121,ARY,ARY,AURAIYA,NORTH,UP,UTTAR PRADESH,5
206122,ARY,ARY,AURAIYA,NORTH,UP,UTTAR PRADESH,5
206123,ETW,ETW,ETAWAH,NORTH,UP,UTTAR PRADESH,5
206124,ETW,ETW,ETAWAH,NORTH,UP,UTTAR PRADESH,5
206125,ETW,ETW,ETAWAH,NORTH,UP,UTTAR PRADESH,5
206126,ETW,ETW,ETAWAH,NORTH,UP,UTTAR PRADESH,5
206127,ETW,ETW,ETAWAH,NORTH,UP,UTTAR PRADESH,5
206128,ETW,ETW,ETAWAH,NORTH,UP,UTTAR PRADESH,5
206129,ARY,ARY,AURAIYA,NORTH,UP,UTTAR PRADESH,5
206130,ETW,ETW,ETAWAH,NORTH,UP,UTTAR PRADESH,5
206131,ETW,ETW,ETAWAH,NORTH,UP,UTTAR PRADESH,5
206241,ARY,ARY,AURAIYA,NORTH,UP,UTTAR PRADESH,5
206242,ETW,ETW,ETAWAH,NORTH,UP,UTTAR PRADESH,5
206243,ARY,ARY,AURAIYA,NORTH,UP,UTTAR PRADESH,5
206244,ARY,ARY,AURAIYA,NORTH,UP,UTTAR PRADESH,5
206245,ETW,ETW,ETAWAH,NORTH,UP,UTTAR PRADESH,5
206246,ARY,ARY,AURAIYA,NORTH,UP,UTTAR PRADESH,5
206247,ARY,ARY,AURAIYA,NORTH,UP,UTTAR PRADESH,5
206249,ARY,ARY,AURAIYA,NORTH,UP,UTTAR PRADESH,5
206252,ARY,ARY,AURAIYA,NORTH,UP,UTTAR PRADESH,5
206253,ETW,ETW,ETAWAH,NORTH,UP,UTTAR PRADESH,5
207001,ETA,ETA,ETAH,NORTH,UP,UTTAR PRADESH,5
208001,KNP,KAO,KANPUR AREA OFFICE,NORTH,UP,UTTAR PRADESH,5
208002,KNP,KAO,KANPUR AREA OFFICE,NORTH,UP,UTTAR PRADESH,5
208003,KNP,KAO,KANPUR AREA OFFICE,NORTH,UP,UTTAR PRADESH,5
208004,KNP,KAO,KANPUR AREA OFFICE,NORTH,UP,UTTAR PRADESH,5
208005,KNP,SWC,SWAROOP NAGAR COUNTER,NORTH,UP,UTTAR PRADESH,5
208006,KNP,KAO,KANPUR AREA OFFICE,NORTH,UP,UTTAR PRADESH,5
208007,KNP,KAO,KANPUR AREA OFFICE,NORTH,UP,UTTAR PRADESH,5
208008,KNP,KAO,KANPUR AREA OFFICE,NORTH,UP,UTTAR PRADESH,5
208009,KNP,KNS,KANPUR OFFICE,NORTH,UP,UTTAR PRADESH,5
208010,KNP,KAO,KANPUR AREA OFFICE,NORTH,UP,UTTAR PRADESH,5
208011,KNP,KAO,KANPUR AREA OFFICE,NORTH,UP,UTTAR PRADESH,5
208012,KNP,KAO,KANPUR AREA OFFICE,NORTH,UP,UTTAR PRADESH,5
208013,KNP,KAO,KANPUR AREA OFFICE,NORTH,UP,UTTAR PRADESH,5
208014,KNP,KNS,KANPUR OFFICE,NORTH,UP,UTTAR PRADESH,5
208015,KNP,KAO,KANPUR AREA OFFICE,NORTH,UP,UTTAR PRADESH,5
208016,KNP,SWC,SWAROOP NAGAR COUNTER,NORTH,UP,UTTAR PRADESH,5
208017,KNP,SWC,SWAROOP NAGAR COUNTER,NORTH,UP,UTTAR PRADESH,5
208018,KNP,SWC,SWAROOP NAGAR COUNTER,NORTH,UP,UTTAR PRADESH,5
208019,KNP,SWC,SWAROOP NAGAR COUNTER,NORTH,UP,UTTAR PRADESH,5
208020,KNP,KNS,KANPUR OFFICE,NORTH,UP,UTTAR PRADESH,5
208021,KNP,KAO,KANPUR AREA OFFICE,NORTH,UP,UTTAR PRADESH,5
208022,KNP,KNS,KANPUR OFFICE,NORTH,UP,UTTAR PRADESH,5
208023,KNP,KAO,KANPUR AREA OFFICE,NORTH,UP,UTTAR PRADESH,5
208024,KNP,SWC,SWAROOP NAGAR COUNTER,NORTH,UP,UTTAR PRADESH,5
208025,KNP,SWC,SWAROOP NAGAR COUNTER,NORTH,UP,UTTAR PRADESH,5
208026,KNP,SWC,SWAROOP NAGAR COUNTER,NORTH,UP,UTTAR PRADESH,5
208027,KNP,KNS,KANPUR OFFICE,NORTH,UP,UTTAR PRADESH,5
209101,AKB,AKB,AKBARPUR KANPUR DEHAT,NORTH,UP,UTTAR PRADESH,5
209111,AKB,AKB,AKBARPUR KANPUR DEHAT,NORTH,UP,UTTAR PRADESH,5
209112,AKB,AKB,AKBARPUR KANPUR DEHAT,NORTH,UP,UTTAR PRADESH,5
209115,AKB,AKB,AKBARPUR KANPUR DEHAT,NORTH,UP,UTTAR PRADESH,5
209121,AKB,AKB,AKBARPUR KANPUR DEHAT,NORTH,UP,UTTAR PRADESH,5
209125,AKB,AKB,AKBARPUR KANPUR DEHAT,NORTH,UP,UTTAR PRADESH,5
209202,KNF,KNF,KANNUAJ,NORTH,UP,UTTAR PRADESH,5
209203,KBF,KBF,CHAUBEPUR,NORTH,UP,UTTAR PRADESH,5
209204,KNE,KNE,KANPUR EXPANSION,NORTH,UP,UTTAR PRADESH,5
209205,KBF,KBF,CHAUBEPUR,NORTH,UP,UTTAR PRADESH,5
209206,KNP,KNS,KANPUR OFFICE,NORTH,UP,UTTAR PRADESH,5
209214,KNP,KNS,KANPUR OFFICE,NORTH,UP,UTTAR PRADESH,5
209217,KBF,KBF,CHAUBEPUR,NORTH,UP,UTTAR PRADESH,5
209302,AKB,AKB,AKBARPUR KANPUR DEHAT,NORTH,UP,UTTAR PRADESH,5
209303,AKB,AKB,AKBARPUR KANPUR DEHAT,NORTH,UP,UTTAR PRADESH,5
209304,KBF,KBF,CHAUBEPUR,NORTH,UP,UTTAR PRADESH,5
209305,KNP,KNS,KANPUR OFFICE,NORTH,UP,UTTAR PRADESH,5
209306,KNE,KNE,KANPUR EXPANSION,NORTH,UP,UTTAR PRADESH,5
209307,AKB,AKB,AKBARPUR KANPUR DEHAT,NORTH,UP,UTTAR PRADESH,5
209310,AKB,AKB,AKBARPUR KANPUR DEHAT,NORTH,UP,UTTAR PRADESH,5
209311,AKB,AKB,AKBARPUR KANPUR DEHAT,NORTH,UP,UTTAR PRADESH,5
209401,KNE,KNE,KANPUR EXPANSION,NORTH,UP,UTTAR PRADESH,5
209402,KNE,KNE,KANPUR EXPANSION,NORTH,UP,UTTAR PRADESH,5
209501,FOU,FOU,FARRUKHABAD OFFICE,NORTH,UP,UTTAR PRADESH,5
209502,FOU,FOU,FARRUKHABAD OFFICE,NORTH,UP,UTTAR PRADESH,5
209503,FOU,FOU,FARRUKHABAD OFFICE,NORTH,UP,UTTAR PRADESH,5
209601,FOU,FOU,FARRUKHABAD OFFICE,NORTH,UP,UTTAR PRADESH,5
209602,FOU,FOU,FARRUKHABAD OFFICE,NORTH,UP,UTTAR PRADESH,5
209621,FOU,FOU,FARRUKHABAD OFFICE,NORTH,UP,UTTAR PRADESH,5
209622,FOU,FOU,FARRUKHABAD OFFICE,NORTH,UP,UTTAR PRADESH,5
209624,FOU,FOU,FARRUKHABAD OFFICE,NORTH,UP,UTTAR PRADESH,5
209625,FOU,FOU,FARRUKHABAD OFFICE,NORTH,UP,UTTAR PRADESH,5
209651,FOU,FOU,FARRUKHABAD OFFICE,NORTH,UP,UTTAR PRADESH,5
209652,FOU,FOU,FARRUKHABAD OFFICE,NORTH,UP,UTTAR PRADESH,5
209721,KNF,KNF,KANNUAJ,NORTH,UP,UTTAR PRADESH,5
209722,KNF,KNF,KANNUAJ,NORTH,UP,UTTAR PRADESH,5
209723,KNF,KNF,KANNUAJ,NORTH,UP,UTTAR PRADESH,5
209724,FOU,FOU,FARRUKHABAD OFFICE,NORTH,UP,UTTAR PRADESH,5
209725,KNJ,KNJ,KANNAUJ,NORTH,UP,UTTAR PRADESH,5
209726,KNJ,KNJ,KANNAUJ,NORTH,UP,UTTAR PRADESH,5
209727,KNJ,KNJ,KANNAUJ,NORTH,UP,UTTAR PRADESH,5
209728,KNF,KNF,KANNUAJ,NORTH,UP,UTTAR PRADESH,5
209729,KNF,KNF,KANNUAJ,NORTH,UP,UTTAR PRADESH,5
209731,KNF,KNF,KANNUAJ,NORTH,UP,UTTAR PRADESH,5
209732,KNF,KNF,KANNUAJ,NORTH,UP,UTTAR PRADESH,5
209733,KNF,KNF,KANNUAJ,NORTH,UP,UTTAR PRADESH,5
209739,FOU,FOU,FARRUKHABAD OFFICE,NORTH,UP,UTTAR PRADESH,5
209743,FOU,FOU,FARRUKHABAD OFFICE,NORTH,UP,UTTAR PRADESH,5
209801,UNC,UNC,UNNAO,NORTH,UP,UTTAR PRADESH,5
209821,UNC,UNC,UNNAO,NORTH,UP,UTTAR PRADESH,5
209825,UNC,UNC,UNNAO,NORTH,UP,UTTAR PRADESH,5
209827,UNC,UNC,UNNAO,NORTH,UP,UTTAR PRADESH,5
209831,UNC,UNC,UNNAO,NORTH,UP,UTTAR PRADESH,5
209841,UNC,UNC,UNNAO,NORTH,UP,UTTAR PRADESH,5
209859,UNC,UNC,UNNAO,NORTH,UP,UTTAR PRADESH,5
209861,KNP,KAO,KANPUR AREA OFFICE,NORTH,UP,UTTAR PRADESH,5
209862,UNC,UNC,UNNAO,NORTH,UP,UTTAR PRADESH,5
209863,UNC,UNC,UNNAO,NORTH,UP,UTTAR PRADESH,5
209865,UNC,UNC,UNNAO,NORTH,UP,UTTAR PRADESH,5
209866,UNC,UNC,UNNAO,NORTH,UP,UTTAR PRADESH,5
209867,UNC,UNC,UNNAO,NORTH,UP,UTTAR PRADESH,5
209868,UNC,UNC,UNNAO,NORTH,UP,UTTAR PRADESH,5
209871,UNC,UNC,UNNAO,NORTH,UP,UTTAR PRADESH,5
210001,BND,BND,BANDA,NORTH,UP,UTTAR PRADESH,5
210010,ALB,ALB,ALLAHABAD EXPANSION,NORTH,UP,UTTAR PRADESH,5
210129,CKT,CKT,CHITRAKOOT,NORTH,UP,UTTAR PRADESH,5
210201,CKT,CKT,CHITRAKOOT,NORTH,UP,UTTAR PRADESH,5
210204,CKT,CKT,CHITRAKOOT,NORTH,UP,UTTAR PRADESH,5
210205,CKT,CKT,CHITRAKOOT,NORTH,UP,UTTAR PRADESH,5
210206,CKT,CKT,CHITRAKOOT,NORTH,UP,UTTAR PRADESH,5
210207,CKT,CKT,CHITRAKOOT,NORTH,UP,UTTAR PRADESH,5
210208,CKT,CKT,CHITRAKOOT,NORTH,UP,UTTAR PRADESH,5
210209,CKT,CKT,CHITRAKOOT,NORTH,UP,UTTAR PRADESH,5
210301,HMR,HMR,HAMIRPUR,NORTH,UP,UTTAR PRADESH,5
210341,HMR,HMR,HAMIRPUR,NORTH,UP,UTTAR PRADESH,5
210421,MOB,MOB,MAHOBA,NORTH,UP,UTTAR PRADESH,5
210423,MOB,MOB,MAHOBA,NORTH,UP,UTTAR PRADESH,5
210424,MOB,MOB,MAHOBA,NORTH,UP,UTTAR PRADESH,5
210425,MOB,MOB,MAHOBA,NORTH,UP,UTTAR PRADESH,5
210426,MOB,MOB,MAHOBA,NORTH,UP,UTTAR PRADESH,5
210427,MOB,MOB,MAHOBA,NORTH,UP,UTTAR PRADESH,5
210429,MOB,MOB,MAHOBA,NORTH,UP,UTTAR PRADESH,5
210431,MOB,MOB,MAHOBA,NORTH,UP,UTTAR PRADESH,5
210501,HMR,HMR,HAMIRPUR,NORTH,UP,UTTAR PRADESH,5
210502,HMR,HMR,HAMIRPUR,NORTH,UP,UTTAR PRADESH,5
210504,HMR,HMR,HAMIRPUR,NORTH,UP,UTTAR PRADESH,5
210505,HMR,HMR,HAMIRPUR,NORTH,UP,UTTAR PRADESH,5
210506,HMR,HMR,HAMIRPUR,NORTH,UP,UTTAR PRADESH,5
210507,HMR,HMR,HAMIRPUR,NORTH,UP,UTTAR PRADESH,5
211001,ALL,ALL,PRAYAGRAJ,NORTH,UP,UTTAR PRADESH,5
211002,ALL,ALL,PRAYAGRAJ,NORTH,UP,UTTAR PRADESH,5
211003,ALL,ALL,PRAYAGRAJ,NORTH,UP,UTTAR PRADESH,5
211004,ALL,ALL,PRAYAGRAJ,NORTH,UP,UTTAR PRADESH,5
211005,ALL,ALL,PRAYAGRAJ,NORTH,UP,UTTAR PRADESH,5
211006,ALL,ALL,PRAYAGRAJ,NORTH,UP,UTTAR PRADESH,5
211007,ALL,ALL,PRAYAGRAJ,NORTH,UP,UTTAR PRADESH,5
211008,ALL,ALL,PRAYAGRAJ,NORTH,UP,UTTAR PRADESH,5
211009,ALL,ALL,PRAYAGRAJ,NORTH,UP,UTTAR PRADESH,5
211010,ALL,ALL,PRAYAGRAJ,NORTH,UP,UTTAR PRADESH,5
211011,ALL,ALL,PRAYAGRAJ,NORTH,UP,UTTAR PRADESH,5
211012,ALL,ALL,PRAYAGRAJ,NORTH,UP,UTTAR PRADESH,5
211013,ALL,ALL,PRAYAGRAJ,NORTH,UP,UTTAR PRADESH,5
211014,ALL,ALL,PRAYAGRAJ,NORTH,UP,UTTAR PRADESH,5
211015,ALL,ALL,PRAYAGRAJ,NORTH,UP,UTTAR PRADESH,5
211016,ALL,ALL,PRAYAGRAJ,NORTH,UP,UTTAR PRADESH,5
211017,ALL,ALL,PRAYAGRAJ,NORTH,UP,UTTAR PRADESH,5
211018,ALL,ALL,PRAYAGRAJ,NORTH,UP,UTTAR PRADESH,5
211019,ALL,ALL,PRAYAGRAJ,NORTH,UP,UTTAR PRADESH,5
212105,ALB,ALB,ALLAHABAD EXPANSION,NORTH,UP,UTTAR PRADESH,5
212201,KSB,KSB,KAUSHAMBI,NORTH,UP,UTTAR PRADESH,5
212202,KSB,KSB,KAUSHAMBI,NORTH,UP,UTTAR PRADESH,5
212203,KSB,KSB,KAUSHAMBI,NORTH,UP,UTTAR PRADESH,5
212205,KSB,KSB,KAUSHAMBI,NORTH,UP,UTTAR PRADESH,5
212206,KSB,KSB,KAUSHAMBI,NORTH,UP,UTTAR PRADESH,5
212207,KSB,KSB,KAUSHAMBI,NORTH,UP,UTTAR PRADESH,5
212212,ALB,ALB,ALLAHABAD EXPANSION,NORTH,UP,UTTAR PRADESH,5
212213,KSB,KSB,KAUSHAMBI,NORTH,UP,UTTAR PRADESH,5
212217,KSB,KSB,KAUSHAMBI,NORTH,UP,UTTAR PRADESH,5
212301,ALL,ALL,PRAYAGRAJ,NORTH,UP,UTTAR PRADESH,5
212405,ALB,ALB,ALLAHABAD EXPANSION,NORTH,UP,UTTAR PRADESH,5
212601,FHP,FHP,FATEHPUR,NORTH,UP,UTTAR PRADESH,5
212620,FHP,FHP,FATEHPUR,NORTH,UP,UTTAR PRADESH,5
212622,FHP,FHP,FATEHPUR,NORTH,UP,UTTAR PRADESH,5
212635,FHP,FHP,FATEHPUR,NORTH,UP,UTTAR PRADESH,5
212651,FHP,FHP,FATEHPUR,NORTH,UP,UTTAR PRADESH,5
212652,FHP,FHP,FATEHPUR,NORTH,UP,UTTAR PRADESH,5
212655,FHP,FHP,FATEHPUR,NORTH,UP,UTTAR PRADESH,5
212657,FHP,FHP,FATEHPUR,NORTH,UP,UTTAR PRADESH,5
212663,FHP,FHP,FATEHPUR,NORTH,UP,UTTAR PRADESH,5
212664,FHP,FHP,FATEHPUR,NORTH,UP,UTTAR PRADESH,5
212665,FHP,FHP,FATEHPUR,NORTH,UP,UTTAR PRADESH,5
221001,VRS,VRN,VARANASI,NORTH,UP,UTTAR PRADESH,5
221002,VRS,VCF,SARNATH,NORTH,UP,UTTAR PRADESH,5
221003,VRS,VCF,SARNATH,NORTH,UP,UTTAR PRADESH,5
221004,VRS,VRN,VARANASI,NORTH,UP,UTTAR PRADESH,5
221005,VRS,VRN,VARANASI,NORTH,UP,UTTAR PRADESH,5
221006,VRS,VCF,SARNATH,NORTH,UP,UTTAR PRADESH,5
221007,VRS,VCF,SARNATH,NORTH,UP,UTTAR PRADESH,5
221008,MGS,MGS,MUGHALSARAI,NORTH,UP,UTTAR PRADESH,5
221010,VRS,VRN,VARANASI,NORTH,UP,UTTAR PRADESH,5
221011,VRS,VRN,VARANASI,NORTH,UP,UTTAR PRADESH,5
221012,VRS,VCF,SARNATH,NORTH,UP,UTTAR PRADESH,5
221101,VRS,VCF,SARNATH,NORTH,UP,UTTAR PRADESH,5
221103,VRS,VRN,VARANASI,NORTH,UP,UTTAR PRADESH,5
221105,VRS,VCF,SARNATH,NORTH,UP,UTTAR PRADESH,5
221106,VRS,VRN,VARANASI,NORTH,UP,UTTAR PRADESH,5
221107,VRS,VRN,VARANASI,NORTH,UP,UTTAR PRADESH,5
221108,VRS,VRN,VARANASI,NORTH,UP,UTTAR PRADESH,5
221109,VRS,VRN,VARANASI,NORTH,UP,UTTAR PRADESH,5
221301,GBF,GBF,BHADOHI REACH,NORTH,UP,UTTAR PRADESH,5
221302,VRS,VRN,VARANASI,NORTH,UP,UTTAR PRADESH,5
221303,BDH,BDH,BHADOHI,NORTH,UP,UTTAR PRADESH,5
221304,GBF,GBF,BHADOHI REACH,NORTH,UP,UTTAR PRADESH,5
221306,BDH,BDH,BHADOHI,NORTH,UP,UTTAR PRADESH,5
221308,GBF,GBF,BHADOHI REACH,NORTH,UP,UTTAR PRADESH,5
221310,GBF,GBF,BHADOHI REACH,NORTH,UP,UTTAR PRADESH,5
221314,GBF,GBF,BHADOHI REACH,NORTH,UP,UTTAR PRADESH,5
221401,BDH,BDH,BHADOHI,NORTH,UP,UTTAR PRADESH,5
221402,GBF,GBF,BHADOHI REACH,NORTH,UP,UTTAR PRADESH,5
221403,GBF,GBF,BHADOHI REACH,NORTH,UP,UTTAR PRADESH,5
221404,GBF,GBF,BHADOHI REACH,NORTH,UP,UTTAR PRADESH,5
221406,GBF,GBF,BHADOHI REACH,NORTH,UP,UTTAR PRADESH,5
221409,GBF,GBF,BHADOHI REACH,NORTH,UP,UTTAR PRADESH,5
221503,ALL,ALL,PRAYAGRAJ,NORTH,UP,UTTAR PRADESH,5
221701,BLX,BLX,BALLIA,NORTH,UP,UTTAR PRADESH,5
221711,BLX,BLX,BALLIA,NORTH,UP,UTTAR PRADESH,5
221712,BLX,BLX,BALLIA,NORTH,UP,UTTAR PRADESH,5
221713,BLX,BLX,BALLIA,NORTH,UP,UTTAR PRADESH,5
221717,BLX,BLX,BALLIA,NORTH,UP,UTTAR PRADESH,5
222001,JPX,JPX,JAUNPUR,NORTH,UP,UTTAR PRADESH,5
222002,JPX,JPX,JAUNPUR,NORTH,UP,UTTAR PRADESH,5
222109,JPX,JPX,JAUNPUR,NORTH,UP,UTTAR PRADESH,5
222125,JPX,JPX,JAUNPUR,NORTH,UP,UTTAR PRADESH,5
222129,JPX,JPX,JAUNPUR,NORTH,UP,UTTAR PRADESH,5
222131,JPX,JPX,JAUNPUR,NORTH,UP,UTTAR PRADESH,5
222132,JPX,JPX,JAUNPUR,NORTH,UP,UTTAR PRADESH,5
222136,JPX,JPX,JAUNPUR,NORTH,UP,UTTAR PRADESH,5
222139,JPX,JPX,JAUNPUR,NORTH,UP,UTTAR PRADESH,5
222142,JPX,JPX,JAUNPUR,NORTH,UP,UTTAR PRADESH,5
222143,JPX,JPX,JAUNPUR,NORTH,UP,UTTAR PRADESH,5
222161,JPX,JPX,JAUNPUR,NORTH,UP,UTTAR PRADESH,5
222170,JPX,JPX,JAUNPUR,NORTH,UP,UTTAR PRADESH,5
222180,JPX,JPX,JAUNPUR,NORTH,UP,UTTAR PRADESH,5
222201,JPX,JPX,JAUNPUR,NORTH,UP,UTTAR PRADESH,5
222203,GBF,GBF,BHADOHI REACH,NORTH,UP,UTTAR PRADESH,5
222302,STF,STF,SULTANPUR,NORTH,UP,UTTAR PRADESH,5
223101,JPX,JPX,JAUNPUR,NORTH,UP,UTTAR PRADESH,5
223223,AZG,AZG,AZAMGARH,NORTH,UP,UTTAR PRADESH,5
224001,FBF,FBF,FAIZABAD,NORTH,UP,UTTAR PRADESH,5
224120,FBF,FBF,FAIZABAD,NORTH,UP,UTTAR PRADESH,5
224122,TDA,TDA,TANDA,NORTH,UP,UTTAR PRADESH,5
224123,FBF,FBF,FAIZABAD,NORTH,UP,UTTAR PRADESH,5
224127,FBF,FBF,FAIZABAD,NORTH,UP,UTTAR PRADESH,5
224129,TDA,TDA,TANDA,NORTH,UP,UTTAR PRADESH,5
224133,FBF,FBF,FAIZABAD,NORTH,UP,UTTAR PRADESH,5
224135,FBF,FBF,FAIZABAD,NORTH,UP,UTTAR PRADESH,5
224141,FBF,FBF,FAIZABAD,NORTH,UP,UTTAR PRADESH,5
224143,TDA,TDA,TANDA,NORTH,UP,UTTAR PRADESH,5
224145,TDA,TDA,TANDA,NORTH,UP,UTTAR PRADESH,5
224149,TDA,TDA,TANDA,NORTH,UP,UTTAR PRADESH,5
224155,TDA,TDA,TANDA,NORTH,UP,UTTAR PRADESH,5
224158,FBF,FBF,FAIZABAD,NORTH,UP,UTTAR PRADESH,5
224164,FBF,FBF,FAIZABAD,NORTH,UP,UTTAR PRADESH,5
224188,FBF,FBF,FAIZABAD,NORTH,UP,UTTAR PRADESH,5
224190,TDA,TDA,TANDA,NORTH,UP,UTTAR PRADESH,5
224201,FBF,FBF,FAIZABAD,NORTH,UP,UTTAR PRADESH,5
224206,FBF,FBF,FAIZABAD,NORTH,UP,UTTAR PRADESH,5
224207,FBF,FBF,FAIZABAD,NORTH,UP,UTTAR PRADESH,5
224209,FBF,FBF,FAIZABAD,NORTH,UP,UTTAR PRADESH,5
224229,FBF,FBF,FAIZABAD,NORTH,UP,UTTAR PRADESH,5
224238,TDA,TDA,TANDA,NORTH,UP,UTTAR PRADESH,5
225001,BBK,BBR,BARABANKI,NORTH,UP,UTTAR PRADESH,5
225002,BBK,BBR,BARABANKI,NORTH,UP,UTTAR PRADESH,5
225003,BBK,BBE,BARABANKI E-TAIL,NORTH,UP,UTTAR PRADESH,5
225119,BBK,BBE,BARABANKI E-TAIL,NORTH,UP,UTTAR PRADESH,5
225120,BBK,BBE,BARABANKI E-TAIL,NORTH,UP,UTTAR PRADESH,5
225121,BBK,BBE,BARABANKI E-TAIL,NORTH,UP,UTTAR PRADESH,5
225122,BBK,BBE,BARABANKI E-TAIL,NORTH,UP,UTTAR PRADESH,5
225123,BBK,BBE,BARABANKI E-TAIL,NORTH,UP,UTTAR PRADESH,5
225124,BBK,BBE,BARABANKI E-TAIL,NORTH,UP,UTTAR PRADESH,5
225201,BBK,BBE,BARABANKI E-TAIL,NORTH,UP,UTTAR PRADESH,5
225202,BBK,BBE,BARABANKI E-TAIL,NORTH,UP,UTTAR PRADESH,5
225203,BBK,BBE,BARABANKI E-TAIL,NORTH,UP,UTTAR PRADESH,5
225204,BBK,BBE,BARABANKI E-TAIL,NORTH,UP,UTTAR PRADESH,5
225205,BBK,BBE,BARABANKI E-TAIL,NORTH,UP,UTTAR PRADESH,5
225206,BBK,BBE,BARABANKI E-TAIL,NORTH,UP,UTTAR PRADESH,5
225207,BBK,BBE,BARABANKI E-TAIL,NORTH,UP,UTTAR PRADESH,5
225208,BBK,BBE,BARABANKI E-TAIL,NORTH,UP,UTTAR PRADESH,5
225301,BBK,BBE,BARABANKI E-TAIL,NORTH,UP,UTTAR PRADESH,5
225302,BBK,BBE,BARABANKI E-TAIL,NORTH,UP,UTTAR PRADESH,5
225303,BBK,BBE,BARABANKI E-TAIL,NORTH,UP,UTTAR PRADESH,5
225304,BBK,BBE,BARABANKI E-TAIL,NORTH,UP,UTTAR PRADESH,5
225305,BBK,BBE,BARABANKI E-TAIL,NORTH,UP,UTTAR PRADESH,5
225306,BBK,BBE,BARABANKI E-TAIL,NORTH,UP,UTTAR PRADESH,5
225403,BBK,BBE,BARABANKI E-TAIL,NORTH,UP,UTTAR PRADESH,5
225405,BBK,BBE,BARABANKI E-TAIL,NORTH,UP,UTTAR PRADESH,5
225409,BBK,BBE,BARABANKI E-TAIL,NORTH,UP,UTTAR PRADESH,5
225412,BBK,BBE,BARABANKI E-TAIL,NORTH,UP,UTTAR PRADESH,5
225413,BBK,BBE,BARABANKI E-TAIL,NORTH,UP,UTTAR PRADESH,5
225414,BBK,BBE,BARABANKI E-TAIL,NORTH,UP,UTTAR PRADESH,5
225415,BBK,BBE,BARABANKI E-TAIL,NORTH,UP,UTTAR PRADESH,5
226001,LCK,LCH,LUCKNOW SERVICE CENTRE,NORTH,UP,UTTAR PRADESH,5
226002,LCK,LCH,LUCKNOW SERVICE CENTRE,NORTH,UP,UTTAR PRADESH,5
226003,LCK,LCA,LUCKNOW SERVICE CENTRE,NORTH,UP,UTTAR PRADESH,5
226004,LCK,LCA,LUCKNOW SERVICE CENTRE,NORTH,UP,UTTAR PRADESH,5
226005,LCK,LCT,TRANSPORT NAGAR,NORTH,UP,UTTAR PRADESH,5
226006,LCK,LCG,LUCKNOW SERVICE CENTRE,NORTH,UP,UTTAR PRADESH,5
226007,LCK,LCG,LUCKNOW SERVICE CENTRE,NORTH,UP,UTTAR PRADESH,5
226008,LCK,LCT,TRANSPORT NAGAR,NORTH,UP,UTTAR PRADESH,5
226009,LCK,LCT,TRANSPORT NAGAR,NORTH,UP,UTTAR PRADESH,5
226010,LCK,LTG,LUCKNOW TRANS GOMTI,NORTH,UP,UTTAR PRADESH,5
226011,LCK,LCT,TRANSPORT NAGAR,NORTH,UP,UTTAR PRADESH,5
226012,LCK,LCT,TRANSPORT NAGAR,NORTH,UP,UTTAR PRADESH,5
226013,LCK,LCG,LUCKNOW SERVICE CENTRE,NORTH,UP,UTTAR PRADESH,5
226014,LCK,LCT,TRANSPORT NAGAR,NORTH,UP,UTTAR PRADESH,5
226015,LCK,LCG,LUCKNOW SERVICE CENTRE,NORTH,UP,UTTAR PRADESH,5
226016,LCK,LCG,LUCKNOW SERVICE CENTRE,NORTH,UP,UTTAR PRADESH,5
226017,LCK,LCH,LUCKNOW SERVICE CENTRE,NORTH,UP,UTTAR PRADESH,5
226018,LCK,LCA,LUCKNOW SERVICE CENTRE,NORTH,UP,UTTAR PRADESH,5
226019,LCK,LCG,LUCKNOW SERVICE CENTRE,NORTH,UP,UTTAR PRADESH,5
226020,LCK,LCA,LUCKNOW SERVICE CENTRE,NORTH,UP,UTTAR PRADESH,5
226021,LCK,LCG,LUCKNOW SERVICE CENTRE,NORTH,UP,UTTAR PRADESH,5
226022,LCK,LCG,LUCKNOW SERVICE CENTRE,NORTH,UP,UTTAR PRADESH,5
226023,LCK,LCT,TRANSPORT NAGAR,NORTH,UP,UTTAR PRADESH,5
226024,LCK,LCG,LUCKNOW SERVICE CENTRE,NORTH,UP,UTTAR PRADESH,5
226025,LCK,LCT,TRANSPORT NAGAR,NORTH,UP,UTTAR PRADESH,5
226026,LCK,LCG,LUCKNOW SERVICE CENTRE,NORTH,UP,UTTAR PRADESH,5
226027,LCO,LCO,LUCKNOW OFFICE,NORTH,UP,UTTAR PRADESH,5
226028,LCK,LCG,LUCKNOW SERVICE CENTRE,NORTH,UP,UTTAR PRADESH,5
226029,LVF,LVF,TRANSPORT NAGAR REACH,NORTH,UP,UTTAR PRADESH,5
226030,LSF,LSF,LCK TRANS GOMTI REACH,NORTH,UP,UTTAR PRADESH,5
226031,LJF,LJF,LUCKNOW REACH,NORTH,UP,UTTAR PRADESH,5
226101,LCK,LCA,LUCKNOW SERVICE CENTRE,NORTH,UP,UTTAR PRADESH,5
226102,LCZ,LCZ,LUCKNOW EXPANSION,NORTH,UP,UTTAR PRADESH,5
226103,LCZ,LCZ,LUCKNOW EXPANSION,NORTH,UP,UTTAR PRADESH,5
226104,LCZ,LCZ,LUCKNOW EXPANSION,NORTH,UP,UTTAR PRADESH,5
226201,LCK,LCA,LUCKNOW SERVICE CENTRE,NORTH,UP,UTTAR PRADESH,5
226202,LCK,LCA,LUCKNOW SERVICE CENTRE,NORTH,UP,UTTAR PRADESH,5
226203,LCK,LCA,LUCKNOW SERVICE CENTRE,NORTH,UP,UTTAR PRADESH,5
226301,LCK,LCT,TRANSPORT NAGAR,NORTH,UP,UTTAR PRADESH,5
226302,LCY,LCY,LCT EXPANSION,NORTH,UP,UTTAR PRADESH,5
226303,LCY,LCY,LCT EXPANSION,NORTH,UP,UTTAR PRADESH,5
226401,LCK,LCT,TRANSPORT NAGAR,NORTH,UP,UTTAR PRADESH,5
226501,LCK,LCH,LUCKNOW SERVICE CENTRE,NORTH,UP,UTTAR PRADESH,5
227105,LCK,LCG,LUCKNOW SERVICE CENTRE,NORTH,UP,UTTAR PRADESH,5
227405,AMF,AMF,AMETHI,NORTH,UP,UTTAR PRADESH,5
227408,STF,STF,SULTANPUR,NORTH,UP,UTTAR PRADESH,5
227409,AMF,AMF,AMETHI,NORTH,UP,UTTAR PRADESH,5
227411,AMF,AMF,AMETHI,NORTH,UP,UTTAR PRADESH,5
227412,AMF,AMF,AMETHI,NORTH,UP,UTTAR PRADESH,5
227801,AMF,AMF,AMETHI,NORTH,UP,UTTAR PRADESH,5
227805,STF,STF,SULTANPUR,NORTH,UP,UTTAR PRADESH,5
227808,STF,STF,SULTANPUR,NORTH,UP,UTTAR PRADESH,5
227809,AMF,AMF,AMETHI,NORTH,UP,UTTAR PRADESH,5
227812,STF,STF,SULTANPUR,NORTH,UP,UTTAR PRADESH,5
227813,AMF,AMF,AMETHI,NORTH,UP,UTTAR PRADESH,5
227817,AMF,AMF,AMETHI,NORTH,UP,UTTAR PRADESH,5
228001,STF,STF,SULTANPUR,NORTH,UP,UTTAR PRADESH,5
228118,STF,STF,SULTANPUR,NORTH,UP,UTTAR PRADESH,5
228119,STF,STF,SULTANPUR,NORTH,UP,UTTAR PRADESH,5
228125,STF,STF,SULTANPUR,NORTH,UP,UTTAR PRADESH,5
228141,STF,STF,SULTANPUR,NORTH,UP,UTTAR PRADESH,5
228145,STF,STF,SULTANPUR,NORTH,UP,UTTAR PRADESH,5
228155,STF,STF,SULTANPUR,NORTH,UP,UTTAR PRADESH,5
229001,RBX,RBX,RAEBARELI,NORTH,UP,UTTAR PRADESH,5
229010,RBX,RBX,RAEBARELI,NORTH,UP,UTTAR PRADESH,5
229120,RBX,RBX,RAEBARELI,NORTH,UP,UTTAR PRADESH,5
229122,RBX,RBX,RAEBARELI,NORTH,UP,UTTAR PRADESH,5
229124,RBX,RBX,RAEBARELI,NORTH,UP,UTTAR PRADESH,5
229126,RBX,RBX,RAEBARELI,NORTH,UP,UTTAR PRADESH,5
229127,RBX,RBX,RAEBARELI,NORTH,UP,UTTAR PRADESH,5
229129,RBX,RBX,RAEBARELI,NORTH,UP,UTTAR PRADESH,5
229206,RBX,RBX,RAEBARELI,NORTH,UP,UTTAR PRADESH,5
229207,RBX,RBX,RAEBARELI,NORTH,UP,UTTAR PRADESH,5
229301,RBX,RBX,RAEBARELI,NORTH,UP,UTTAR PRADESH,5
229302,RBX,RBX,RAEBARELI,NORTH,UP,UTTAR PRADESH,5
229303,RBX,RBX,RAEBARELI,NORTH,UP,UTTAR PRADESH,5
229304,RBX,RBX,RAEBARELI,NORTH,UP,UTTAR PRADESH,5
229305,RBX,RBX,RAEBARELI,NORTH,UP,UTTAR PRADESH,5
229306,RBX,RBX,RAEBARELI,NORTH,UP,UTTAR PRADESH,5
229307,RBX,RBX,RAEBARELI,NORTH,UP,UTTAR PRADESH,5
229309,RBX,RBX,RAEBARELI,NORTH,UP,UTTAR PRADESH,5
229310,RBX,RBX,RAEBARELI,NORTH,UP,UTTAR PRADESH,5
229316,RBX,RBX,RAEBARELI,NORTH,UP,UTTAR PRADESH,5
229401,RBX,RBX,RAEBARELI,NORTH,UP,UTTAR PRADESH,5
229402,RBX,RBX,RAEBARELI,NORTH,UP,UTTAR PRADESH,5
229404,RBX,RBX,RAEBARELI,NORTH,UP,UTTAR PRADESH,5
229405,RBX,RBX,RAEBARELI,NORTH,UP,UTTAR PRADESH,5
229406,RBX,RBX,RAEBARELI,NORTH,UP,UTTAR PRADESH,5
229801,RBX,RBX,RAEBARELI,NORTH,UP,UTTAR PRADESH,5
230001,PTG,PTG,PRATAPGARH,NORTH,UP,UTTAR PRADESH,5
230002,PTG,PTG,PRATAPGARH,NORTH,UP,UTTAR PRADESH,5
230124,PTG,PTG,PRATAPGARH,NORTH,UP,UTTAR PRADESH,5
230132,PTG,PTG,PRATAPGARH,NORTH,UP,UTTAR PRADESH,5
230135,PTG,PTG,PRATAPGARH,NORTH,UP,UTTAR PRADESH,5
230136,PTG,PTG,PRATAPGARH,NORTH,UP,UTTAR PRADESH,5
230301,PTG,PTG,PRATAPGARH,NORTH,UP,UTTAR PRADESH,5
230304,PTG,PTG,PRATAPGARH,NORTH,UP,UTTAR PRADESH,5
230402,PTG,PTG,PRATAPGARH,NORTH,UP,UTTAR PRADESH,5
230403,PTG,PTG,PRATAPGARH,NORTH,UP,UTTAR PRADESH,5
230501,PTG,PTG,PRATAPGARH,NORTH,UP,UTTAR PRADESH,5
230502,PTG,PTG,PRATAPGARH,NORTH,UP,UTTAR PRADESH,5
230503,PTG,PTG,PRATAPGARH,NORTH,UP,UTTAR PRADESH,5
231001,MRZ,MRZ,MIRZAPUR,NORTH,UP,UTTAR PRADESH,5
231205,ROB,ROB,ROBERTGANJ,NORTH,UP,UTTAR PRADESH,5
231206,ROB,ROB,ROBERTGANJ,NORTH,UP,UTTAR PRADESH,5
231208,RNK,RNK,RENUKOOT,NORTH,UP,UTTAR PRADESH,5
231210,ROB,ROB,ROBERTGANJ,NORTH,UP,UTTAR PRADESH,5
231213,ROB,ROB,ROBERTGANJ,NORTH,UP,UTTAR PRADESH,5
231215,ROB,ROB,ROBERTGANJ,NORTH,UP,UTTAR PRADESH,5
231216,ROB,ROB,ROBERTGANJ,NORTH,UP,UTTAR PRADESH,5
231217,RNK,RNK,RENUKOOT,NORTH,UP,UTTAR PRADESH,5
231218,RNK,RNK,RENUKOOT,NORTH,UP,UTTAR PRADESH,5
231219,RNK,RNK,RENUKOOT,NORTH,UP,UTTAR PRADESH,5
231220,RNK,RNK,RENUKOOT,NORTH,UP,UTTAR PRADESH,5
231221,RNK,RNK,RENUKOOT,NORTH,UP,UTTAR PRADESH,5
231222,RNK,RNK,RENUKOOT,NORTH,UP,UTTAR PRADESH,5
231223,RNK,RNK,RENUKOOT,NORTH,UP,UTTAR PRADESH,5
231225,RNK,RNK,RENUKOOT,NORTH,UP,UTTAR PRADESH,5
231301,ROB,ROB,ROBERTGANJ,NORTH,UP,UTTAR PRADESH,5
231304,MZX,MZX,MIRZAPUR EXPANSION,NORTH,UP,UTTAR PRADESH,5
231305,MGS,MGS,MUGHALSARAI,NORTH,UP,UTTAR PRADESH,5
231306,MZX,MZX,MIRZAPUR EXPANSION,NORTH,UP,UTTAR PRADESH,5
231307,MZX,MZX,MIRZAPUR EXPANSION,NORTH,UP,UTTAR PRADESH,5
231501,GBF,GBF,BHADOHI REACH,NORTH,UP,UTTAR PRADESH,5
232101,MGS,MGS,MUGHALSARAI,NORTH,UP,UTTAR PRADESH,5
232104,MGS,MGS,MUGHALSARAI,NORTH,UP,UTTAR PRADESH,5
232326,GPX,GPX,GAZIPUR,NORTH,UP,UTTAR PRADESH,5
232333,GPX,GPX,GAZIPUR,NORTH,UP,UTTAR PRADESH,5
233001,GPX,GPX,GAZIPUR,NORTH,UP,UTTAR PRADESH,5
233224,GPX,GPX,GAZIPUR,NORTH,UP,UTTAR PRADESH,5
233226,GPX,GPX,GAZIPUR,NORTH,UP,UTTAR PRADESH,5
233228,BLX,BLX,BALLIA,NORTH,UP,UTTAR PRADESH,5
233230,GPX,GPX,GAZIPUR,NORTH,UP,UTTAR PRADESH,5
233232,GPX,GPX,GAZIPUR,NORTH,UP,UTTAR PRADESH,5
233300,GPX,GPX,GAZIPUR,NORTH,UP,UTTAR PRADESH,5
233302,GPX,GPX,GAZIPUR,NORTH,UP,UTTAR PRADESH,5
233303,GPX,GPX,GAZIPUR,NORTH,UP,UTTAR PRADESH,5
233304,GPX,GPX,GAZIPUR,NORTH,UP,UTTAR PRADESH,5
233305,GPX,GPX,GAZIPUR,NORTH,UP,UTTAR PRADESH,5
233306,GPX,GPX,GAZIPUR,NORTH,UP,UTTAR PRADESH,5
241001,HDO,HDO,HARDOI,NORTH,UP,UTTAR PRADESH,5
242001,SJH,SJH,SHAHJAHANPUR EXPANSION,NORTH,UP,UTTAR PRADESH,5
242021,ALI,ALA,ALIGARH,NORTH,UP,UTTAR PRADESH,5
242042,SJH,SJH,SHAHJAHANPUR EXPANSION,NORTH,UP,UTTAR PRADESH,5
242220,SJH,SJH,SHAHJAHANPUR EXPANSION,NORTH,UP,UTTAR PRADESH,5
242221,SJH,SJH,SHAHJAHANPUR EXPANSION,NORTH,UP,UTTAR PRADESH,5
242223,SJH,SJH,SHAHJAHANPUR EXPANSION,NORTH,UP,UTTAR PRADESH,5
242301,SJH,SJH,SHAHJAHANPUR EXPANSION,NORTH,UP,UTTAR PRADESH,5
242305,SJH,SJH,SHAHJAHANPUR EXPANSION,NORTH,UP,UTTAR PRADESH,5
242306,SJH,SJH,SHAHJAHANPUR EXPANSION,NORTH,UP,UTTAR PRADESH,5
242307,SJH,SJH,SHAHJAHANPUR EXPANSION,NORTH,UP,UTTAR PRADESH,5
242401,SJH,SJH,SHAHJAHANPUR EXPANSION,NORTH,UP,UTTAR PRADESH,5
242405,SJH,SJH,SHAHJAHANPUR EXPANSION,NORTH,UP,UTTAR PRADESH,5
242406,SJH,SJH,SHAHJAHANPUR EXPANSION,NORTH,UP,UTTAR PRADESH,5
242407,SJH,SJH,SHAHJAHANPUR EXPANSION,NORTH,UP,UTTAR PRADESH,5
243001,BRY,BRI,BAREILLY,NORTH,UP,UTTAR PRADESH,5
243002,BRY,BRI,BAREILLY,NORTH,UP,UTTAR PRADESH,5
243003,BRY,BRI,BAREILLY,NORTH,UP,UTTAR PRADESH,5
243004,BRY,BYC,BAREILY CHOKI CHORAHA,NORTH,UP,UTTAR PRADESH,5
243005,BRY,BRI,BAREILLY,NORTH,UP,UTTAR PRADESH,5
243006,BRY,BRI,BAREILLY,NORTH,UP,UTTAR PRADESH,5
243122,BRY,BRI,BAREILLY,NORTH,UP,UTTAR PRADESH,5
243123,BRY,BYC,BAREILY CHOKI CHORAHA,NORTH,UP,UTTAR PRADESH,5
243126,BRY,BYC,BAREILY CHOKI CHORAHA,NORTH,UP,UTTAR PRADESH,5
243201,KCH,KCH,KICHHA,NORTH,UT,UTTARAKHAND,5
243202,BRY,BYC,BAREILY CHOKI CHORAHA,NORTH,UP,UTTAR PRADESH,5
243301,BAU,BAU,BADAUN,NORTH,UP,UTTAR PRADESH,5
243302,BAU,BAU,BADAUN,NORTH,UP,UTTAR PRADESH,5
243303,BAU,BAU,BADAUN,NORTH,UP,UTTAR PRADESH,5
243401,BAU,BAU,BADAUN,NORTH,UP,UTTAR PRADESH,5
243403,BAU,BAU,BADAUN,NORTH,UP,UTTAR PRADESH,5
243501,BRY,BYC,BAREILY CHOKI CHORAHA,NORTH,UP,UTTAR PRADESH,5
243502,BRY,BRI,BAREILLY,NORTH,UP,UTTAR PRADESH,5
243503,BRY,BYC,BAREILY CHOKI CHORAHA,NORTH,UP,UTTAR PRADESH,5
243504,BRY,BYC,BAREILY CHOKI CHORAHA,NORTH,UP,UTTAR PRADESH,5
243505,BRY,BYC,BAREILY CHOKI CHORAHA,NORTH,UP,UTTAR PRADESH,5
243601,BAU,BAU,BADAUN,NORTH,UP,UTTAR PRADESH,5
243631,BAU,BAU,BADAUN,NORTH,UP,UTTAR PRADESH,5
243633,BAU,BAU,BADAUN,NORTH,UP,UTTAR PRADESH,5
243634,BAU,BAU,BADAUN,NORTH,UP,UTTAR PRADESH,5
243635,BAU,BAU,BADAUN,NORTH,UP,UTTAR PRADESH,5
243636,BAU,BAU,BADAUN,NORTH,UP,UTTAR PRADESH,5
243637,BAU,BAU,BADAUN,NORTH,UP,UTTAR PRADESH,5
243638,BAU,BAU,BADAUN,NORTH,UP,UTTAR PRADESH,5
243639,BAU,BAU,BADAUN,NORTH,UP,UTTAR PRADESH,5
243641,BAU,BAU,BADAUN,NORTH,UP,UTTAR PRADESH,5
243720,BAU,BAU,BADAUN,NORTH,UP,UTTAR PRADESH,5
243722,SBL,SBL,SAMBHAL,NORTH,UP,UTTAR PRADESH,5
243723,SBL,SBL,SAMBHAL,NORTH,UP,UTTAR PRADESH,5
243724,BAU,BAU,BADAUN,NORTH,UP,UTTAR PRADESH,5
243726,BAU,BAU,BADAUN,NORTH,UP,UTTAR PRADESH,5
243727,SBL,SBL,SAMBHAL,NORTH,UP,UTTAR PRADESH,5
244001,MOR,MOR,MORADABAD,NORTH,UP,UTTAR PRADESH,5
244102,MOR,MOR,MORADABAD,NORTH,UP,UTTAR PRADESH,5
244103,MOR,MOR,MORADABAD,NORTH,UP,UTTAR PRADESH,5
244104,MRY,MRY,MORADABAD EXPANSION,NORTH,UP,UTTAR PRADESH,5
244105,MRY,MRY,MORADABAD EXPANSION,NORTH,UP,UTTAR PRADESH,5
244221,AMO,AMO,AMROHA,NORTH,UP,UTTAR PRADESH,5
244222,MRY,MRY,MORADABAD EXPANSION,NORTH,UP,UTTAR PRADESH,5
244223,GAJ,GAJ,GAJRAULA,NORTH,UP,UTTAR PRADESH,5
244225,AHA,AHA,AMROHA,NORTH,UP,UTTAR PRADESH,5
244231,AHA,AHA,AMROHA,NORTH,UP,UTTAR PRADESH,5
244235,GAJ,GAJ,GAJRAULA,NORTH,UP,UTTAR PRADESH,5
244236,AHA,AHA,AMROHA,NORTH,UP,UTTAR PRADESH,5
244241,GAJ,GAJ,GAJRAULA,NORTH,UP,UTTAR PRADESH,5
244242,GAJ,GAJ,GAJRAULA,NORTH,UP,UTTAR PRADESH,5
244251,AHA,AHA,AMROHA,NORTH,UP,UTTAR PRADESH,5
244301,SBL,SBL,SAMBHAL,NORTH,UP,UTTAR PRADESH,5
244302,SBL,SBL,SAMBHAL,NORTH,UP,UTTAR PRADESH,5
244303,SBL,SBL,SAMBHAL,NORTH,UP,UTTAR PRADESH,5
244304,SBL,SBL,SAMBHAL,NORTH,UP,UTTAR PRADESH,5
244401,KHX,KHX,KASHIPUR,NORTH,UT,UTTARAKHAND,5
244402,MRY,MRY,MORADABAD EXPANSION,NORTH,UP,UTTAR PRADESH,5
244410,SBL,SBL,SAMBHAL,NORTH,UP,UTTAR PRADESH,5
244411,SBL,SBL,SAMBHAL,NORTH,UP,UTTAR PRADESH,5
244412,SBL,SBL,SAMBHAL,NORTH,UP,UTTAR PRADESH,5
244413,SBL,SBL,SAMBHAL,NORTH,UP,UTTAR PRADESH,5
244501,MRY,MRY,MORADABAD EXPANSION,NORTH,UP,UTTAR PRADESH,5
244601,KHX,KHX,KASHIPUR,NORTH,UT,UTTARAKHAND,5
244602,KHX,KHX,KASHIPUR,NORTH,UT,UTTARAKHAND,5
244701,RMP,RMP,RAMPUR,NORTH,UP,UTTAR PRADESH,5
244712,KHX,KHX,KASHIPUR,NORTH,UT,UTTARAKHAND,5
244713,KHX,KHX,KASHIPUR,NORTH,UT,UTTARAKHAND,5
244715,RMN,RMN,RAM NAGAR -UTTARANCHA,NORTH,UT,UTTARAKHAND,5
244901,RMP,RMP,RAMPUR,NORTH,UP,UTTAR PRADESH,5
244921,BIU,BIU,BILASPUR,NORTH,UP,UTTAR PRADESH,5
244922,RMP,RMP,RAMPUR,NORTH,UP,UTTAR PRADESH,5
244923,BIU,BIU,BILASPUR,NORTH,UP,UTTAR PRADESH,5
244924,BIU,BIU,BILASPUR,NORTH,UP,UTTAR PRADESH,5
244925,BIU,BIU,BILASPUR,NORTH,UP,UTTAR PRADESH,5
244927,RMP,RMP,RAMPUR,NORTH,UP,UTTAR PRADESH,5
244928,BIU,BIU,BILASPUR,NORTH,UP,UTTAR PRADESH,5
245101,HPU,HPU,HAPUR,NORTH,UP,UTTAR PRADESH,5
245201,HPU,HPU,HAPUR,NORTH,UP,UTTAR PRADESH,5
245205,MXP,MXP,MEERUT  EXPANSION,NORTH,UP,UTTAR PRADESH,5
245206,HPU,HPU,HAPUR,NORTH,UP,UTTAR PRADESH,5
245207,HPU,HPU,HAPUR,NORTH,UP,UTTAR PRADESH,5
245301,HPU,HPU,HAPUR,NORTH,UP,UTTAR PRADESH,5
245304,GPL,GPL,PILKHUWA,NORTH,UP,UTTAR PRADESH,5
246001,PGW,PGW,PAURI GARHWAL,NORTH,UT,UTTARAKHAND,5
246127,KDR,KDR,KOTDWAR,NORTH,UT,UTTARAKHAND,5
246149,KDR,KDR,KOTDWAR,NORTH,UT,UTTARAKHAND,5
246171,RPG,RPG,RUDRAPRAYAG,NORTH,UT,UTTARAKHAND,5
246174,SGH,SGH,SRINAGAR GARHWAL,NORTH,UT,UTTARAKHAND,5
246401,GPW,GPW,GOPESHWAR,NORTH,UT,UTTARAKHAND,5
246421,RPG,RPG,RUDRAPRAYAG,NORTH,UT,UTTARAKHAND,5
246424,GPW,GPW,GOPESHWAR,NORTH,UT,UTTARAKHAND,5
246472,GPW,GPW,GOPESHWAR,NORTH,UT,UTTARAKHAND,5
246475,RPG,RPG,RUDRAPRAYAG,NORTH,UT,UTTARAKHAND,5
246701,BJN,BJN,BIJNORE,NORTH,UP,UTTAR PRADESH,5
246721,BJN,BJN,BIJNORE,NORTH,UP,UTTAR PRADESH,5
246722,NJB,NJB,NAJIBABAD,NORTH,UP,UTTAR PRADESH,5
246724,NJB,NJB,NAJIBABAD,NORTH,UP,UTTAR PRADESH,5
246725,BJN,BJN,BIJNORE,NORTH,UP,UTTAR PRADESH,5
246726,BJN,BJN,BIJNORE,NORTH,UP,UTTAR PRADESH,5
246727,BJN,BJN,BIJNORE,NORTH,UP,UTTAR PRADESH,5
246728,BJN,BJN,BIJNORE,NORTH,UP,UTTAR PRADESH,5
246731,BJN,BJN,BIJNORE,NORTH,UP,UTTAR PRADESH,5
246732,NJB,NJB,NAJIBABAD,NORTH,UP,UTTAR PRADESH,5
246733,BJN,BJN,BIJNORE,NORTH,UP,UTTAR PRADESH,5
246734,BJN,BJN,BIJNORE,NORTH,UP,UTTAR PRADESH,5
246735,BJN,BJN,BIJNORE,NORTH,UP,UTTAR PRADESH,5
246736,BJN,BJN,BIJNORE,NORTH,UP,UTTAR PRADESH,5
246746,BJN,BJN,BIJNORE,NORTH,UP,UTTAR PRADESH,5
246747,NJB,NJB,NAJIBABAD,NORTH,UP,UTTAR PRADESH,5
246749,NJB,NJB,NAJIBABAD,NORTH,UP,UTTAR PRADESH,5
246761,BJN,BJN,BIJNORE,NORTH,UP,UTTAR PRADESH,5
246762,BJN,BJN,BIJNORE,NORTH,UP,UTTAR PRADESH,5
246763,NJB,NJB,NAJIBABAD,NORTH,UP,UTTAR PRADESH,5
246764,BJN,BJN,BIJNORE,NORTH,UP,UTTAR PRADESH,5
247001,SPX,SRU,SAHRANPUR,NORTH,UP,UTTAR PRADESH,5
247002,SPX,SRU,SAHRANPUR,NORTH,UP,UTTAR PRADESH,5
247120,SPX,SPA,SAHRANPUR OFFICE,NORTH,UP,UTTAR PRADESH,5
247121,SPX,SPA,SAHRANPUR OFFICE,NORTH,UP,UTTAR PRADESH,5
247122,SPX,SPA,SAHRANPUR OFFICE,NORTH,UP,UTTAR PRADESH,5
247129,SPX,SPA,SAHRANPUR OFFICE,NORTH,UP,UTTAR PRADESH,5
247231,SPX,SPA,SAHRANPUR OFFICE,NORTH,UP,UTTAR PRADESH,5
247232,SPX,SPA,SAHRANPUR OFFICE,NORTH,UP,UTTAR PRADESH,5
247340,SPX,SPA,SAHRANPUR OFFICE,NORTH,UP,UTTAR PRADESH,5
247341,SPX,SPA,SAHRANPUR OFFICE,NORTH,UP,UTTAR PRADESH,5
247342,SPX,SPA,SAHRANPUR OFFICE,NORTH,UP,UTTAR PRADESH,5
247451,SPX,SPA,SAHRANPUR OFFICE,NORTH,UP,UTTAR PRADESH,5
247452,SPX,SPA,SAHRANPUR OFFICE,NORTH,UP,UTTAR PRADESH,5
247551,DBN,DBN,DEOBAND,NORTH,UP,UTTAR PRADESH,5
247554,DBN,DBN,DEOBAND,NORTH,UP,UTTAR PRADESH,5
247656,ROO,ROO,ROORKEE,NORTH,UT,UTTARAKHAND,5
247661,ROO,ROO,ROORKEE,NORTH,UT,UTTARAKHAND,5
247662,SPX,SPA,SAHRANPUR OFFICE,NORTH,UP,UTTAR PRADESH,5
247663,HRE,HRE,HARIDWAR EXPANSION,NORTH,UT,UTTARAKHAND,5
247664,ROO,ROO,ROORKEE,NORTH,UT,UTTARAKHAND,5
247665,ROO,ROO,ROORKEE,NORTH,UT,UTTARAKHAND,5
247666,ROO,ROO,ROORKEE,NORTH,UT,UTTARAKHAND,5
247667,ROO,ROO,ROORKEE,NORTH,UT,UTTARAKHAND,5
247668,ROO,ROO,ROORKEE,NORTH,UT,UTTARAKHAND,5
247669,SPX,SPA,SAHRANPUR OFFICE,NORTH,UP,UTTAR PRADESH,5
247771,SHY,SHY,SHAMLI,NORTH,UP,UTTAR PRADESH,5
247772,SHY,SHY,SHAMLI,NORTH,UP,UTTAR PRADESH,5
247773,SHY,SHY,SHAMLI,NORTH,UP,UTTAR PRADESH,5
247774,SHY,SHY,SHAMLI,NORTH,UP,UTTAR PRADESH,5
247775,SHY,SHY,SHAMLI,NORTH,UP,UTTAR PRADESH,5
247776,SHA,SHA,SHAMLI,NORTH,UP,UTTAR PRADESH,5
247777,SHY,SHY,SHAMLI,NORTH,UP,UTTAR PRADESH,5
247778,SHY,SHY,SHAMLI,NORTH,UP,UTTAR PRADESH,5
248001,DRD,DRO,DEHRADUN,NORTH,UT,UTTARAKHAND,5
248002,DRD,DRO,DEHRADUN,NORTH,UT,UTTARAKHAND,5
248003,DRD,DRO,DEHRADUN,NORTH,UT,UTTARAKHAND,5
248005,DRD,DRO,DEHRADUN,NORTH,UT,UTTARAKHAND,5
248006,DRD,DRO,DEHRADUN,NORTH,UT,UTTARAKHAND,5
248007,DRD,DRO,DEHRADUN,NORTH,UT,UTTARAKHAND,5
248008,DRD,DRO,DEHRADUN,NORTH,UT,UTTARAKHAND,5
248009,DRD,DRO,DEHRADUN,NORTH,UT,UTTARAKHAND,5
248010,DRD,DRO,DEHRADUN,NORTH,UT,UTTARAKHAND,5
248011,SEL,SEL,SELAQUI,NORTH,UT,UTTARAKHAND,5
248012,DRD,DED,DEHRADUN E-TAIL,NORTH,UT,UTTARAKHAND,5
248013,DRD,DED,DEHRADUN E-TAIL,NORTH,UT,UTTARAKHAND,5
248014,DRD,DED,DEHRADUN E-TAIL,NORTH,UT,UTTARAKHAND,5
248015,DRD,DED,DEHRADUN E-TAIL,NORTH,UT,UTTARAKHAND,5
248016,DLJ,DLJ,DOIWALA,NORTH,UT,UTTARAKHAND,5
248102,DRD,DRO,DEHRADUN,NORTH,UT,UTTARAKHAND,5
248110,DRD,DRO,DEHRADUN,NORTH,UT,UTTARAKHAND,5
248115,DRD,DRO,DEHRADUN,NORTH,UT,UTTARAKHAND,5
248121,DRD,DRO,DEHRADUN,NORTH,UT,UTTARAKHAND,5
248122,DRD,DRE,DEHRADUN EXPANSION,NORTH,UT,UTTARAKHAND,5
248125,VKS,VKS,VIKAS NAGAR,NORTH,UT,UTTARAKHAND,5
248126,DRD,DRO,DEHRADUN,NORTH,UT,UTTARAKHAND,5
248140,DLJ,DLJ,DOIWALA,NORTH,UT,UTTARAKHAND,5
248141,DRD,DRO,DEHRADUN,NORTH,UT,UTTARAKHAND,5
248142,VKS,VKS,VIKAS NAGAR,NORTH,UT,UTTARAKHAND,5
248143,DLJ,DLJ,DOIWALA,NORTH,UT,UTTARAKHAND,5
248145,DLJ,DLJ,DOIWALA,NORTH,UT,UTTARAKHAND,5
248146,DRD,DRO,DEHRADUN,NORTH,UT,UTTARAKHAND,5
248160,DRD,DRO,DEHRADUN,NORTH,UT,UTTARAKHAND,5
248161,DLJ,DLJ,DOIWALA,NORTH,UT,UTTARAKHAND,5
248171,DRD,DRO,DEHRADUN,NORTH,UT,UTTARAKHAND,5
248179,MUE,MUE,MUSSOURIE,NORTH,UT,UTTARAKHAND,5
248195,DRD,DRO,DEHRADUN,NORTH,UT,UTTARAKHAND,5
248197,SEL,SEL,SELAQUI,NORTH,UT,UTTARAKHAND,5
248198,VKS,VKS,VIKAS NAGAR,NORTH,UT,UTTARAKHAND,5
249001,TEI,TEI,TEHRI,NORTH,UT,UTTARAKHAND,5
249124,TEI,TEI,TEHRI,NORTH,UT,UTTARAKHAND,5
249137,RKH,RKH,RISHIKESH,NORTH,UT,UTTARAKHAND,5
249175,RKH,RKH,RISHIKESH,NORTH,UT,UTTARAKHAND,5
249201,RKH,RKH,RISHIKESH,NORTH,UT,UTTARAKHAND,5
249202,RKH,RKH,RISHIKESH,NORTH,UT,UTTARAKHAND,5
249203,RKH,RKH,RISHIKESH,NORTH,UT,UTTARAKHAND,5
249204,RKH,RKH,RISHIKESH,NORTH,UT,UTTARAKHAND,5
249205,RKH,RKH,RISHIKESH,NORTH,UT,UTTARAKHAND,5
249302,RKH,RKH,RISHIKESH,NORTH,UT,UTTARAKHAND,5
249401,HRD,HDR,HARIDWAR,NORTH,UT,UTTARAKHAND,5
249402,HRD,HDR,HARIDWAR,NORTH,UT,UTTARAKHAND,5
249403,HRD,HDR,HARIDWAR,NORTH,UT,UTTARAKHAND,5
249404,HRD,HDR,HARIDWAR,NORTH,UT,UTTARAKHAND,5
249405,HRD,HDR,HARIDWAR,NORTH,UT,UTTARAKHAND,5
249407,HRD,HDR,HARIDWAR,NORTH,UT,UTTARAKHAND,5
249408,HRD,HDR,HARIDWAR,NORTH,UT,UTTARAKHAND,5
249409,HRD,HDR,HARIDWAR,NORTH,UT,UTTARAKHAND,5
249410,HRD,HDR,HARIDWAR,NORTH,UT,UTTARAKHAND,5
249411,HRD,HDR,HARIDWAR,NORTH,UT,UTTARAKHAND,5
250001,MEE,MCL,CIVIL LINE SERVICE CENTRE,NORTH,UP,UTTAR PRADESH,5
250002,MEE,MCL,CIVIL LINE SERVICE CENTRE,NORTH,UP,UTTAR PRADESH,5
250003,MEE,MCL,CIVIL LINE SERVICE CENTRE,NORTH,UP,UTTAR PRADESH,5
250004,MEE,MCL,CIVIL LINE SERVICE CENTRE,NORTH,UP,UTTAR PRADESH,5
250005,MEE,MCL,CIVIL LINE SERVICE CENTRE,NORTH,UP,UTTAR PRADESH,5
250101,BPF,BPF,BAGHPAT,NORTH,UP,UTTAR PRADESH,5
250103,MXP,MXP,MEERUT  EXPANSION,NORTH,UP,UTTAR PRADESH,5
250104,MXP,MXP,MEERUT  EXPANSION,NORTH,UP,UTTAR PRADESH,5
250105,MEE,MCL,CIVIL LINE SERVICE CENTRE,NORTH,UP,UTTAR PRADESH,5
250106,MXP,MXP,MEERUT  EXPANSION,NORTH,UP,UTTAR PRADESH,5
250110,MDP,MDP,MODIPURAM,NORTH,UP,UTTAR PRADESH,5
250205,MXP,MXP,MEERUT  EXPANSION,NORTH,UP,UTTAR PRADESH,5
250221,MXP,MXP,MEERUT  EXPANSION,NORTH,UP,UTTAR PRADESH,5
250222,MXP,MXP,MEERUT  EXPANSION,NORTH,UP,UTTAR PRADESH,5
250223,MXP,MXP,MEERUT  EXPANSION,NORTH,UP,UTTAR PRADESH,5
250341,MXP,MXP,MEERUT  EXPANSION,NORTH,UP,UTTAR PRADESH,5
250342,MXP,MXP,MEERUT  EXPANSION,NORTH,UP,UTTAR PRADESH,5
250345,BPF,BPF,BAGHPAT,NORTH,UP,UTTAR PRADESH,5
250401,MXP,MXP,MEERUT  EXPANSION,NORTH,UP,UTTAR PRADESH,5
250402,MXP,MXP,MEERUT  EXPANSION,NORTH,UP,UTTAR PRADESH,5
250404,MXP,MXP,MEERUT  EXPANSION,NORTH,UP,UTTAR PRADESH,5
250406,MXP,MXP,MEERUT  EXPANSION,NORTH,UP,UTTAR PRADESH,5
250501,MXP,MXP,MEERUT  EXPANSION,NORTH,UP,UTTAR PRADESH,5
250502,MXP,MXP,MEERUT  EXPANSION,NORTH,UP,UTTAR PRADESH,5
250601,BPF,BPF,BAGHPAT,NORTH,UP,UTTAR PRADESH,5
250606,BPF,BPF,BAGHPAT,NORTH,UP,UTTAR PRADESH,5
250609,BPF,BPF,BAGHPAT,NORTH,UP,UTTAR PRADESH,5
250611,BRU,BRU,BARAUT,NORTH,UP,UTTAR PRADESH,5
250615,BPF,BPF,BAGHPAT,NORTH,UP,UTTAR PRADESH,5
250617,BPF,BPF,BAGHPAT,NORTH,UP,UTTAR PRADESH,5
250619,BPF,BPF,BAGHPAT,NORTH,UP,UTTAR PRADESH,5
250620,BPF,BPF,BAGHPAT,NORTH,UP,UTTAR PRADESH,5
250622,BPF,BPF,BAGHPAT,NORTH,UP,UTTAR PRADESH,5
250625,BPF,BPF,BAGHPAT,NORTH,UP,UTTAR PRADESH,5
251001,DMZ,DMZ,MUZAFFARNAGAR,NORTH,UP,UTTAR PRADESH,5
251002,DMZ,DMZ,MUZAFFARNAGAR,NORTH,UP,UTTAR PRADESH,5
251003,DMZ,DMZ,MUZAFFARNAGAR,NORTH,UP,UTTAR PRADESH,5
251201,MZN,MZN,MUZAFFARNAGAR,NORTH,UP,UTTAR PRADESH,5
251202,MZN,MZN,MUZAFFARNAGAR,NORTH,UP,UTTAR PRADESH,5
251203,MZN,MZN,MUZAFFARNAGAR,NORTH,UP,UTTAR PRADESH,5
251301,SHY,SHY,SHAMLI,NORTH,UP,UTTAR PRADESH,5
251305,SHY,SHY,SHAMLI,NORTH,UP,UTTAR PRADESH,5
251306,MZN,MZN,MUZAFFARNAGAR,NORTH,UP,UTTAR PRADESH,5
251307,MZN,MZN,MUZAFFARNAGAR,NORTH,UP,UTTAR PRADESH,5
251308,MZN,MZN,MUZAFFARNAGAR,NORTH,UP,UTTAR PRADESH,5
251309,SHY,SHY,SHAMLI,NORTH,UP,UTTAR PRADESH,5
251310,MZN,MZN,MUZAFFARNAGAR,NORTH,UP,UTTAR PRADESH,5
251311,MZN,MZN,MUZAFFARNAGAR,NORTH,UP,UTTAR PRADESH,5
251314,MZN,MZN,MUZAFFARNAGAR,NORTH,UP,UTTAR PRADESH,5
251315,MZN,MZN,MUZAFFARNAGAR,NORTH,UP,UTTAR PRADESH,5
251316,MZN,MZN,MUZAFFARNAGAR,NORTH,UP,UTTAR PRADESH,5
251318,MZN,MZN,MUZAFFARNAGAR,NORTH,UP,UTTAR PRADESH,5
251319,SHY,SHY,SHAMLI,NORTH,UP,UTTAR PRADESH,5
251327,MZN,MZN,MUZAFFARNAGAR,NORTH,UP,UTTAR PRADESH,5
261001,TPU,TPU,SITAPUR,NORTH,UP,UTTAR PRADESH,5
261121,SDL,SDL,SIDHAULI (SITAPUR),NORTH,UP,UTTAR PRADESH,5
261131,SDL,SDL,SIDHAULI (SITAPUR),NORTH,UP,UTTAR PRADESH,5
261135,MPK,MPK,LAKHIMPUR KHERI,NORTH,UP,UTTAR PRADESH,5
261141,SDL,SDL,SIDHAULI (SITAPUR),NORTH,UP,UTTAR PRADESH,5
261201,SDL,SDL,SIDHAULI (SITAPUR),NORTH,UP,UTTAR PRADESH,5
261202,SDL,SDL,SIDHAULI (SITAPUR),NORTH,UP,UTTAR PRADESH,5
261203,SDL,SDL,SIDHAULI (SITAPUR),NORTH,UP,UTTAR PRADESH,5
261204,SDL,SDL,SIDHAULI (SITAPUR),NORTH,UP,UTTAR PRADESH,5
261205,SDL,SDL,SIDHAULI (SITAPUR),NORTH,UP,UTTAR PRADESH,5
261206,SDL,SDL,SIDHAULI (SITAPUR),NORTH,UP,UTTAR PRADESH,5
261208,SDL,SDL,SIDHAULI (SITAPUR),NORTH,UP,UTTAR PRADESH,5
261301,SDL,SDL,SIDHAULI (SITAPUR),NORTH,UP,UTTAR PRADESH,5
261302,SDL,SDL,SIDHAULI (SITAPUR),NORTH,UP,UTTAR PRADESH,5
261303,SDL,SDL,SIDHAULI (SITAPUR),NORTH,UP,UTTAR PRADESH,5
261401,SDL,SDL,SIDHAULI (SITAPUR),NORTH,UP,UTTAR PRADESH,5
261402,SDL,SDL,SIDHAULI (SITAPUR),NORTH,UP,UTTAR PRADESH,5
261403,SDL,SDL,SIDHAULI (SITAPUR),NORTH,UP,UTTAR PRADESH,5
261405,SDL,SDL,SIDHAULI (SITAPUR),NORTH,UP,UTTAR PRADESH,5
261501,MPK,MPK,LAKHIMPUR KHERI,NORTH,UP,UTTAR PRADESH,5
261505,GLA,GLA,GOLA GORAKHNATH,NORTH,UP,UTTAR PRADESH,5
261506,MPK,MPK,LAKHIMPUR KHERI,NORTH,UP,UTTAR PRADESH,5
262001,PHT,PHT,PILIBHIT,NORTH,UP,UTTAR PRADESH,5
262122,PUP,PUP,PURANPUR,NORTH,UP,UTTAR PRADESH,5
262201,PHT,PHT,PILIBHIT,NORTH,UP,UTTAR PRADESH,5
262302,BRY,BYC,BAREILY CHOKI CHORAHA,NORTH,UP,UTTAR PRADESH,5
262308,STK,STK,SITARGANJ EXPANSION,NORTH,UT,UTTARAKHAND,5
262401,KHX,KHX,KASHIPUR,NORTH,UT,UTTARAKHAND,5
262405,SIT,SIT,SITARGANJ,NORTH,UT,UTTARAKHAND,5
262406,BRY,BYC,BAREILY CHOKI CHORAHA,NORTH,UP,UTTAR PRADESH,5
262501,PGH,PGH,PITHORAGARH,NORTH,UT,UTTARAKHAND,5
262520,PGH,PGH,PITHORAGARH,NORTH,UT,UTTARAKHAND,5
262523,CWT,CWT,CHAMPAWAT,NORTH,UT,UTTARAKHAND,5
262524,CWT,CWT,CHAMPAWAT,NORTH,UT,UTTARAKHAND,5
262530,PGH,PGH,PITHORAGARH,NORTH,UT,UTTARAKHAND,5
262701,MPK,MPK,LAKHIMPUR KHERI,NORTH,UP,UTTAR PRADESH,5
262702,MPK,MPK,LAKHIMPUR KHERI,NORTH,UP,UTTAR PRADESH,5
262721,MPK,MPK,LAKHIMPUR KHERI,NORTH,UP,UTTAR PRADESH,5
262722,MPK,MPK,LAKHIMPUR KHERI,NORTH,UP,UTTAR PRADESH,5
262724,MPK,MPK,LAKHIMPUR KHERI,NORTH,UP,UTTAR PRADESH,5
262725,MPK,MPK,LAKHIMPUR KHERI,NORTH,UP,UTTAR PRADESH,5
262726,MPK,MPK,LAKHIMPUR KHERI,NORTH,UP,UTTAR PRADESH,5
262728,MPK,MPK,LAKHIMPUR KHERI,NORTH,UP,UTTAR PRADESH,5
262801,GLA,GLA,GOLA GORAKHNATH,NORTH,UP,UTTAR PRADESH,5
262802,GLA,GLA,GOLA GORAKHNATH,NORTH,UP,UTTAR PRADESH,5
262803,GLA,GLA,GOLA GORAKHNATH,NORTH,UP,UTTAR PRADESH,5
262804,GLA,GLA,GOLA GORAKHNATH,NORTH,UP,UTTAR PRADESH,5
262805,GLA,GLA,GOLA GORAKHNATH,NORTH,UP,UTTAR PRADESH,5
262901,GLA,GLA,GOLA GORAKHNATH,NORTH,UP,UTTAR PRADESH,5
262902,GLA,GLA,GOLA GORAKHNATH,NORTH,UP,UTTAR PRADESH,5
262903,MPK,MPK,LAKHIMPUR KHERI,NORTH,UP,UTTAR PRADESH,5
262907,MPK,MPK,LAKHIMPUR KHERI,NORTH,UP,UTTAR PRADESH,5
263126,KTG,KTG,KATHGODAM,NORTH,UT,UTTARAKHAND,5
263139,HDW,HDN,HALDWANI,NORTH,UT,UTTARAKHAND,5
263141,HDW,HDN,HALDWANI,NORTH,UT,UTTARAKHAND,5
263145,RDP,RDP,RUDRAPUR,NORTH,UT,UTTARAKHAND,5
263148,KCH,KCH,KICHHA,NORTH,UT,UTTARAKHAND,5
263152,KCH,KCH,KICHHA,NORTH,UT,UTTARAKHAND,5
263153,RDP,RDP,RUDRAPUR,NORTH,UT,UTTARAKHAND,5
263160,RDP,RDP,RUDRAPUR,NORTH,UT,UTTARAKHAND,5
263601,ARA,ARA,ALMORA,NORTH,UT,UTTARAKHAND,5
263637,ARA,ARA,ALMORA,NORTH,UT,UTTARAKHAND,5
263645,RNI,RNI,RANIKHET,NORTH,UT,UTTARAKHAND,5
263653,DWA,DWA,DWARAHAT,NORTH,UT,UTTARAKHAND,5
263656,DWA,DWA,DWARAHAT,NORTH,UT,UTTARAKHAND,5
271001,GON,GON,GONDA,NORTH,UP,UTTAR PRADESH,5
271002,GON,GON,GONDA,NORTH,UP,UTTAR PRADESH,5
271003,GON,GON,GONDA,NORTH,UP,UTTAR PRADESH,5
271201,BMP,BMP,BALRAMPUR,NORTH,UP,UTTAR PRADESH,5
271205,BMP,BMP,BALRAMPUR,NORTH,UP,UTTAR PRADESH,5
271208,BMP,BMP,BALRAMPUR,NORTH,UP,UTTAR PRADESH,5
271210,BMP,BMP,BALRAMPUR,NORTH,UP,UTTAR PRADESH,5
271302,GON,GON,GONDA,NORTH,UP,UTTAR PRADESH,5
271303,GON,GON,GONDA,NORTH,UP,UTTAR PRADESH,5
271305,GON,GON,GONDA,NORTH,UP,UTTAR PRADESH,5
271306,BMP,BMP,BALRAMPUR,NORTH,UP,UTTAR PRADESH,5
271313,STI,STI,BASTI,NORTH,UP,UTTAR PRADESH,5
271604,BMP,BMP,BALRAMPUR,NORTH,UP,UTTAR PRADESH,5
271607,BMP,BMP,BALRAMPUR,NORTH,UP,UTTAR PRADESH,5
271609,BMP,BMP,BALRAMPUR,NORTH,UP,UTTAR PRADESH,5
271801,BHF,BHF,BAHRAICH,NORTH,UP,UTTAR PRADESH,5
271803,BHF,BHF,BAHRAICH,NORTH,UP,UTTAR PRADESH,5
271821,BHF,BHF,BAHRAICH,NORTH,UP,UTTAR PRADESH,5
271824,BHF,BHF,BAHRAICH,NORTH,UP,UTTAR PRADESH,5
271831,BHF,BHF,BAHRAICH,NORTH,UP,UTTAR PRADESH,5
271835,BHF,BHF,BAHRAICH,NORTH,UP,UTTAR PRADESH,5
271845,BMP,BMP,BALRAMPUR,NORTH,UP,UTTAR PRADESH,5
271851,BHF,BHF,BAHRAICH,NORTH,UP,UTTAR PRADESH,5
271855,BHF,BHF,BAHRAICH,NORTH,UP,UTTAR PRADESH,5
271861,BMP,BMP,BALRAMPUR,NORTH,UP,UTTAR PRADESH,5
271865,BHF,BHF,BAHRAICH,NORTH,UP,UTTAR PRADESH,5
271871,BHF,BHF,BAHRAICH,NORTH,UP,UTTAR PRADESH,5
271875,BHF,BHF,BAHRAICH,NORTH,UP,UTTAR PRADESH,5
271882,BHF,BHF,BAHRAICH,NORTH,UP,UTTAR PRADESH,5
271902,BHF,BHF,BAHRAICH,NORTH,UP,UTTAR PRADESH,5
271903,BHF,BHF,BAHRAICH,NORTH,UP,UTTAR PRADESH,5
272001,STI,STI,BASTI,NORTH,UP,UTTAR PRADESH,5
272002,STI,STI,BASTI,NORTH,UP,UTTAR PRADESH,5
272123,STI,STI,BASTI,NORTH,UP,UTTAR PRADESH,5
272124,STI,STI,BASTI,NORTH,UP,UTTAR PRADESH,5
272125,KBX,KBX,KHALILABAD,NORTH,UP,UTTAR PRADESH,5
272127,STI,STI,BASTI,NORTH,UP,UTTAR PRADESH,5
272131,STI,STI,BASTI,NORTH,UP,UTTAR PRADESH,5
272151,STI,STI,BASTI,NORTH,UP,UTTAR PRADESH,5
272152,SDT,SDT,SIDDHARTH NAGAR,NORTH,UP,UTTAR PRADESH,5
272153,SDT,SDT,SIDDHARTH NAGAR,NORTH,UP,UTTAR PRADESH,5
272155,STI,STI,BASTI,NORTH,UP,UTTAR PRADESH,5
272162,KBX,KBX,KHALILABAD,NORTH,UP,UTTAR PRADESH,5
272163,STI,STI,BASTI,NORTH,UP,UTTAR PRADESH,5
272164,KBX,KBX,KHALILABAD,NORTH,UP,UTTAR PRADESH,5
272172,KBX,KBX,KHALILABAD,NORTH,UP,UTTAR PRADESH,5
272173,KBX,KBX,KHALILABAD,NORTH,UP,UTTAR PRADESH,5
272175,KBX,KBX,KHALILABAD,NORTH,UP,UTTAR PRADESH,5
272176,KBX,KBX,KHALILABAD,NORTH,UP,UTTAR PRADESH,5
272178,STI,STI,BASTI,NORTH,UP,UTTAR PRADESH,5
272182,STI,STI,BASTI,NORTH,UP,UTTAR PRADESH,5
272189,SDT,SDT,SIDDHARTH NAGAR,NORTH,UP,UTTAR PRADESH,5
272190,STI,STI,BASTI,NORTH,UP,UTTAR PRADESH,5
272192,SDT,SDT,SIDDHARTH NAGAR,NORTH,UP,UTTAR PRADESH,5
272194,STI,STI,BASTI,NORTH,UP,UTTAR PRADESH,5
272199,KBX,KBX,KHALILABAD,NORTH,UP,UTTAR PRADESH,5
272201,SDT,SDT,SIDDHARTH NAGAR,NORTH,UP,UTTAR PRADESH,5
272202,SDT,SDT,SIDDHARTH NAGAR,NORTH,UP,UTTAR PRADESH,5
272203,SDT,SDT,SIDDHARTH NAGAR,NORTH,UP,UTTAR PRADESH,5
272204,SDT,SDT,SIDDHARTH NAGAR,NORTH,UP,UTTAR PRADESH,5
272205,SDT,SDT,SIDDHARTH NAGAR,NORTH,UP,UTTAR PRADESH,5
272206,SDT,SDT,SIDDHARTH NAGAR,NORTH,UP,UTTAR PRADESH,5
272207,SDT,SDT,SIDDHARTH NAGAR,NORTH,UP,UTTAR PRADESH,5
272270,KBX,KBX,KHALILABAD,NORTH,UP,UTTAR PRADESH,5
272271,KBX,KBX,KHALILABAD,NORTH,UP,UTTAR PRADESH,5
272301,STI,STI,BASTI,NORTH,UP,UTTAR PRADESH,5
272302,STI,STI,BASTI,NORTH,UP,UTTAR PRADESH,5
273001,GKP,GRR,GORAKHPUR,NORTH,UP,UTTAR PRADESH,5
273002,GKP,GRR,GORAKHPUR,NORTH,UP,UTTAR PRADESH,5
273003,GKP,GRR,GORAKHPUR,NORTH,UP,UTTAR PRADESH,5
273004,GKP,GRR,GORAKHPUR,NORTH,UP,UTTAR PRADESH,5
273005,GKP,GRR,GORAKHPUR,NORTH,UP,UTTAR PRADESH,5
273006,GKP,GRR,GORAKHPUR,NORTH,UP,UTTAR PRADESH,5
273007,GKP,GRR,GORAKHPUR,NORTH,UP,UTTAR PRADESH,5
273008,GKP,GRR,GORAKHPUR,NORTH,UP,UTTAR PRADESH,5
273009,GKP,GRR,GORAKHPUR,NORTH,UP,UTTAR PRADESH,5
273010,GKP,GRR,GORAKHPUR,NORTH,UP,UTTAR PRADESH,5
273012,GKP,GRR,GORAKHPUR,NORTH,UP,UTTAR PRADESH,5
273013,GKP,GKC,GKP WALKIN & COD CENTRE,NORTH,UP,UTTAR PRADESH,5
273014,GKP,GRR,GORAKHPUR,NORTH,UP,UTTAR PRADESH,5
273015,GKP,GRR,GORAKHPUR,NORTH,UP,UTTAR PRADESH,5
273016,GKP,GKC,GKP WALKIN & COD CENTRE,NORTH,UP,UTTAR PRADESH,5
273017,GKP,GRR,GORAKHPUR,NORTH,UP,UTTAR PRADESH,5
273151,MHJ,MHJ,MAHARAJGANJ,NORTH,UP,UTTAR PRADESH,5
273152,GKP,GKC,GKP WALKIN & COD CENTRE,NORTH,UP,UTTAR PRADESH,5
273155,MHJ,MHJ,MAHARAJGANJ,NORTH,UP,UTTAR PRADESH,5
273161,MHJ,MHJ,MAHARAJGANJ,NORTH,UP,UTTAR PRADESH,5
273162,MHJ,MHJ,MAHARAJGANJ,NORTH,UP,UTTAR PRADESH,5
273163,MHJ,MHJ,MAHARAJGANJ,NORTH,UP,UTTAR PRADESH,5
273164,MHJ,MHJ,MAHARAJGANJ,NORTH,UP,UTTAR PRADESH,5
273165,GKP,GKC,GKP WALKIN & COD CENTRE,NORTH,UP,UTTAR PRADESH,5
273201,GKP,GKC,GKP WALKIN & COD CENTRE,NORTH,UP,UTTAR PRADESH,5
273202,GKP,GKC,GKP WALKIN & COD CENTRE,NORTH,UP,UTTAR PRADESH,5
273203,GKP,GKC,GKP WALKIN & COD CENTRE,NORTH,UP,UTTAR PRADESH,5
273207,MHJ,MHJ,MAHARAJGANJ,NORTH,UP,UTTAR PRADESH,5
273209,KBX,KBX,KHALILABAD,NORTH,UP,UTTAR PRADESH,5
273212,GKU,GKU,KAURIRAM GORAKHPUR,NORTH,UP,UTTAR PRADESH,5
273213,GKU,GKU,KAURIRAM GORAKHPUR,NORTH,UP,UTTAR PRADESH,5
273301,MHJ,MHJ,MAHARAJGANJ,NORTH,UP,UTTAR PRADESH,5
273302,MHJ,MHJ,MAHARAJGANJ,NORTH,UP,UTTAR PRADESH,5
273303,MHJ,MHJ,MAHARAJGANJ,NORTH,UP,UTTAR PRADESH,5
273304,MHJ,MHJ,MAHARAJGANJ,NORTH,UP,UTTAR PRADESH,5
273305,MHJ,MHJ,MAHARAJGANJ,NORTH,UP,UTTAR PRADESH,5
273308,MHJ,MHJ,MAHARAJGANJ,NORTH,UP,UTTAR PRADESH,5
273310,MHJ,MHJ,MAHARAJGANJ,NORTH,UP,UTTAR PRADESH,5
273401,GKU,GKU,KAURIRAM GORAKHPUR,NORTH,UP,UTTAR PRADESH,5
273402,GKU,GKU,KAURIRAM GORAKHPUR,NORTH,UP,UTTAR PRADESH,5
273403,GKU,GKU,KAURIRAM GORAKHPUR,NORTH,UP,UTTAR PRADESH,5
273406,GKU,GKU,KAURIRAM GORAKHPUR,NORTH,UP,UTTAR PRADESH,5
273408,GKU,GKU,KAURIRAM GORAKHPUR,NORTH,UP,UTTAR PRADESH,5
273409,GKU,GKU,KAURIRAM GORAKHPUR,NORTH,UP,UTTAR PRADESH,5
273411,GKU,GKU,KAURIRAM GORAKHPUR,NORTH,UP,UTTAR PRADESH,5
273412,GKU,GKU,KAURIRAM GORAKHPUR,NORTH,UP,UTTAR PRADESH,5
273413,GKU,GKU,KAURIRAM GORAKHPUR,NORTH,UP,UTTAR PRADESH,5
274001,DEO,DEO,DEORIA,NORTH,UP,UTTAR PRADESH,5
274202,DEO,DEO,DEORIA,NORTH,UP,UTTAR PRADESH,5
274204,DEO,DEO,DEORIA,NORTH,UP,UTTAR PRADESH,5
274304,KUS,KUS,KUSHINAGAR,NORTH,UP,UTTAR PRADESH,5
274401,KUS,KUS,KUSHINAGAR,NORTH,UP,UTTAR PRADESH,5
274402,KUS,KUS,KUSHINAGAR,NORTH,UP,UTTAR PRADESH,5
274403,KUS,KUS,KUSHINAGAR,NORTH,UP,UTTAR PRADESH,5
274404,DEO,DEO,DEORIA,NORTH,UP,UTTAR PRADESH,5
274406,KUS,KUS,KUSHINAGAR,NORTH,UP,UTTAR PRADESH,5
274509,DEO,DEO,DEORIA,NORTH,UP,UTTAR PRADESH,5
274601,DEO,DEO,DEORIA,NORTH,UP,UTTAR PRADESH,5
274702,DEO,DEO,DEORIA,NORTH,UP,UTTAR PRADESH,5
275101,MAU,MAU,MAU,NORTH,UP,UTTAR PRADESH,5
275102,MAU,MAU,MAU,NORTH,UP,UTTAR PRADESH,5
275201,GPX,GPX,GAZIPUR,NORTH,UP,UTTAR PRADESH,5
275301,MAU,MAU,MAU,NORTH,UP,UTTAR PRADESH,5
275303,MAU,MAU,MAU,NORTH,UP,UTTAR PRADESH,5
275304,MAU,MAU,MAU,NORTH,UP,UTTAR PRADESH,5
275305,MAU,MAU,MAU,NORTH,UP,UTTAR PRADESH,5
275307,MAU,MAU,MAU,NORTH,UP,UTTAR PRADESH,5
276001,AZG,AZG,AZAMGARH,NORTH,UP,UTTAR PRADESH,5
276121,AZG,AZG,AZAMGARH,NORTH,UP,UTTAR PRADESH,5
276128,AZG,AZG,AZAMGARH,NORTH,UP,UTTAR PRADESH,5
276129,AZG,AZG,AZAMGARH,NORTH,UP,UTTAR PRADESH,5
276141,AZG,AZG,AZAMGARH,NORTH,UP,UTTAR PRADESH,5
276202,AZG,AZG,AZAMGARH,NORTH,UP,UTTAR PRADESH,5
276204,AZG,AZG,AZAMGARH,NORTH,UP,UTTAR PRADESH,5
276206,AZG,AZG,AZAMGARH,NORTH,UP,UTTAR PRADESH,5
276207,AZG,AZG,AZAMGARH,NORTH,UP,UTTAR PRADESH,5
276303,AZG,AZG,AZAMGARH,NORTH,UP,UTTAR PRADESH,5
276304,AZG,AZG,AZAMGARH,NORTH,UP,UTTAR PRADESH,5
276305,AZG,AZG,AZAMGARH,NORTH,UP,UTTAR PRADESH,5
276306,MAU,MAU,MAU,NORTH,UP,UTTAR PRADESH,5
276402,MAU,MAU,MAU,NORTH,UP,UTTAR PRADESH,5
276403,MAU,MAU,MAU,NORTH,UP,UTTAR PRADESH,5
276404,AZG,AZG,AZAMGARH,NORTH,UP,UTTAR PRADESH,5
277001,BLX,BLX,BALLIA,NORTH,UP,UTTAR PRADESH,5
277123,BLX,BLX,BALLIA,NORTH,UP,UTTAR PRADESH,5
277202,BLX,BLX,BALLIA,NORTH,UP,UTTAR PRADESH,5
277209,BLX,BLX,BALLIA,NORTH,UP,UTTAR PRADESH,5
277211,BLX,BLX,BALLIA,NORTH,UP,UTTAR PRADESH,5
277303,BLX,BLX,BALLIA,NORTH,UP,UTTAR PRADESH,5
277304,BLX,BLX,BALLIA,NORTH,UP,UTTAR PRADESH,5
277401,BLX,BLX,BALLIA,NORTH,UP,UTTAR PRADESH,5
277501,BLX,BLX,BALLIA,NORTH,UP,UTTAR PRADESH,5
277503,BLX,BLX,BALLIA,NORTH,UP,UTTAR PRADESH,5
281001,MAT,MAT,MATHURA,NORTH,UP,UTTAR PRADESH,5
281003,MTU,MTU,MATHURA OFFICE,NORTH,UP,UTTAR PRADESH,5
281004,MAT,MAT,MATHURA,NORTH,UP,UTTAR PRADESH,5
281005,MTU,MTU,MATHURA OFFICE,NORTH,UP,UTTAR PRADESH,5
281006,MTU,MTU,MATHURA OFFICE,NORTH,UP,UTTAR PRADESH,5
281121,MTU,MTU,MATHURA OFFICE,NORTH,UP,UTTAR PRADESH,5
281122,MTU,MTU,MATHURA OFFICE,NORTH,UP,UTTAR PRADESH,5
281123,MTU,MTU,MATHURA OFFICE,NORTH,UP,UTTAR PRADESH,5
281201,MTU,MTU,MATHURA OFFICE,NORTH,UP,UTTAR PRADESH,5
281202,MTU,MTU,MATHURA OFFICE,NORTH,UP,UTTAR PRADESH,5
281204,MTU,MTU,MATHURA OFFICE,NORTH,UP,UTTAR PRADESH,5
281301,MTU,MTU,MATHURA OFFICE,NORTH,UP,UTTAR PRADESH,5
281306,HTR,HTR,HATHRAS,NORTH,UP,UTTAR PRADESH,5
281401,MTU,MTU,MATHURA OFFICE,NORTH,UP,UTTAR PRADESH,5
281403,HDL,HDL,HODAL,NORTH,HN,HARYANA,5
281406,MTU,MTU,MATHURA OFFICE,NORTH,UP,UTTAR PRADESH,5
281501,MTU,MTU,MATHURA OFFICE,NORTH,UP,UTTAR PRADESH,5
281502,MTU,MTU,MATHURA OFFICE,NORTH,UP,UTTAR PRADESH,5
282001,AGR,AGO,AGRA,NORTH,UP,UTTAR PRADESH,5
282002,AGR,AGO,AGRA,NORTH,UP,UTTAR PRADESH,5
282003,AGR,AGO,AGRA,NORTH,UP,UTTAR PRADESH,5
282004,AGR,AGO,AGRA,NORTH,UP,UTTAR PRADESH,5
282005,AGR,AGN,AGRA,NORTH,UP,UTTAR PRADESH,5
282006,AGR,AGO,AGRA,NORTH,UP,UTTAR PRADESH,5
282007,AGR,AGN,AGRA,NORTH,UP,UTTAR PRADESH,5
282008,AGR,AGN,AGRA,NORTH,UP,UTTAR PRADESH,5
282009,AGR,AGN,AGRA,NORTH,UP,UTTAR PRADESH,5
282010,AGR,AGN,AGRA,NORTH,UP,UTTAR PRADESH,5
283101,KCI,KCI,AGRA,NORTH,UP,UTTAR PRADESH,5
283102,KCI,KCI,AGRA,NORTH,UP,UTTAR PRADESH,5
283105,KCI,KCI,AGRA,NORTH,UP,UTTAR PRADESH,5
283110,KCI,KCI,AGRA,NORTH,UP,UTTAR PRADESH,5
283111,KCI,KCI,AGRA,NORTH,UP,UTTAR PRADESH,5
283112,KCI,KCI,AGRA,NORTH,UP,UTTAR PRADESH,5
283119,KCI,KCI,AGRA,NORTH,UP,UTTAR PRADESH,5
283121,KCI,KCI,AGRA,NORTH,UP,UTTAR PRADESH,5
283122,KCI,KCI,AGRA,NORTH,UP,UTTAR PRADESH,5
283124,KCI,KCI,AGRA,NORTH,UP,UTTAR PRADESH,5
283125,KCI,KCI,AGRA,NORTH,UP,UTTAR PRADESH,5
283126,KCI,KCI,AGRA,NORTH,UP,UTTAR PRADESH,5
283130,FZB,FZB,FIROZABAD,NORTH,UP,UTTAR PRADESH,5
283135,FZB,FZB,FIROZABAD,NORTH,UP,UTTAR PRADESH,5
283145,FZB,FZB,FIROZABAD,NORTH,UP,UTTAR PRADESH,5
283151,FZB,FZB,FIROZABAD,NORTH,UP,UTTAR PRADESH,5
283152,FZB,FZB,FIROZABAD,NORTH,UP,UTTAR PRADESH,5
283201,KCI,KCI,AGRA,NORTH,UP,UTTAR PRADESH,5
283202,KCI,KCI,AGRA,NORTH,UP,UTTAR PRADESH,5
283203,FZB,FZB,FIROZABAD,NORTH,UP,UTTAR PRADESH,5
283204,FZB,FZB,FIROZABAD,NORTH,UP,UTTAR PRADESH,5
284001,JNS,JNS,JHANSI,NORTH,UP,UTTAR PRADESH,5
284002,JNS,JNS,JHANSI,NORTH,UP,UTTAR PRADESH,5
284003,JNS,JNS,JHANSI,NORTH,UP,UTTAR PRADESH,5
284120,JSI,JSI,JHANSI,NORTH,UP,UTTAR PRADESH,5
284121,JSI,JSI,JHANSI,NORTH,UP,UTTAR PRADESH,5
284124,LLP,LLP,LALITPUR,NORTH,UP,UTTAR PRADESH,5
284125,LLP,LLP,LALITPUR,NORTH,UP,UTTAR PRADESH,5
284126,LLP,LLP,LALITPUR,NORTH,UP,UTTAR PRADESH,5
284128,JNS,JNS,JHANSI,NORTH,UP,UTTAR PRADESH,5
284135,JSI,JSI,JHANSI,NORTH,UP,UTTAR PRADESH,5
284201,JSI,JSI,JHANSI,NORTH,UP,UTTAR PRADESH,5
284202,JSI,JSI,JHANSI,NORTH,UP,UTTAR PRADESH,5
284204,JSI,JSI,JHANSI,NORTH,UP,UTTAR PRADESH,5
284205,JSI,JSI,JHANSI,NORTH,UP,UTTAR PRADESH,5
284301,JSI,JSI,JHANSI,NORTH,UP,UTTAR PRADESH,5
284303,JSI,JSI,JHANSI,NORTH,UP,UTTAR PRADESH,5
284305,JSI,JSI,JHANSI,NORTH,UP,UTTAR PRADESH,5
284401,JSI,JSI,JHANSI,NORTH,UP,UTTAR PRADESH,5
284403,LLP,LLP,LALITPUR,NORTH,UP,UTTAR PRADESH,5
284404,LLP,LLP,LALITPUR,NORTH,UP,UTTAR PRADESH,5
284405,LLP,LLP,LALITPUR,NORTH,UP,UTTAR PRADESH,5
285001,ORA,ORA,ORAI,NORTH,UP,UTTAR PRADESH,5
285122,ORI,ORI,ORAI OFFICE,NORTH,UP,UTTAR PRADESH,5
285123,ORI,ORI,ORAI OFFICE,NORTH,UP,UTTAR PRADESH,5
285201,ORI,ORI,ORAI OFFICE,NORTH,UP,UTTAR PRADESH,5
285202,ORI,ORI,ORAI OFFICE,NORTH,UP,UTTAR PRADESH,5
285204,ORI,ORI,ORAI OFFICE,NORTH,UP,UTTAR PRADESH,5
285205,ORI,ORI,ORAI OFFICE,NORTH,UP,UTTAR PRADESH,5
301001,DLW,DLW,ALWAR,NORTH,RJ,RAJASTHAN,5
301018,KKH,KKH,KUSHKHERA,NORTH,RJ,RAJASTHAN,5
301019,KKH,KKH,KUSHKHERA,NORTH,RJ,RAJASTHAN,5
301020,NMR,NMN,NEEMRANA,NORTH,RJ,RAJASTHAN,5
301021,DLW,DLW,ALWAR,NORTH,RJ,RAJASTHAN,5
301022,KOU,KOU,KOTPUTALI,NORTH,RJ,RAJASTHAN,5
301024,KOU,KOU,KOTPUTALI,NORTH,RJ,RAJASTHAN,5
301030,DLW,DLW,ALWAR,NORTH,RJ,RAJASTHAN,5
301402,KOU,KOU,KOTPUTALI,NORTH,RJ,RAJASTHAN,5
301404,DLW,DLW,ALWAR,NORTH,RJ,RAJASTHAN,5
301405,DLW,DLW,ALWAR,NORTH,RJ,RAJASTHAN,5
301411,KKH,KKH,KUSHKHERA,NORTH,RJ,RAJASTHAN,5
301427,NMR,NMN,NEEMRANA,NORTH,RJ,RAJASTHAN,5
301701,NMR,NMN,NEEMRANA,NORTH,RJ,RAJASTHAN,5
301702,KKH,KKH,KUSHKHERA,NORTH,RJ,RAJASTHAN,5
301703,NMR,NMN,NEEMRANA,NORTH,RJ,RAJASTHAN,5
301704,NMR,NMN,NEEMRANA,NORTH,RJ,RAJASTHAN,5
301705,NMR,NMN,NEEMRANA,NORTH,RJ,RAJASTHAN,5
301706,NMR,NMN,NEEMRANA,NORTH,RJ,RAJASTHAN,5
301707,KKH,KKH,KUSHKHERA,NORTH,RJ,RAJASTHAN,5
301713,NMR,NMN,NEEMRANA,NORTH,RJ,RAJASTHAN,5
302001,JAI,JAC,M I ROAD OFFICE,NORTH,RJ,RAJASTHAN,5
302002,JAI,JAC,M I ROAD OFFICE,NORTH,RJ,RAJASTHAN,5
302003,JAI,JAC,M I ROAD OFFICE,NORTH,RJ,RAJASTHAN,5
302004,JAI,JPR,JAIPUR,NORTH,RJ,RAJASTHAN,5
302005,JAI,JPR,JAIPUR,NORTH,RJ,RAJASTHAN,5
302006,JAI,JPR,JAIPUR,NORTH,RJ,RAJASTHAN,5
302007,JAI,JPR,JAIPUR,NORTH,RJ,RAJASTHAN,5
302008,JAI,JPR,JAIPUR,NORTH,RJ,RAJASTHAN,5
302009,JAI,JPR,JAIPUR,NORTH,RJ,RAJASTHAN,5
302010,JAI,JPR,JAIPUR,NORTH,RJ,RAJASTHAN,5
302011,JAI,JMN,JAIPUR MALVIYA NAGAR,NORTH,RJ,RAJASTHAN,5
302012,JAI,JVK,JAIPUR,NORTH,RJ,RAJASTHAN,5
302013,JAI,JVK,JAIPUR,NORTH,RJ,RAJASTHAN,5
302015,JAI,JPR,JAIPUR,NORTH,RJ,RAJASTHAN,5
302016,JAI,JVK,JAIPUR,NORTH,RJ,RAJASTHAN,5
302017,JAI,JMN,JAIPUR MALVIYA NAGAR,NORTH,RJ,RAJASTHAN,5
302018,JAI,JPR,JAIPUR,NORTH,RJ,RAJASTHAN,5
302019,JAI,JVC,VAISHALI NAGAR,NORTH,RJ,RAJASTHAN,5
302020,JAI,JMR,JAIPUR MANSAROVAR,NORTH,RJ,RAJASTHAN,5
302021,JAI,JVC,VAISHALI NAGAR,NORTH,RJ,RAJASTHAN,5
302022,JAI,JMN,JAIPUR MALVIYA NAGAR,NORTH,RJ,RAJASTHAN,5
302023,JAI,JVN,JAIPUR VIDHADHAR NAGAR,NORTH,RJ,RAJASTHAN,5
302024,JAI,JVC,VAISHALI NAGAR,NORTH,RJ,RAJASTHAN,5
302025,JAI,JMN,JAIPUR MALVIYA NAGAR,NORTH,RJ,RAJASTHAN,5
302026,JAI,JVC,VAISHALI NAGAR,NORTH,RJ,RAJASTHAN,5
302027,JKN,JKN,JAIPUR KANOTA,NORTH,RJ,RAJASTHAN,5
302028,JAI,JAC,M I ROAD OFFICE,NORTH,RJ,RAJASTHAN,5
302029,JAI,JMN,JAIPUR MALVIYA NAGAR,NORTH,RJ,RAJASTHAN,5
302031,JKN,JKN,JAIPUR KANOTA,NORTH,RJ,RAJASTHAN,5
302032,JAI,JVK,JAIPUR,NORTH,RJ,RAJASTHAN,5
302033,JAI,JMN,JAIPUR MALVIYA NAGAR,NORTH,RJ,RAJASTHAN,5
302034,JAI,JVC,VAISHALI NAGAR,NORTH,RJ,RAJASTHAN,5
302037,JBG,JBG,JAIPUR BAGRU,NORTH,RJ,RAJASTHAN,5
302039,JAI,JVN,JAIPUR VIDHADHAR NAGAR,NORTH,RJ,RAJASTHAN,5
303005,SVD,SVD,SHIVDASPURA,NORTH,RJ,RAJASTHAN,5
303007,JBG,JBG,JAIPUR BAGRU,NORTH,RJ,RAJASTHAN,5
303008,KGH,KGH,KISHANGARH,NORTH,RJ,RAJASTHAN,5
303012,JKN,JKN,JAIPUR KANOTA,NORTH,RJ,RAJASTHAN,5
303101,JAI,JAC,M I ROAD OFFICE,NORTH,RJ,RAJASTHAN,5
303103,KOU,KOU,KOTPUTALI,NORTH,RJ,RAJASTHAN,5
303106,KOU,KOU,KOTPUTALI,NORTH,RJ,RAJASTHAN,5
303108,KOU,KOU,KOTPUTALI,NORTH,RJ,RAJASTHAN,5
303301,JKN,JKN,JAIPUR KANOTA,NORTH,RJ,RAJASTHAN,5
303303,DUS,DUS,DAUSA,NORTH,RJ,RAJASTHAN,5
303305,DUS,DUS,DAUSA,NORTH,RJ,RAJASTHAN,5
303313,DUS,DUS,DAUSA,NORTH,RJ,RAJASTHAN,5
303326,DUS,DUS,DAUSA,NORTH,RJ,RAJASTHAN,5
303338,JBG,JBG,JAIPUR BAGRU,NORTH,RJ,RAJASTHAN,5
303501,DUS,DUS,DAUSA,NORTH,RJ,RAJASTHAN,5
303505,DUS,DUS,DAUSA,NORTH,RJ,RAJASTHAN,5
303509,DUS,DUS,DAUSA,NORTH,RJ,RAJASTHAN,5
303511,DUS,DUS,DAUSA,NORTH,RJ,RAJASTHAN,5
303702,JCH,JCH,JAIPUR CHOMU,NORTH,RJ,RAJASTHAN,5
303704,JCH,JCH,JAIPUR CHOMU,NORTH,RJ,RAJASTHAN,5
303712,JCH,JCH,JAIPUR CHOMU,NORTH,RJ,RAJASTHAN,5
303805,JCH,JCH,JAIPUR CHOMU,NORTH,RJ,RAJASTHAN,5
303806,JCH,JCH,JAIPUR CHOMU,NORTH,RJ,RAJASTHAN,5
303901,TNK,TNK,TONK,NORTH,RJ,RAJASTHAN,5
303903,SVD,SVD,SHIVDASPURA,NORTH,RJ,RAJASTHAN,5
303904,SVD,SVD,SHIVDASPURA,NORTH,RJ,RAJASTHAN,5
303905,SVD,SVD,SHIVDASPURA,NORTH,RJ,RAJASTHAN,5
303908,TNK,TNK,TONK,NORTH,RJ,RAJASTHAN,5
304021,TNK,TNK,TONK,NORTH,RJ,RAJASTHAN,5
304022,TNK,TNK,TONK,NORTH,RJ,RAJASTHAN,5
305001,ANX,ACO,AJMER,NORTH,RJ,RAJASTHAN,5
305002,ANX,ACO,AJMER,NORTH,RJ,RAJASTHAN,5
305003,ANX,ACO,AJMER,NORTH,RJ,RAJASTHAN,5
305004,ANX,ACO,AJMER,NORTH,RJ,RAJASTHAN,5
305007,ANX,ACO,AJMER,NORTH,RJ,RAJASTHAN,5
305022,ANX,ACO,AJMER,NORTH,RJ,RAJASTHAN,5
305404,TNK,TNK,TONK,NORTH,RJ,RAJASTHAN,5
305601,KGH,KGH,KISHANGARH,NORTH,RJ,RAJASTHAN,5
305624,GBN,GBN,GULABPURA,NORTH,RJ,RAJASTHAN,5
305801,KGH,KGH,KISHANGARH,NORTH,RJ,RAJASTHAN,5
305802,KGH,KGH,KISHANGARH,NORTH,RJ,RAJASTHAN,5
305901,BWR,BWR,BEAWAR,NORTH,RJ,RAJASTHAN,5
306103,PLE,PLE,PALI EXPANSION,NORTH,RJ,RAJASTHAN,5
306104,PLE,PLE,PALI EXPANSION,NORTH,RJ,RAJASTHAN,5
306115,PLE,PLE,PALI EXPANSION,NORTH,RJ,RAJASTHAN,5
306116,PLE,PLE,PALI EXPANSION,NORTH,RJ,RAJASTHAN,5
306401,PLE,PLE,PALI EXPANSION,NORTH,RJ,RAJASTHAN,5
306902,SEJ,SEJ,SHEOGANJ AND SUMERPUR,NORTH,RJ,RAJASTHAN,5
307001,SIO,SIO,SIROHI,NORTH,RJ,RAJASTHAN,5
307019,SIO,SIO,SIROHI,NORTH,RJ,RAJASTHAN,5
307022,SIO,SIO,SIROHI,NORTH,RJ,RAJASTHAN,5
307023,ABO,ABO,ABU ROAD,NORTH,RJ,RAJASTHAN,5
307026,ABO,ABO,ABU ROAD,NORTH,RJ,RAJASTHAN,5
307027,SEJ,SEJ,SHEOGANJ AND SUMERPUR,NORTH,RJ,RAJASTHAN,5
307029,JLR,JLR,JALORE,NORTH,RJ,RAJASTHAN,5
307510,ABO,ABO,ABU ROAD,NORTH,RJ,RAJASTHAN,5
307513,ABO,ABO,ABU ROAD,NORTH,RJ,RAJASTHAN,5
307514,ABO,ABO,ABU ROAD,NORTH,RJ,RAJASTHAN,5
307801,SIO,SIO,SIROHI,NORTH,RJ,RAJASTHAN,5
311001,BLW,BLW,BHILWARA,NORTH,RJ,RAJASTHAN,5
311011,BLW,BLW,BHILWARA,NORTH,RJ,RAJASTHAN,5
311021,GBN,GBN,GULABPURA,NORTH,RJ,RAJASTHAN,5
311022,GBN,GBN,GULABPURA,NORTH,RJ,RAJASTHAN,5
311024,BLW,BLW,BHILWARA,NORTH,RJ,RAJASTHAN,5
311025,BLW,BLW,BHILWARA,NORTH,RJ,RAJASTHAN,5
311301,BLW,BLW,BHILWARA,NORTH,RJ,RAJASTHAN,5
311401,BLW,BLW,BHILWARA,NORTH,RJ,RAJASTHAN,5
311402,BLW,BLW,BHILWARA,NORTH,RJ,RAJASTHAN,5
311403,BLW,BLW,BHILWARA,NORTH,RJ,RAJASTHAN,5
311601,BLW,BLW,BHILWARA,NORTH,RJ,RAJASTHAN,5
311603,BLW,BLW,BHILWARA,NORTH,RJ,RAJASTHAN,5
311604,BLW,BLW,BHILWARA,NORTH,RJ,RAJASTHAN,5
311801,BLW,BLW,BHILWARA,NORTH,RJ,RAJASTHAN,5
311802,BLW,BLW,BHILWARA,NORTH,RJ,RAJASTHAN,5
312001,CGR,CGR,CHITTORGARH,NORTH,RJ,RAJASTHAN,5
312021,CGR,CGR,CHITTORGARH,NORTH,RJ,RAJASTHAN,5
312022,CGR,CGR,CHITTORGARH,NORTH,RJ,RAJASTHAN,5
312024,CGR,CGR,CHITTORGARH,NORTH,RJ,RAJASTHAN,5
312601,NIM,NIM,NIMBAHERA,NORTH,RJ,RAJASTHAN,5
312605,PPG,PPG,PRATAPGARH,NORTH,RJ,RAJASTHAN,5
312612,NIM,NIM,NIMBAHERA,NORTH,RJ,RAJASTHAN,5
312617,NIM,NIM,NIMBAHERA,NORTH,RJ,RAJASTHAN,5
312901,CGR,CGR,CHITTORGARH,NORTH,RJ,RAJASTHAN,5
313001,UDI,UDR,UDAIPUR,NORTH,RJ,RAJASTHAN,5
313002,UDI,UDR,UDAIPUR,NORTH,RJ,RAJASTHAN,5
313003,UDI,UDR,UDAIPUR,NORTH,RJ,RAJASTHAN,5
313004,UDI,UDR,UDAIPUR,NORTH,RJ,RAJASTHAN,5
313011,UDI,UDR,UDAIPUR,NORTH,RJ,RAJASTHAN,5
313022,UDE,UDE,UDAIPUR EXPANSION,NORTH,RJ,RAJASTHAN,5
313024,UDE,UDE,UDAIPUR EXPANSION,NORTH,RJ,RAJASTHAN,5
313202,UDE,UDE,UDAIPUR EXPANSION,NORTH,RJ,RAJASTHAN,5
313203,FTN,FTN,FATEHNAGAR,NORTH,RJ,RAJASTHAN,5
313205,FTN,FTN,FATEHNAGAR,NORTH,RJ,RAJASTHAN,5
313211,FTN,FTN,FATEHNAGAR,NORTH,RJ,RAJASTHAN,5
313301,FTN,FTN,FATEHNAGAR,NORTH,RJ,RAJASTHAN,5
313324,RSM,RSM,RAJSAMAND,NORTH,RJ,RAJASTHAN,5
313601,FTN,FTN,FATEHNAGAR,NORTH,RJ,RAJASTHAN,5
313602,FTN,FTN,FATEHNAGAR,NORTH,RJ,RAJASTHAN,5
313901,UDE,UDE,UDAIPUR EXPANSION,NORTH,RJ,RAJASTHAN,5
321001,BHP,BHP,BHARATPUR,NORTH,RJ,RAJASTHAN,5
321201,BHP,BHP,BHARATPUR,NORTH,RJ,RAJASTHAN,5
321202,BHP,BHP,BHARATPUR,NORTH,RJ,RAJASTHAN,5
321401,BHP,BHP,BHARATPUR,NORTH,RJ,RAJASTHAN,5
321404,BHP,BHP,BHARATPUR,NORTH,RJ,RAJASTHAN,5
321602,BHP,BHP,BHARATPUR,NORTH,RJ,RAJASTHAN,5
322001,SWM,SWM,SAWAI MADHOPUR,NORTH,RJ,RAJASTHAN,5
322021,SWM,SWM,SAWAI MADHOPUR,NORTH,RJ,RAJASTHAN,5
322024,SWM,SWM,SAWAI MADHOPUR,NORTH,RJ,RAJASTHAN,5
322201,KRU,KRU,KARAULI,NORTH,RJ,RAJASTHAN,5
322220,KRU,KRU,KARAULI,NORTH,RJ,RAJASTHAN,5
322230,KRU,KRU,KARAULI,NORTH,RJ,RAJASTHAN,5
322241,KRU,KRU,KARAULI,NORTH,RJ,RAJASTHAN,5
322702,SWM,SWM,SAWAI MADHOPUR,NORTH,RJ,RAJASTHAN,5
323001,BUN,BUN,BUNDI,NORTH,RJ,RAJASTHAN,5
323021,BUN,BUN,BUNDI,NORTH,RJ,RAJASTHAN,5
324001,KOC,KOC,KOTA EXPANSION,NORTH,RJ,RAJASTHAN,5
324002,KOC,KOC,KOTA EXPANSION,NORTH,RJ,RAJASTHAN,5
324003,KOC,KOC,KOTA EXPANSION,NORTH,RJ,RAJASTHAN,5
324004,KOC,KOC,KOTA EXPANSION,NORTH,RJ,RAJASTHAN,5
324005,KOC,KOC,KOTA EXPANSION,NORTH,RJ,RAJASTHAN,5
324006,KOC,KOC,KOTA EXPANSION,NORTH,RJ,RAJASTHAN,5
324007,KOC,KOC,KOTA EXPANSION,NORTH,RJ,RAJASTHAN,5
324008,KOC,KOC,KOTA EXPANSION,NORTH,RJ,RAJASTHAN,5
324009,KOC,KOC,KOTA EXPANSION,NORTH,RJ,RAJASTHAN,5
324010,KOC,KOC,KOTA EXPANSION,NORTH,RJ,RAJASTHAN,5
325001,KOC,KOC,KOTA EXPANSION,NORTH,RJ,RAJASTHAN,5
325004,KOC,KOC,KOTA EXPANSION,NORTH,RJ,RAJASTHAN,5
325202,KOC,KOC,KOTA EXPANSION,NORTH,RJ,RAJASTHAN,5
325601,JHL,JHL,JHALAWAR,NORTH,RJ,RAJASTHAN,5
326001,JHL,JHL,JHALAWAR,NORTH,RJ,RAJASTHAN,5
326038,JHL,JHL,JHALAWAR,NORTH,RJ,RAJASTHAN,5
327001,BWA,BWA,BANSWADA,NORTH,RJ,RAJASTHAN,5
327022,PRP,PRP,PRATAPUR,NORTH,RJ,RAJASTHAN,5
327024,PRP,PRP,PRATAPUR,NORTH,RJ,RAJASTHAN,5
328001,DLP,DLP,DHOLPUR,NORTH,RJ,RAJASTHAN,5
328021,DLP,DLP,DHOLPUR,NORTH,RJ,RAJASTHAN,5
328024,DLP,DLP,DHOLPUR,NORTH,RJ,RAJASTHAN,5
331001,CRU,CRU,CHURU,NORTH,RJ,RAJASTHAN,5
331022,CRU,CRU,CHURU,NORTH,RJ,RAJASTHAN,5
331023,PIZ,PIZ,PILANI VK PLAZA,NORTH,RJ,RAJASTHAN,5
331024,CRU,CRU,CHURU,NORTH,RJ,RAJASTHAN,5
331027,CRU,CRU,CHURU,NORTH,RJ,RAJASTHAN,5
331028,JHN,JHN,JHUNJHUNU,NORTH,RJ,RAJASTHAN,5
331304,CRU,CRU,CHURU,NORTH,RJ,RAJASTHAN,5
331403,SDS,SDS,SARDARSAHAR,NORTH,RJ,RAJASTHAN,5
331506,SUJ,SUJ,SUJANGARH,NORTH,RJ,RAJASTHAN,5
331507,SUJ,SUJ,SUJANGARH,NORTH,RJ,RAJASTHAN,5
331517,SUJ,SUJ,SUJANGARH,NORTH,RJ,RAJASTHAN,5
331802,SDS,SDS,SARDARSAHAR,NORTH,RJ,RAJASTHAN,5
331803,DGG,DGG,SHRIDUNGARGARH,NORTH,RJ,RAJASTHAN,5
331811,DGG,DGG,SHRIDUNGARGARH,NORTH,RJ,RAJASTHAN,5
332001,SKR,SIK,SIKAR,NORTH,RJ,RAJASTHAN,5
332002,SKR,SIK,SIKAR,NORTH,RJ,RAJASTHAN,5
332021,SKR,SIK,SIKAR,NORTH,RJ,RAJASTHAN,5
332023,SKR,SIK,SIKAR,NORTH,RJ,RAJASTHAN,5
332024,SKR,SIK,SIKAR,NORTH,RJ,RAJASTHAN,5
332031,SKR,SIK,SIKAR,NORTH,RJ,RAJASTHAN,5
332041,SKR,SIK,SIKAR,NORTH,RJ,RAJASTHAN,5
332301,CRU,CRU,CHURU,NORTH,RJ,RAJASTHAN,5
332311,NWL,NWL,NAWALGARH,NORTH,RJ,RAJASTHAN,5
332402,SKR,SIK,SIKAR,NORTH,RJ,RAJASTHAN,5
332403,SKR,SIK,SIKAR,NORTH,RJ,RAJASTHAN,5
332404,SKR,SIK,SIKAR,NORTH,RJ,RAJASTHAN,5
332713,KOU,KOU,KOTPUTALI,NORTH,RJ,RAJASTHAN,5
332715,SKR,SIK,SIKAR,NORTH,RJ,RAJASTHAN,5
332718,KOU,KOU,KOTPUTALI,NORTH,RJ,RAJASTHAN,5
333001,JHN,JHN,JHUNJHUNU,NORTH,RJ,RAJASTHAN,5
333021,JHN,JHN,JHUNJHUNU,NORTH,RJ,RAJASTHAN,5
333022,JHN,JHN,JHUNJHUNU,NORTH,RJ,RAJASTHAN,5
333023,JHN,JHN,JHUNJHUNU,NORTH,RJ,RAJASTHAN,5
333025,JHN,JHN,JHUNJHUNU,NORTH,RJ,RAJASTHAN,5
333026,PIZ,PIZ,PILANI VK PLAZA,NORTH,RJ,RAJASTHAN,5
333029,PIZ,PIZ,PILANI VK PLAZA,NORTH,RJ,RAJASTHAN,5
333031,PIZ,PIZ,PILANI VK PLAZA,NORTH,RJ,RAJASTHAN,5
333035,PIZ,PIZ,PILANI VK PLAZA,NORTH,RJ,RAJASTHAN,5
333042,NWL,NWL,NAWALGARH,NORTH,RJ,RAJASTHAN,5
333307,NWL,NWL,NAWALGARH,NORTH,RJ,RAJASTHAN,5
333704,JHN,JHN,JHUNJHUNU,NORTH,RJ,RAJASTHAN,5
333705,NWL,NWL,NAWALGARH,NORTH,RJ,RAJASTHAN,5
334001,BKN,BKN,BIKANER,NORTH,RJ,RAJASTHAN,5
334003,BKN,BKN,BIKANER,NORTH,RJ,RAJASTHAN,5
334004,BKN,BKN,BIKANER,NORTH,RJ,RAJASTHAN,5
334006,BKN,BKN,BIKANER,NORTH,RJ,RAJASTHAN,5
334022,BKN,BKN,BIKANER,NORTH,RJ,RAJASTHAN,5
334401,BKN,BKN,BIKANER,NORTH,RJ,RAJASTHAN,5
334603,DGG,DGG,SHRIDUNGARGARH,NORTH,RJ,RAJASTHAN,5
334802,NKH,NKH,NOKHA,NORTH,RJ,RAJASTHAN,5
334803,NKH,NKH,NOKHA,NORTH,RJ,RAJASTHAN,5
335001,SNE,SNE,SRIGANGANAGAR,NORTH,RJ,RAJASTHAN,5
335002,SNE,SNE,SRIGANGANAGAR,NORTH,RJ,RAJASTHAN,5
335024,SNE,SNE,SRIGANGANAGAR,NORTH,RJ,RAJASTHAN,5
335027,SNE,SNE,SRIGANGANAGAR,NORTH,RJ,RAJASTHAN,5
335037,SNE,SNE,SRIGANGANAGAR,NORTH,RJ,RAJASTHAN,5
335041,SNE,SNE,SRIGANGANAGAR,NORTH,RJ,RAJASTHAN,5
335051,SNE,SNE,SRIGANGANAGAR,NORTH,RJ,RAJASTHAN,5
335062,HNE,HNE,HANUMANGARH,NORTH,RJ,RAJASTHAN,5
335063,HNE,HNE,HANUMANGARH,NORTH,RJ,RAJASTHAN,5
335073,SNE,SNE,SRIGANGANAGAR,NORTH,RJ,RAJASTHAN,5
335501,NOH,NOH,NOHAR,NORTH,RJ,RAJASTHAN,5
335502,NOH,NOH,NOHAR,NORTH,RJ,RAJASTHAN,5
335504,NOH,NOH,NOHAR,NORTH,RJ,RAJASTHAN,5
335505,ADM,ADM,MANDI ADAMPUR,NORTH,HN,HARYANA,5
335511,ADM,ADM,MANDI ADAMPUR,NORTH,HN,HARYANA,5
335512,HNE,HNE,HANUMANGARH,NORTH,RJ,RAJASTHAN,5
335513,HNE,HNE,HANUMANGARH,NORTH,RJ,RAJASTHAN,5
335514,ADM,ADM,MANDI ADAMPUR,NORTH,HN,HARYANA,5
335523,NOH,NOH,NOHAR,NORTH,RJ,RAJASTHAN,5
335524,HNE,HNE,HANUMANGARH,NORTH,RJ,RAJASTHAN,5
335525,ELB,ELB,ELLENABAD,NORTH,HN,HARYANA,5
335526,HNE,HNE,HANUMANGARH,NORTH,RJ,RAJASTHAN,5
335702,STG,STG,SURATGARH,NORTH,RJ,RAJASTHAN,5
335704,STG,STG,SURATGARH,NORTH,RJ,RAJASTHAN,5
335801,HNE,HNE,HANUMANGARH,NORTH,RJ,RAJASTHAN,5
335802,HNE,HNE,HANUMANGARH,NORTH,RJ,RAJASTHAN,5
335803,HNE,HNE,HANUMANGARH,NORTH,RJ,RAJASTHAN,5
335804,STG,STG,SURATGARH,NORTH,RJ,RAJASTHAN,5
335805,STG,STG,SURATGARH,NORTH,RJ,RAJASTHAN,5
341001,NGR,NGR,NAGAUR,NORTH,RJ,RAJASTHAN,5
341021,NGR,NGR,NAGAUR,NORTH,RJ,RAJASTHAN,5
341024,NGR,NGR,NAGAUR,NORTH,RJ,RAJASTHAN,5
341026,NGR,NGR,NAGAUR,NORTH,RJ,RAJASTHAN,5
341028,NGR,NGR,NAGAUR,NORTH,RJ,RAJASTHAN,5
341302,KCM,KCM,KUCHAMAN CITY,NORTH,RJ,RAJASTHAN,5
341303,KCM,KCM,KUCHAMAN CITY,NORTH,RJ,RAJASTHAN,5
341304,SUJ,SUJ,SUJANGARH,NORTH,RJ,RAJASTHAN,5
341306,SUJ,SUJ,SUJANGARH,NORTH,RJ,RAJASTHAN,5
341316,SUJ,SUJ,SUJANGARH,NORTH,RJ,RAJASTHAN,5
341502,KCM,KCM,KUCHAMAN CITY,NORTH,RJ,RAJASTHAN,5
341505,KCM,KCM,KUCHAMAN CITY,NORTH,RJ,RAJASTHAN,5
341506,KCM,KCM,KUCHAMAN CITY,NORTH,RJ,RAJASTHAN,5
341508,KCM,KCM,KUCHAMAN CITY,NORTH,RJ,RAJASTHAN,5
341509,KCM,KCM,KUCHAMAN CITY,NORTH,RJ,RAJASTHAN,5
341512,KGH,KGH,KISHANGARH,NORTH,RJ,RAJASTHAN,5
342001,JOD,JDP,JODHPUR,NORTH,RJ,RAJASTHAN,5
342002,JOD,JDP,JODHPUR,NORTH,RJ,RAJASTHAN,5
342003,JOD,JDP,JODHPUR,NORTH,RJ,RAJASTHAN,5
342004,JOD,JDP,JODHPUR,NORTH,RJ,RAJASTHAN,5
342005,JOD,JDP,JODHPUR,NORTH,RJ,RAJASTHAN,5
342006,JOD,JDP,JODHPUR,NORTH,RJ,RAJASTHAN,5
342007,JOD,JDP,JODHPUR,NORTH,RJ,RAJASTHAN,5
342008,JOD,JDP,JODHPUR,NORTH,RJ,RAJASTHAN,5
342009,JOD,JDP,JODHPUR,NORTH,RJ,RAJASTHAN,5
342010,JOD,JDP,JODHPUR,NORTH,RJ,RAJASTHAN,5
342011,JOD,JDP,JODHPUR,NORTH,RJ,RAJASTHAN,5
342012,JOD,JDP,JODHPUR,NORTH,RJ,RAJASTHAN,5
342013,JOD,JDP,JODHPUR,NORTH,RJ,RAJASTHAN,5
342014,JOD,JDP,JODHPUR,NORTH,RJ,RAJASTHAN,5
342015,JOD,JDP,JODHPUR,NORTH,RJ,RAJASTHAN,5
342024,JOD,JDP,JODHPUR,NORTH,RJ,RAJASTHAN,5
342026,JOD,JDP,JODHPUR,NORTH,RJ,RAJASTHAN,5
342027,JOD,JDP,JODHPUR,NORTH,RJ,RAJASTHAN,5
342037,JOD,JDP,JODHPUR,NORTH,RJ,RAJASTHAN,5
342301,PHD,PHD,PHALODI,NORTH,RJ,RAJASTHAN,5
342304,JOD,JDP,JODHPUR,NORTH,RJ,RAJASTHAN,5
342305,JOD,JDP,JODHPUR,NORTH,RJ,RAJASTHAN,5
342307,PHD,PHD,PHALODI,NORTH,RJ,RAJASTHAN,5
342601,JOD,JDP,JODHPUR,NORTH,RJ,RAJASTHAN,5
342801,JOD,JDP,JODHPUR,NORTH,RJ,RAJASTHAN,5
343001,JLR,JLR,JALORE,NORTH,RJ,RAJASTHAN,5
343022,JLR,JLR,JALORE,NORTH,RJ,RAJASTHAN,5
343029,JLR,JLR,JALORE,NORTH,RJ,RAJASTHAN,5
344001,BMR,BMR,BARMER,NORTH,RJ,RAJASTHAN,5
344011,BMR,BMR,BARMER,NORTH,RJ,RAJASTHAN,5
344022,BLT,BLT,BALOTRA,NORTH,RJ,RAJASTHAN,5
344024,BLT,BLT,BALOTRA,NORTH,RJ,RAJASTHAN,5
344032,BLT,BLT,BALOTRA,NORTH,RJ,RAJASTHAN,5
344033,BLT,BLT,BALOTRA,NORTH,RJ,RAJASTHAN,5
344034,BMR,BMR,BARMER,NORTH,RJ,RAJASTHAN,5
344035,BMR,BMR,BARMER,NORTH,RJ,RAJASTHAN,5
344701,BMR,BMR,BARMER,NORTH,RJ,RAJASTHAN,5
344702,BMR,BMR,BARMER,NORTH,RJ,RAJASTHAN,5
345001,JSL,JSL,JAISALMER,NORTH,RJ,RAJASTHAN,5
345021,PHD,PHD,PHALODI,NORTH,RJ,RAJASTHAN,5
360001,RJK,RKT,RAJKOT,WEST2,GJ,GUJARAT,4
360002,RJK,RKT,RAJKOT,WEST2,GJ,GUJARAT,4
360003,RJK,RKT,RAJKOT,WEST2,GJ,GUJARAT,4
360004,RJK,RKT,RAJKOT,WEST2,GJ,GUJARAT,4
360005,RJK,RKT,RAJKOT,WEST2,GJ,GUJARAT,4
360006,RJK,RKT,RAJKOT,WEST2,GJ,GUJARAT,4
360007,RJK,RKT,RAJKOT,WEST2,GJ,GUJARAT,4
360008,RJK,RKT,RAJKOT,WEST2,GJ,GUJARAT,4
360009,RJK,RKT,RAJKOT,WEST2,GJ,GUJARAT,4
360020,ROX,ROX,RAJKOT EXTENSION,WEST2,GJ,GUJARAT,4
360021,RJK,RKT,RAJKOT,WEST2,GJ,GUJARAT,4
360024,RJK,RKT,RAJKOT,WEST2,GJ,GUJARAT,4
360040,VCH,VCH,VINCHHIYA,WEST2,GJ,GUJARAT,4
360050,VCH,VCH,VINCHHIYA,WEST2,GJ,GUJARAT,4
360055,VCH,VCH,VINCHHIYA,WEST2,GJ,GUJARAT,4
360060,VCH,VCH,VINCHHIYA,WEST2,GJ,GUJARAT,4
360070,GDL,GDL,GONDAL,WEST2,GJ,GUJARAT,4
360110,ROX,ROX,RAJKOT EXTENSION,WEST2,GJ,GUJARAT,4
360311,GDL,GDL,GONDAL,WEST2,GJ,GUJARAT,4
360320,GDL,GDL,GONDAL,WEST2,GJ,GUJARAT,4
360360,JET,JET,JETPUR,WEST2,GJ,GUJARAT,4
360370,JET,JET,JETPUR,WEST2,GJ,GUJARAT,4
360375,JET,JET,JETPUR,WEST2,GJ,GUJARAT,4
360405,DRJ,DRJ,DHORAJI,WEST2,GJ,GUJARAT,4
360410,DRJ,DRJ,DHORAJI,WEST2,GJ,GUJARAT,4
360421,DRJ,DRJ,DHORAJI,WEST2,GJ,GUJARAT,4
360430,DRJ,DRJ,DHORAJI,WEST2,GJ,GUJARAT,4
360440,DRJ,DRJ,DHORAJI,WEST2,GJ,GUJARAT,4
360450,DRJ,DRJ,DHORAJI,WEST2,GJ,GUJARAT,4
360452,DRJ,DRJ,DHORAJI,WEST2,GJ,GUJARAT,4
360460,DRJ,DRJ,DHORAJI,WEST2,GJ,GUJARAT,4
360470,DRJ,DRJ,DHORAJI,WEST2,GJ,GUJARAT,4
360480,DRJ,DRJ,DHORAJI,WEST2,GJ,GUJARAT,4
360490,DRJ,DRJ,DHORAJI,WEST2,GJ,GUJARAT,4
360510,DOL,DOL,DHROL,WEST2,GJ,GUJARAT,4
360530,DRJ,DRJ,DHORAJI,WEST2,GJ,GUJARAT,4
360545,POR,POR,PORBANDAR,WEST2,GJ,GUJARAT,4
360550,POR,POR,PORBANDAR,WEST2,GJ,GUJARAT,4
360560,POR,POR,PORBANDAR,WEST2,GJ,GUJARAT,4
360570,POR,POR,PORBANDAR,WEST2,GJ,GUJARAT,4
360575,POR,POR,PORBANDAR,WEST2,GJ,GUJARAT,4
360576,POR,POR,PORBANDAR,WEST2,GJ,GUJARAT,4
360577,POR,POR,PORBANDAR,WEST2,GJ,GUJARAT,4
360578,POR,POR,PORBANDAR,WEST2,GJ,GUJARAT,4
360579,POR,POR,PORBANDAR,WEST2,GJ,GUJARAT,4
360590,POR,POR,PORBANDAR,WEST2,GJ,GUJARAT,4
361001,QGR,QGN,JAMNAGAR,WEST2,GJ,GUJARAT,4
361002,QGR,QGN,JAMNAGAR,WEST2,GJ,GUJARAT,4
361003,QGR,QGN,JAMNAGAR,WEST2,GJ,GUJARAT,4
361004,QGR,QGN,JAMNAGAR,WEST2,GJ,GUJARAT,4
361005,QGR,QGN,JAMNAGAR,WEST2,GJ,GUJARAT,4
361006,QGR,QGN,JAMNAGAR,WEST2,GJ,GUJARAT,4
361007,QGR,QGN,JAMNAGAR,WEST2,GJ,GUJARAT,4
361008,QGR,QGN,JAMNAGAR,WEST2,GJ,GUJARAT,4
361009,QGR,QGN,JAMNAGAR,WEST2,GJ,GUJARAT,4
361010,DOL,DOL,DHROL,WEST2,GJ,GUJARAT,4
361110,QGR,QGN,JAMNAGAR,WEST2,GJ,GUJARAT,4
361120,QGR,QGN,JAMNAGAR,WEST2,GJ,GUJARAT,4
361140,SKK,SKK,SIKKA,WEST2,GJ,GUJARAT,4
361141,SKK,SKK,SIKKA,WEST2,GJ,GUJARAT,4
361142,SKK,SKK,SIKKA,WEST2,GJ,GUJARAT,4
361150,QGR,QGN,JAMNAGAR,WEST2,GJ,GUJARAT,4
361170,DOL,DOL,DHROL,WEST2,GJ,GUJARAT,4
361210,QGR,QGN,JAMNAGAR,WEST2,GJ,GUJARAT,4
361280,SKK,SKK,SIKKA,WEST2,GJ,GUJARAT,4
361305,DOL,DOL,DHROL,WEST2,GJ,GUJARAT,4
361306,DOL,DOL,DHROL,WEST2,GJ,GUJARAT,4
361310,DOL,DOL,DHROL,WEST2,GJ,GUJARAT,4
361315,OKM,OKM,DWARKA,WEST2,GJ,GUJARAT,4
361330,OKM,OKM,DWARKA,WEST2,GJ,GUJARAT,4
361335,OKM,OKM,DWARKA,WEST2,GJ,GUJARAT,4
361345,OKM,OKM,DWARKA,WEST2,GJ,GUJARAT,4
361347,OKM,OKM,DWARKA,WEST2,GJ,GUJARAT,4
361350,OKM,OKM,DWARKA,WEST2,GJ,GUJARAT,4
362001,JUN,JUG,JUNAGADH,WEST2,GJ,GUJARAT,4
362002,JUN,JUG,JUNAGADH,WEST2,GJ,GUJARAT,4
362003,JUN,JUG,JUNAGADH,WEST2,GJ,GUJARAT,4
362004,JUN,JUG,JUNAGADH,WEST2,GJ,GUJARAT,4
362011,JUN,JUG,JUNAGADH,WEST2,GJ,GUJARAT,4
362015,JUN,JUG,JUNAGADH,WEST2,GJ,GUJARAT,4
362020,JUN,JUG,JUNAGADH,WEST2,GJ,GUJARAT,4
362030,JUN,JUG,JUNAGADH,WEST2,GJ,GUJARAT,4
362037,JUN,JUG,JUNAGADH,WEST2,GJ,GUJARAT,4
362110,JUN,JUG,JUNAGADH,WEST2,GJ,GUJARAT,4
362120,JUN,JUG,JUNAGADH,WEST2,GJ,GUJARAT,4
362150,VRL,VRL,VERAVAL,WEST2,GJ,GUJARAT,4
362205,JUN,JUG,JUNAGADH,WEST2,GJ,GUJARAT,4
362215,JUN,JUG,JUNAGADH,WEST2,GJ,GUJARAT,4
362220,KES,KES,KESHOD,WEST2,GJ,GUJARAT,4
362222,KES,KES,KESHOD,WEST2,GJ,GUJARAT,4
362225,KES,KES,KESHOD,WEST2,GJ,GUJARAT,4
362226,KES,KES,KESHOD,WEST2,GJ,GUJARAT,4
362227,KES,KES,KESHOD,WEST2,GJ,GUJARAT,4
362229,KES,KES,KESHOD,WEST2,GJ,GUJARAT,4
362230,KES,KES,KESHOD,WEST2,GJ,GUJARAT,4
362235,KES,KES,KESHOD,WEST2,GJ,GUJARAT,4
362240,KES,KES,KESHOD,WEST2,GJ,GUJARAT,4
362245,KES,KES,KESHOD,WEST2,GJ,GUJARAT,4
362250,KES,KES,KESHOD,WEST2,GJ,GUJARAT,4
362255,VRL,VRL,VERAVAL,WEST2,GJ,GUJARAT,4
362260,JUN,JUG,JUNAGADH,WEST2,GJ,GUJARAT,4
362265,VRL,VRL,VERAVAL,WEST2,GJ,GUJARAT,4
362266,VRL,VRL,VERAVAL,WEST2,GJ,GUJARAT,4
362267,VRL,VRL,VERAVAL,WEST2,GJ,GUJARAT,4
362268,VRL,VRL,VERAVAL,WEST2,GJ,GUJARAT,4
362269,VRL,VRL,VERAVAL,WEST2,GJ,GUJARAT,4
362275,VRL,VRL,VERAVAL,WEST2,GJ,GUJARAT,4
362310,JUN,JUG,JUNAGADH,WEST2,GJ,GUJARAT,4
362315,JUN,JUG,JUNAGADH,WEST2,GJ,GUJARAT,4
362520,UNZ,UNZ,UNA,WEST2,GJ,GUJARAT,4
362540,UNZ,UNZ,UNA,WEST2,GJ,GUJARAT,4
362560,UNZ,UNZ,UNA,WEST2,GJ,GUJARAT,4
362610,JUN,JUG,JUNAGADH,WEST2,GJ,GUJARAT,4
362620,KES,KES,KESHOD,WEST2,GJ,GUJARAT,4
362625,KES,KES,KESHOD,WEST2,GJ,GUJARAT,4
362630,KES,KES,KESHOD,WEST2,GJ,GUJARAT,4
362640,KES,KES,KESHOD,WEST2,GJ,GUJARAT,4
362650,POR,POR,PORBANDAR,WEST2,GJ,GUJARAT,4
362715,KOD,KOD,KODINAR,WEST2,GJ,GUJARAT,4
362720,KOD,KOD,KODINAR,WEST2,GJ,GUJARAT,4
362725,KOD,KOD,KODINAR,WEST2,GJ,GUJARAT,4
363001,SUD,SDD,SURENDRANAGAR,WEST2,GJ,GUJARAT,4
363002,SUD,SDD,SURENDRANAGAR,WEST2,GJ,GUJARAT,4
363020,SUD,SDD,SURENDRANAGAR,WEST2,GJ,GUJARAT,4
363030,SUD,SDD,SURENDRANAGAR,WEST2,GJ,GUJARAT,4
363035,SUD,SDD,SURENDRANAGAR,WEST2,GJ,GUJARAT,4
363040,SUD,SDD,SURENDRANAGAR,WEST2,GJ,GUJARAT,4
363110,SUD,SDD,SURENDRANAGAR,WEST2,GJ,GUJARAT,4
363115,SUD,SDD,SURENDRANAGAR,WEST2,GJ,GUJARAT,4
363310,DGD,DGD,DHANGDHRA,WEST2,GJ,GUJARAT,4
363330,HLV,HLV,HALVAD,WEST2,GJ,GUJARAT,4
363415,BOT,BOT,BOTAD,WEST2,GJ,GUJARAT,4
363421,SUD,SDD,SURENDRANAGAR,WEST2,GJ,GUJARAT,4
363427,SUD,SDD,SURENDRANAGAR,WEST2,GJ,GUJARAT,4
363430,SUD,SDD,SURENDRANAGAR,WEST2,GJ,GUJARAT,4
363435,SUD,SDD,SURENDRANAGAR,WEST2,GJ,GUJARAT,4
363510,SUD,SDD,SURENDRANAGAR,WEST2,GJ,GUJARAT,4
363520,CTL,CTL,CHOTILA,WEST2,GJ,GUJARAT,4
363530,CTL,CTL,CHOTILA,WEST2,GJ,GUJARAT,4
363621,MRB,MRV,MORBI E-TAIL CENTRE,WEST2,GJ,GUJARAT,4
363641,MRB,MRV,MORBI E-TAIL CENTRE,WEST2,GJ,GUJARAT,4
363642,MRB,MRV,MORBI E-TAIL CENTRE,WEST2,GJ,GUJARAT,4
363643,MRB,MRV,MORBI E-TAIL CENTRE,WEST2,GJ,GUJARAT,4
363650,MRB,MRV,MORBI E-TAIL CENTRE,WEST2,GJ,GUJARAT,4
363660,MRB,MRV,MORBI E-TAIL CENTRE,WEST2,GJ,GUJARAT,4
364001,BVN,BVG,BHAVNAGAR SERVICE CENTRE,WEST2,GJ,GUJARAT,4
364002,BVN,BVG,BHAVNAGAR SERVICE CENTRE,WEST2,GJ,GUJARAT,4
364003,BVN,BVG,BHAVNAGAR SERVICE CENTRE,WEST2,GJ,GUJARAT,4
364004,BVN,BVG,BHAVNAGAR SERVICE CENTRE,WEST2,GJ,GUJARAT,4
364005,BVN,BVG,BHAVNAGAR SERVICE CENTRE,WEST2,GJ,GUJARAT,4
364006,BVN,BVG,BHAVNAGAR SERVICE CENTRE,WEST2,GJ,GUJARAT,4
364050,BVN,BVG,BHAVNAGAR SERVICE CENTRE,WEST2,GJ,GUJARAT,4
364055,BVN,BVG,BHAVNAGAR SERVICE CENTRE,WEST2,GJ,GUJARAT,4
364060,SIH,SIH,SIHOR,WEST2,GJ,GUJARAT,4
364110,BVN,BVG,BHAVNAGAR SERVICE CENTRE,WEST2,GJ,GUJARAT,4
364140,PLA,PLA,PALITANA,WEST2,GJ,GUJARAT,4
364150,BVN,BVG,BHAVNAGAR SERVICE CENTRE,WEST2,GJ,GUJARAT,4
364230,PLA,PLA,PALITANA,WEST2,GJ,GUJARAT,4
364240,SIH,SIH,SIHOR,WEST2,GJ,GUJARAT,4
364250,PLA,PLA,PALITANA,WEST2,GJ,GUJARAT,4
364265,PLA,PLA,PALITANA,WEST2,GJ,GUJARAT,4
364270,PLA,PLA,PALITANA,WEST2,GJ,GUJARAT,4
364290,MHU,MHU,MAHUVA,WEST2,GJ,GUJARAT,4
364295,MHU,MHU,MAHUVA,WEST2,GJ,GUJARAT,4
364310,BVN,BVG,BHAVNAGAR SERVICE CENTRE,WEST2,GJ,GUJARAT,4
364421,AML,AML,AMRELI,WEST2,GJ,GUJARAT,4
364490,GDL,GDL,GONDAL,WEST2,GJ,GUJARAT,4
364505,PLA,PLA,PALITANA,WEST2,GJ,GUJARAT,4
364515,SVK,SVK,SAVARKUNDLA,WEST2,GJ,GUJARAT,4
364521,SVK,SVK,SAVARKUNDLA,WEST2,GJ,GUJARAT,4
364522,RJU,RJU,RAJULA,WEST2,GJ,GUJARAT,4
364525,PLA,PLA,PALITANA,WEST2,GJ,GUJARAT,4
364540,AML,AML,AMRELI,WEST2,GJ,GUJARAT,4
364630,AML,AML,AMRELI,WEST2,GJ,GUJARAT,4
364710,BOT,BOT,BOTAD,WEST2,GJ,GUJARAT,4
364720,BOT,BOT,BOTAD,WEST2,GJ,GUJARAT,4
364750,BOT,BOT,BOTAD,WEST2,GJ,GUJARAT,4
364765,BOT,BOT,BOTAD,WEST2,GJ,GUJARAT,4
365220,AML,AML,AMRELI,WEST2,GJ,GUJARAT,4
365410,AML,AML,AMRELI,WEST2,GJ,GUJARAT,4
365421,AML,AML,AMRELI,WEST2,GJ,GUJARAT,4
365435,AML,AML,AMRELI,WEST2,GJ,GUJARAT,4
365440,SVK,SVK,SAVARKUNDLA,WEST2,GJ,GUJARAT,4
365455,AML,AML,AMRELI,WEST2,GJ,GUJARAT,4
365456,AML,AML,AMRELI,WEST2,GJ,GUJARAT,4
365460,AML,AML,AMRELI,WEST2,GJ,GUJARAT,4
365535,AML,AML,AMRELI,WEST2,GJ,GUJARAT,4
365540,RJU,RJU,RAJULA,WEST2,GJ,GUJARAT,4
365541,RJU,RJU,RAJULA,WEST2,GJ,GUJARAT,4
365545,RJU,RJU,RAJULA,WEST2,GJ,GUJARAT,4
365550,RJU,RJU,RAJULA,WEST2,GJ,GUJARAT,4
365560,RJU,RJU,RAJULA,WEST2,GJ,GUJARAT,4
365565,RJU,RJU,RAJULA,WEST2,GJ,GUJARAT,4
365601,AML,AML,AMRELI,WEST2,GJ,GUJARAT,4
365610,AML,AML,AMRELI,WEST2,GJ,GUJARAT,4
365620,AML,AML,AMRELI,WEST2,GJ,GUJARAT,4
365630,SVK,SVK,SAVARKUNDLA,WEST2,GJ,GUJARAT,4
365635,SVK,SVK,SAVARKUNDLA,WEST2,GJ,GUJARAT,4
370001,BHJ,BUJ,BHUJ EXPANSION,WEST2,GJ,GUJARAT,4
370015,BHJ,BUJ,BHUJ EXPANSION,WEST2,GJ,GUJARAT,4
370020,BHJ,BUJ,BHUJ EXPANSION,WEST2,GJ,GUJARAT,4
370030,BHJ,BUJ,BHUJ EXPANSION,WEST2,GJ,GUJARAT,4
370105,BHJ,BUJ,BHUJ EXPANSION,WEST2,GJ,GUJARAT,4
370110,AJE,AJE,ANJAR,WEST2,GJ,GUJARAT,4
370130,AJE,AJE,ANJAR,WEST2,GJ,GUJARAT,4
370140,BHU,BHU,BHACHAU,WEST2,GJ,GUJARAT,4
370150,BHU,BHU,BHACHAU,WEST2,GJ,GUJARAT,4
370165,BHU,BHU,BHACHAU,WEST2,GJ,GUJARAT,4
370201,GDE,GDE,GANDHIDHAM,WEST2,GJ,GUJARAT,4
370203,GDD,GDM,GANDHIDHAM,WEST2,GJ,GUJARAT,4
370205,GDE,GDE,GANDHIDHAM,WEST2,GJ,GUJARAT,4
370210,GDE,GDE,GANDHIDHAM,WEST2,GJ,GUJARAT,4
370230,GDD,GDM,GANDHIDHAM,WEST2,GJ,GUJARAT,4
370240,GDD,GDM,GANDHIDHAM,WEST2,GJ,GUJARAT,4
370405,MUN,MUN,MUNDRA,WEST2,GJ,GUJARAT,4
370415,MUN,MUN,MUNDRA,WEST2,GJ,GUJARAT,4
370421,MUN,MUN,MUNDRA,WEST2,GJ,GUJARAT,4
370429,BHJ,BUJ,BHUJ EXPANSION,WEST2,GJ,GUJARAT,4
370430,BHJ,BUJ,BHUJ EXPANSION,WEST2,GJ,GUJARAT,4
370435,MVI,MVI,MANDVI,WEST2,GJ,GUJARAT,4
370445,MVI,MVI,MANDVI,WEST2,GJ,GUJARAT,4
370450,MVI,MVI,MANDVI,WEST2,GJ,GUJARAT,4
370455,MVI,MVI,MANDVI,WEST2,GJ,GUJARAT,4
370460,MVI,MVI,MANDVI,WEST2,GJ,GUJARAT,4
370465,MVI,MVI,MANDVI,WEST2,GJ,GUJARAT,4
370475,MVI,MVI,MANDVI,WEST2,GJ,GUJARAT,4
370511,NLY,NLY,NALIYA,WEST2,GJ,GUJARAT,4
370601,NLY,NLY,NALIYA,WEST2,GJ,GUJARAT,4
370605,NKN,NKN,NAKHATRANA,WEST2,GJ,GUJARAT,4
370610,NKN,NKN,NAKHATRANA,WEST2,GJ,GUJARAT,4
370615,NKN,NKN,NAKHATRANA,WEST2,GJ,GUJARAT,4
370645,NLY,NLY,NALIYA,WEST2,GJ,GUJARAT,4
370655,NLY,NLY,NALIYA,WEST2,GJ,GUJARAT,4
370665,NKN,NKN,NAKHATRANA,WEST2,GJ,GUJARAT,4
370670,NKN,NKN,NAKHATRANA,WEST2,GJ,GUJARAT,4
370675,NKN,NKN,NAKHATRANA,WEST2,GJ,GUJARAT,4
380001,AHD,NCM,AHMEDABAD,WEST2,GJ,GUJARAT,4
380002,AHD,NCM,AHMEDABAD,WEST2,GJ,GUJARAT,4
380003,AHD,MCO,MEMCO OFFICE,WEST2,GJ,GUJARAT,4
380004,AHD,MCO,MEMCO OFFICE,WEST2,GJ,GUJARAT,4
380005,AHD,NRX,NARANPURA SERVICE CENTRE,WEST2,GJ,GUJARAT,4
380006,AHD,PMG,AHMEDABAD,WEST2,GJ,GUJARAT,4
380007,AHD,PMG,AHMEDABAD,WEST2,GJ,GUJARAT,4
380008,AHD,NCM,AHMEDABAD,WEST2,GJ,GUJARAT,4
380009,AHD,PMG,AHMEDABAD,WEST2,GJ,GUJARAT,4
380012,AHD,MCO,MEMCO OFFICE,WEST2,GJ,GUJARAT,4
380013,AHD,NRP,NARANPURA SERVICE CENTRE,WEST2,GJ,GUJARAT,4
380014,AHD,NRP,NARANPURA SERVICE CENTRE,WEST2,GJ,GUJARAT,4
380015,AHD,PMG,AHMEDABAD,WEST2,GJ,GUJARAT,4
380016,AHD,MCO,MEMCO OFFICE,WEST2,GJ,GUJARAT,4
380018,AHD,NCM,AHMEDABAD,WEST2,GJ,GUJARAT,4
380019,AHD,NRX,NARANPURA SERVICE CENTRE,WEST2,GJ,GUJARAT,4
380021,AHD,NCM,AHMEDABAD,WEST2,GJ,GUJARAT,4
380022,AHD,NCM,AHMEDABAD,WEST2,GJ,GUJARAT,4
380023,AHD,NCM,AHMEDABAD,WEST2,GJ,GUJARAT,4
380024,AHD,NCD,NCM ETAIL CENTRE,WEST2,GJ,GUJARAT,4
380025,AHD,NCD,NCM ETAIL CENTRE,WEST2,GJ,GUJARAT,4
380026,AHD,NCM,AHMEDABAD,WEST2,GJ,GUJARAT,4
380027,AHD,NRX,NARANPURA SERVICE CENTRE,WEST2,GJ,GUJARAT,4
380028,AHD,BRZ,BAREJA SERVICE CENTRE,WEST2,GJ,GUJARAT,4
380050,AHD,BRZ,BAREJA SERVICE CENTRE,WEST2,GJ,GUJARAT,4
380051,AHD,PMX,AHMEDABAD,WEST2,GJ,GUJARAT,4
380052,AHD,TLT,THALTEJ,WEST2,GJ,GUJARAT,4
380053,AHD,PMG,AHMEDABAD,WEST2,GJ,GUJARAT,4
380054,AHD,TLT,THALTEJ,WEST2,GJ,GUJARAT,4
380055,AHD,PMX,AHMEDABAD,WEST2,GJ,GUJARAT,4
380058,AHD,BOP,BOPAL SVC,WEST2,GJ,GUJARAT,4
380059,AHD,TLT,THALTEJ,WEST2,GJ,GUJARAT,4
380060,AHD,TLT,THALTEJ,WEST2,GJ,GUJARAT,4
380061,AHD,NRP,NARANPURA SERVICE CENTRE,WEST2,GJ,GUJARAT,4
380063,AHD,NRP,NARANPURA SERVICE CENTRE,WEST2,GJ,GUJARAT,4
382001,GNR,GAN,GANDHINAGAR,WEST2,GJ,GUJARAT,4
382002,GNR,GAN,GANDHINAGAR,WEST2,GJ,GUJARAT,4
382003,GNR,GAN,GANDHINAGAR,WEST2,GJ,GUJARAT,4
382004,GNR,GAN,GANDHINAGAR,WEST2,GJ,GUJARAT,4
382005,GNR,GAN,GANDHINAGAR,WEST2,GJ,GUJARAT,4
382006,GNR,GAN,GANDHINAGAR,WEST2,GJ,GUJARAT,4
382007,GNR,GAN,GANDHINAGAR,WEST2,GJ,GUJARAT,4
382008,GNR,GAN,GANDHINAGAR,WEST2,GJ,GUJARAT,4
382009,GNR,GAN,GANDHINAGAR,WEST2,GJ,GUJARAT,4
382010,GNR,GAN,GANDHINAGAR,WEST2,GJ,GUJARAT,4
382011,GNR,GAN,GANDHINAGAR,WEST2,GJ,GUJARAT,4
382012,GNR,GAN,GANDHINAGAR,WEST2,GJ,GUJARAT,4
382013,GNR,GAN,GANDHINAGAR,WEST2,GJ,GUJARAT,4
382014,GNR,GAN,GANDHINAGAR,WEST2,GJ,GUJARAT,4
382015,GNR,GAN,GANDHINAGAR,WEST2,GJ,GUJARAT,4
382016,GNR,GAN,GANDHINAGAR,WEST2,GJ,GUJARAT,4
382017,GNR,GAN,GANDHINAGAR,WEST2,GJ,GUJARAT,4
382018,GNR,GAN,GANDHINAGAR,WEST2,GJ,GUJARAT,4
382019,GNR,GAN,GANDHINAGAR,WEST2,GJ,GUJARAT,4
382020,GNR,GAN,GANDHINAGAR,WEST2,GJ,GUJARAT,4
382021,GNR,GAN,GANDHINAGAR,WEST2,GJ,GUJARAT,4
382022,GNR,GAN,GANDHINAGAR,WEST2,GJ,GUJARAT,4
382023,GNR,GAN,GANDHINAGAR,WEST2,GJ,GUJARAT,4
382024,GNR,GAN,GANDHINAGAR,WEST2,GJ,GUJARAT,4
382025,GNR,GAN,GANDHINAGAR,WEST2,GJ,GUJARAT,4
382026,GNR,GAN,GANDHINAGAR,WEST2,GJ,GUJARAT,4
382027,GNR,GAN,GANDHINAGAR,WEST2,GJ,GUJARAT,4
382028,GNR,GAN,GANDHINAGAR,WEST2,GJ,GUJARAT,4
382029,GNR,GAN,GANDHINAGAR,WEST2,GJ,GUJARAT,4
382030,GNR,GAN,GANDHINAGAR,WEST2,GJ,GUJARAT,4
382041,GNR,GAN,GANDHINAGAR,WEST2,GJ,GUJARAT,4
382042,DGM,DGM,DEHGAM,WEST2,GJ,GUJARAT,4
382044,GNR,GAN,GANDHINAGAR,WEST2,GJ,GUJARAT,4
382051,GNR,GAN,GANDHINAGAR,WEST2,GJ,GUJARAT,4
382110,SAD,SAD,SANAND,WEST2,GJ,GUJARAT,4
382115,SAD,SAD,SANAND,WEST2,GJ,GUJARAT,4
382120,KDI,KDI,KADI,WEST2,GJ,GUJARAT,4
382170,SAD,SAD,SANAND,WEST2,GJ,GUJARAT,4
382210,AHD,PMX,AHMEDABAD,WEST2,GJ,GUJARAT,4
382213,BAV,BAV,BAVLA,WEST2,GJ,GUJARAT,4
382220,BAV,BAV,BAVLA,WEST2,GJ,GUJARAT,4
382225,BAV,BAV,BAVLA,WEST2,GJ,GUJARAT,4
382240,BAV,BAV,BAVLA,WEST2,GJ,GUJARAT,4
382245,BOT,BOT,BOTAD,WEST2,GJ,GUJARAT,4
382255,BOT,BOT,BOTAD,WEST2,GJ,GUJARAT,4
382260,BAV,BAV,BAVLA,WEST2,GJ,GUJARAT,4
382305,DGM,DGM,DEHGAM,WEST2,GJ,GUJARAT,4
382308,DGM,DGM,DEHGAM,WEST2,GJ,GUJARAT,4
382315,DGM,DGM,DEHGAM,WEST2,GJ,GUJARAT,4
382325,AHD,NCD,NCM ETAIL CENTRE,WEST2,GJ,GUJARAT,4
382330,AHD,NCD,NCM ETAIL CENTRE,WEST2,GJ,GUJARAT,4
382340,AHD,NCD,NCM ETAIL CENTRE,WEST2,GJ,GUJARAT,4
382345,AHD,NCD,NCM ETAIL CENTRE,WEST2,GJ,GUJARAT,4
382346,AHD,NCD,NCM ETAIL CENTRE,WEST2,GJ,GUJARAT,4
382350,AHD,NCD,NCM ETAIL CENTRE,WEST2,GJ,GUJARAT,4
382352,AHD,NCD,NCM ETAIL CENTRE,WEST2,GJ,GUJARAT,4
382355,DGM,DGM,DEHGAM,WEST2,GJ,GUJARAT,4
382405,AHD,BRZ,BAREJA SERVICE CENTRE,WEST2,GJ,GUJARAT,4
382410,AHD,NCM,AHMEDABAD,WEST2,GJ,GUJARAT,4
382415,AHD,NCM,AHMEDABAD,WEST2,GJ,GUJARAT,4
382418,AHD,NCM,AHMEDABAD,WEST2,GJ,GUJARAT,4
382420,AHD,NRP,NARANPURA SERVICE CENTRE,WEST2,GJ,GUJARAT,4
382421,AHD,CKE,CHANDKHEDA ETAIL CENTRE,WEST2,GJ,GUJARAT,4
382422,GNR,GAN,GANDHINAGAR,WEST2,GJ,GUJARAT,4
382424,AHD,NRX,NARANPURA SERVICE CENTRE,WEST2,GJ,GUJARAT,4
382425,AHD,BRZ,BAREJA SERVICE CENTRE,WEST2,GJ,GUJARAT,4
382426,AHD,BRZ,BAREJA SERVICE CENTRE,WEST2,GJ,GUJARAT,4
382427,AHD,BRZ,BAREJA SERVICE CENTRE,WEST2,GJ,GUJARAT,4
382428,AHD,MCO,MEMCO OFFICE,WEST2,GJ,GUJARAT,4
382430,AHD,NCD,NCM ETAIL CENTRE,WEST2,GJ,GUJARAT,4
382440,AHD,BRZ,BAREJA SERVICE CENTRE,WEST2,GJ,GUJARAT,4
382442,AHD,BRZ,BAREJA SERVICE CENTRE,WEST2,GJ,GUJARAT,4
382443,AHD,BRZ,BAREJA SERVICE CENTRE,WEST2,GJ,GUJARAT,4
382445,AHD,BRZ,BAREJA SERVICE CENTRE,WEST2,GJ,GUJARAT,4
382449,AHD,NCM,AHMEDABAD,WEST2,GJ,GUJARAT,4
382450,BOT,BOT,BOTAD,WEST2,GJ,GUJARAT,4
382455,DDK,DDK,DHANDHUKA,WEST2,GJ,GUJARAT,4
382460,DDK,DDK,DHANDHUKA,WEST2,GJ,GUJARAT,4
382463,DDK,DDK,DHANDHUKA,WEST2,GJ,GUJARAT,4
382465,DDK,DDK,DHANDHUKA,WEST2,GJ,GUJARAT,4
382470,AHD,NRX,NARANPURA SERVICE CENTRE,WEST2,GJ,GUJARAT,4
382475,AHD,MCO,MEMCO OFFICE,WEST2,GJ,GUJARAT,4
382480,AHD,NRX,NARANPURA SERVICE CENTRE,WEST2,GJ,GUJARAT,4
382481,AHD,NRP,NARANPURA SERVICE CENTRE,WEST2,GJ,GUJARAT,4
382610,GNR,GAN,GANDHINAGAR,WEST2,GJ,GUJARAT,4
382620,GNR,GAN,GANDHINAGAR,WEST2,GJ,GUJARAT,4
382625,GNR,GAN,GANDHINAGAR,WEST2,GJ,GUJARAT,4
382644,MAS,MAS,MANSA,WEST2,GJ,GUJARAT,4
382655,BAV,BAV,BAVLA,WEST2,GJ,GUJARAT,4
382705,KLL,KLO,KALOL,WEST2,GJ,GUJARAT,4
382715,KDI,KDI,KADI,WEST2,GJ,GUJARAT,4
382721,KLL,KLO,KALOL,WEST2,GJ,GUJARAT,4
382725,KLL,KLO,KALOL,WEST2,GJ,GUJARAT,4
382729,KLL,KLO,KALOL,WEST2,GJ,GUJARAT,4
382732,MEH,MSN,MEHSANA,WEST2,GJ,GUJARAT,4
382735,KLL,KLO,KALOL,WEST2,GJ,GUJARAT,4
382740,KLL,KLO,KALOL,WEST2,GJ,GUJARAT,4
382775,SUD,SDD,SURENDRANAGAR,WEST2,GJ,GUJARAT,4
382845,MAS,MAS,MANSA,WEST2,GJ,GUJARAT,4
382870,HIM,HMT,HIMMATNAGAR,WEST2,GJ,GUJARAT,4
383001,HIM,HMT,HIMMATNAGAR,WEST2,GJ,GUJARAT,4
383006,HIM,HMT,HIMMATNAGAR,WEST2,GJ,GUJARAT,4
383110,IDR,IDR,IDAR,WEST2,GJ,GUJARAT,4
383205,HIM,HMT,HIMMATNAGAR,WEST2,GJ,GUJARAT,4
383215,HIM,HMT,HIMMATNAGAR,WEST2,GJ,GUJARAT,4
383235,IDR,IDR,IDAR,WEST2,GJ,GUJARAT,4
383245,IDR,IDR,IDAR,WEST2,GJ,GUJARAT,4
383255,IDR,IDR,IDAR,WEST2,GJ,GUJARAT,4
383305,DGM,DGM,DEHGAM,WEST2,GJ,GUJARAT,4
383307,MOE,MOE,MODASA EXPANSION,WEST2,GJ,GUJARAT,4
383310,MOD,MOD,MODASA,WEST2,GJ,GUJARAT,4
383315,MOD,MOD,MODASA,WEST2,GJ,GUJARAT,4
383325,MOD,MOD,MODASA,WEST2,GJ,GUJARAT,4
383350,MOE,MOE,MODASA EXPANSION,WEST2,GJ,GUJARAT,4
383410,IDR,IDR,IDAR,WEST2,GJ,GUJARAT,4
383430,IDR,IDR,IDAR,WEST2,GJ,GUJARAT,4
383460,IDR,IDR,IDAR,WEST2,GJ,GUJARAT,4
384001,MEH,MSN,MEHSANA,WEST2,GJ,GUJARAT,4
384002,MEH,MSN,MEHSANA,WEST2,GJ,GUJARAT,4
384003,MEH,MSN,MEHSANA,WEST2,GJ,GUJARAT,4
384120,MEH,MSN,MEHSANA,WEST2,GJ,GUJARAT,4
384151,MEH,MSN,MEHSANA,WEST2,GJ,GUJARAT,4
384160,MEH,MSN,MEHSANA,WEST2,GJ,GUJARAT,4
384170,KLU,KLU,KHARALU,WEST2,GJ,GUJARAT,4
384206,MEH,MSN,MEHSANA,WEST2,GJ,GUJARAT,4
384210,MEH,MSN,MEHSANA,WEST2,GJ,GUJARAT,4
384240,PNT,PNT,PATAN,WEST2,GJ,GUJARAT,4
384245,RDR,RDR,RADHANPUR,WEST2,GJ,GUJARAT,4
384265,PNT,PNT,PATAN,WEST2,GJ,GUJARAT,4
384315,KLU,KLU,KHARALU,WEST2,GJ,GUJARAT,4
384325,KLU,KLU,KHARALU,WEST2,GJ,GUJARAT,4
384330,IDR,IDR,IDAR,WEST2,GJ,GUJARAT,4
384355,MEH,MSN,MEHSANA,WEST2,GJ,GUJARAT,4
385001,PLN,PLN,PALANPUR,WEST2,GJ,GUJARAT,4
385010,PLN,PLN,PALANPUR,WEST2,GJ,GUJARAT,4
385135,PLN,PLN,PALANPUR,WEST2,GJ,GUJARAT,4
385210,PLN,PLN,PALANPUR,WEST2,GJ,GUJARAT,4
385310,DSA,DSA,DEESA,WEST2,GJ,GUJARAT,4
385320,RDR,RDR,RADHANPUR,WEST2,GJ,GUJARAT,4
385330,THD,THD,THARAD,WEST2,GJ,GUJARAT,4
385340,RDR,RDR,RADHANPUR,WEST2,GJ,GUJARAT,4
385360,RDR,RDR,RADHANPUR,WEST2,GJ,GUJARAT,4
385410,PLN,PLN,PALANPUR,WEST2,GJ,GUJARAT,4
385421,PLN,PLN,PALANPUR,WEST2,GJ,GUJARAT,4
385505,PLN,PLN,PALANPUR,WEST2,GJ,GUJARAT,4
385510,PLN,PLN,PALANPUR,WEST2,GJ,GUJARAT,4
385515,PLN,PLN,PALANPUR,WEST2,GJ,GUJARAT,4
385520,PLN,PLN,PALANPUR,WEST2,GJ,GUJARAT,4
385530,DSA,DSA,DEESA,WEST2,GJ,GUJARAT,4
385535,DSA,DSA,DEESA,WEST2,GJ,GUJARAT,4
385555,PNT,PNT,PATAN,WEST2,GJ,GUJARAT,4
385565,THD,THD,THARAD,WEST2,GJ,GUJARAT,4
385566,THD,THD,THARAD,WEST2,GJ,GUJARAT,4
385570,THD,THD,THARAD,WEST2,GJ,GUJARAT,4
385575,THD,THD,THARAD,WEST2,GJ,GUJARAT,4
387001,NDD,NDD,NADIAD,WEST2,GJ,GUJARAT,4
387002,NDD,NDD,NADIAD,WEST2,GJ,GUJARAT,4
387003,NDD,NDD,NADIAD,WEST2,GJ,GUJARAT,4
387110,NDD,NDD,NADIAD,WEST2,GJ,GUJARAT,4
387115,NDD,NDD,NADIAD,WEST2,GJ,GUJARAT,4
387120,KEZ,KEZ,KHEDA EXPANSION,WEST2,GJ,GUJARAT,4
387130,KEZ,KEZ,KHEDA EXPANSION,WEST2,GJ,GUJARAT,4
387210,KEZ,KEZ,KHEDA EXPANSION,WEST2,GJ,GUJARAT,4
387230,NDD,NDD,NADIAD,WEST2,GJ,GUJARAT,4
387240,AND,AND,ANAND,WEST2,GJ,GUJARAT,4
387310,AND,AND,ANAND,WEST2,GJ,GUJARAT,4
387315,NDD,NDD,NADIAD,WEST2,GJ,GUJARAT,4
387320,NDD,NDD,NADIAD,WEST2,GJ,GUJARAT,4
387325,AND,AND,ANAND,WEST2,GJ,GUJARAT,4
387330,NDD,NDD,NADIAD,WEST2,GJ,GUJARAT,4
387335,NDD,NDD,NADIAD,WEST2,GJ,GUJARAT,4
387350,NDD,NDD,NADIAD,WEST2,GJ,GUJARAT,4
387355,NDD,NDD,NADIAD,WEST2,GJ,GUJARAT,4
387365,KPJ,KPJ,KAPADVANJ,WEST2,GJ,GUJARAT,4
387370,NDD,NDD,NADIAD,WEST2,GJ,GUJARAT,4
387380,NDD,NDD,NADIAD,WEST2,GJ,GUJARAT,4
387411,KEZ,KEZ,KHEDA EXPANSION,WEST2,GJ,GUJARAT,4
387430,NDD,NDD,NADIAD,WEST2,GJ,GUJARAT,4
387520,KEZ,KEZ,KHEDA EXPANSION,WEST2,GJ,GUJARAT,4
387530,KEZ,KEZ,KHEDA EXPANSION,WEST2,GJ,GUJARAT,4
387540,KEZ,KEZ,KHEDA EXPANSION,WEST2,GJ,GUJARAT,4
387560,KEZ,KEZ,KHEDA EXPANSION,WEST2,GJ,GUJARAT,4
387570,KEZ,KEZ,KHEDA EXPANSION,WEST2,GJ,GUJARAT,4
387610,KPJ,KPJ,KAPADVANJ,WEST2,GJ,GUJARAT,4
387620,KPJ,KPJ,KAPADVANJ,WEST2,GJ,GUJARAT,4
387630,KPJ,KPJ,KAPADVANJ,WEST2,GJ,GUJARAT,4
387635,KPJ,KPJ,KAPADVANJ,WEST2,GJ,GUJARAT,4
387650,KPJ,KPJ,KAPADVANJ,WEST2,GJ,GUJARAT,4
388001,AND,AND,ANAND,WEST2,GJ,GUJARAT,4
388110,AND,AND,ANAND,WEST2,GJ,GUJARAT,4
388120,AND,AND,ANAND,WEST2,GJ,GUJARAT,4
388121,AND,AND,ANAND,WEST2,GJ,GUJARAT,4
388130,BOS,BOS,BORSAD,WEST2,GJ,GUJARAT,4
388140,BOS,BOS,BORSAD,WEST2,GJ,GUJARAT,4
388150,BOS,BOS,BORSAD,WEST2,GJ,GUJARAT,4
388160,BOS,BOS,BORSAD,WEST2,GJ,GUJARAT,4
388180,KEZ,KEZ,KHEDA EXPANSION,WEST2,GJ,GUJARAT,4
388205,UMT,UMT,UMRETH,WEST2,GJ,GUJARAT,4
388210,UMT,UMT,UMRETH,WEST2,GJ,GUJARAT,4
388215,UMT,UMT,UMRETH,WEST2,GJ,GUJARAT,4
388220,UMT,UMT,UMRETH,WEST2,GJ,GUJARAT,4
388225,UMT,UMT,UMRETH,WEST2,GJ,GUJARAT,4
388235,KPJ,KPJ,KAPADVANJ,WEST2,GJ,GUJARAT,4
388239,KPJ,KPJ,KAPADVANJ,WEST2,GJ,GUJARAT,4
388245,GDY,GDY,GODHRA EXTENSION,WEST2,GJ,GUJARAT,4
388250,UMT,UMT,UMRETH,WEST2,GJ,GUJARAT,4
388255,KPJ,KPJ,KAPADVANJ,WEST2,GJ,GUJARAT,4
388260,LUN,LUN,LUNAWADA,WEST2,GJ,GUJARAT,4
388265,KPJ,KPJ,KAPADVANJ,WEST2,GJ,GUJARAT,4
388305,BOS,BOS,BORSAD,WEST2,GJ,GUJARAT,4
388306,BOS,BOS,BORSAD,WEST2,GJ,GUJARAT,4
388307,BOS,BOS,BORSAD,WEST2,GJ,GUJARAT,4
388315,AND,AND,ANAND,WEST2,GJ,GUJARAT,4
388320,AND,AND,ANAND,WEST2,GJ,GUJARAT,4
388325,AND,AND,ANAND,WEST2,GJ,GUJARAT,4
388340,AND,AND,ANAND,WEST2,GJ,GUJARAT,4
388345,AND,AND,ANAND,WEST2,GJ,GUJARAT,4
388350,BOS,BOS,BORSAD,WEST2,GJ,GUJARAT,4
388365,UMT,UMT,UMRETH,WEST2,GJ,GUJARAT,4
388370,AND,AND,ANAND,WEST2,GJ,GUJARAT,4
388421,CHA,CHA,CHANGA,WEST2,GJ,GUJARAT,4
388430,BOS,BOS,BORSAD,WEST2,GJ,GUJARAT,4
388440,BOS,BOS,BORSAD,WEST2,GJ,GUJARAT,4
388450,PTD,PTD,PETLAD,WEST2,GJ,GUJARAT,4
388460,BOS,BOS,BORSAD,WEST2,GJ,GUJARAT,4
388465,BOS,BOS,BORSAD,WEST2,GJ,GUJARAT,4
388470,BOS,BOS,BORSAD,WEST2,GJ,GUJARAT,4
388480,BOS,BOS,BORSAD,WEST2,GJ,GUJARAT,4
388510,BOS,BOS,BORSAD,WEST2,GJ,GUJARAT,4
388520,BOS,BOS,BORSAD,WEST2,GJ,GUJARAT,4
388530,BOS,BOS,BORSAD,WEST2,GJ,GUJARAT,4
388540,BOS,BOS,BORSAD,WEST2,GJ,GUJARAT,4
388545,BOS,BOS,BORSAD,WEST2,GJ,GUJARAT,4
388550,BOS,BOS,BORSAD,WEST2,GJ,GUJARAT,4
388560,BOS,BOS,BORSAD,WEST2,GJ,GUJARAT,4
388570,BOS,BOS,BORSAD,WEST2,GJ,GUJARAT,4
388580,BOS,BOS,BORSAD,WEST2,GJ,GUJARAT,4
388590,BOS,BOS,BORSAD,WEST2,GJ,GUJARAT,4
388610,BOS,BOS,BORSAD,WEST2,GJ,GUJARAT,4
388620,KBH,KBH,KHAMBHAT,WEST2,GJ,GUJARAT,4
388625,KBH,KBH,KHAMBHAT,WEST2,GJ,GUJARAT,4
388630,KBH,KBH,KHAMBHAT,WEST2,GJ,GUJARAT,4
388640,KBH,KBH,KHAMBHAT,WEST2,GJ,GUJARAT,4
388710,GDY,GDY,GODHRA EXTENSION,WEST2,GJ,GUJARAT,4
389001,GDH,GDH,GODHRA,WEST2,GJ,GUJARAT,4
389002,GDY,GDY,GODHRA EXTENSION,WEST2,GJ,GUJARAT,4
389115,GDY,GDY,GODHRA EXTENSION,WEST2,GJ,GUJARAT,4
389130,DAH,DAH,DAHOD,WEST2,GJ,GUJARAT,4
389140,DAH,DAH,DAHOD,WEST2,GJ,GUJARAT,4
389151,DAH,DAH,DAHOD,WEST2,GJ,GUJARAT,4
389152,DAH,DAH,DAHOD,WEST2,GJ,GUJARAT,4
389155,DAH,DAH,DAHOD,WEST2,GJ,GUJARAT,4
389160,DAH,DAH,DAHOD,WEST2,GJ,GUJARAT,4
389170,DAH,DAH,DAHOD,WEST2,GJ,GUJARAT,4
389172,DAH,DAH,DAHOD,WEST2,GJ,GUJARAT,4
389175,DAH,DAH,DAHOD,WEST2,GJ,GUJARAT,4
389180,DAH,DAH,DAHOD,WEST2,GJ,GUJARAT,4
389190,DAH,DAH,DAHOD,WEST2,GJ,GUJARAT,4
389210,LUN,LUN,LUNAWADA,WEST2,GJ,GUJARAT,4
389220,LUN,LUN,LUNAWADA,WEST2,GJ,GUJARAT,4
389230,LUN,LUN,LUNAWADA,WEST2,GJ,GUJARAT,4
389260,LUN,LUN,LUNAWADA,WEST2,GJ,GUJARAT,4
389320,HLZ,HLZ,HALOL REACH,WEST2,GJ,GUJARAT,4
389330,HLZ,HLZ,HALOL REACH,WEST2,GJ,GUJARAT,4
389340,GDY,GDY,GODHRA EXTENSION,WEST2,GJ,GUJARAT,4
389341,HLZ,HLZ,HALOL REACH,WEST2,GJ,GUJARAT,4
389345,HLZ,HLZ,HALOL REACH,WEST2,GJ,GUJARAT,4
389350,HLZ,HLZ,HALOL REACH,WEST2,GJ,GUJARAT,4
389351,HLZ,HLZ,HALOL REACH,WEST2,GJ,GUJARAT,4
389352,HLZ,HLZ,HALOL REACH,WEST2,GJ,GUJARAT,4
389360,HLZ,HLZ,HALOL REACH,WEST2,GJ,GUJARAT,4
389365,HLZ,HLZ,HALOL REACH,WEST2,GJ,GUJARAT,4
389380,DAH,DAH,DAHOD,WEST2,GJ,GUJARAT,4
389390,HLZ,HLZ,HALOL REACH,WEST2,GJ,GUJARAT,4
390001,BDQ,SAY,SAYAJIGUNJ SERVICE CENTRE,WEST2,GJ,GUJARAT,4
390002,BDQ,BDO,VADODARA,WEST2,GJ,GUJARAT,4
390003,BDQ,BDO,VADODARA,WEST2,GJ,GUJARAT,4
390004,BDQ,SAY,SAYAJIGUNJ SERVICE CENTRE,WEST2,GJ,GUJARAT,4
390005,BDQ,BIW,BDO E-TAIL SERVICE CENTRE,WEST2,GJ,GUJARAT,4
390006,BDQ,KBG,KARELIBAUGH CENTRE,WEST2,GJ,GUJARAT,4
390007,BDQ,BIW,BDO E-TAIL SERVICE CENTRE,WEST2,GJ,GUJARAT,4
390008,BDQ,BDO,VADODARA,WEST2,GJ,GUJARAT,4
390009,BDQ,SAY,SAYAJIGUNJ SERVICE CENTRE,WEST2,GJ,GUJARAT,4
390010,BDQ,SAY,SAYAJIGUNJ SERVICE CENTRE,WEST2,GJ,GUJARAT,4
390011,BDQ,SAY,SAYAJIGUNJ SERVICE CENTRE,WEST2,GJ,GUJARAT,4
390012,BDQ,SAY,SAYAJIGUNJ SERVICE CENTRE,WEST2,GJ,GUJARAT,4
390013,BDQ,SAY,SAYAJIGUNJ SERVICE CENTRE,WEST2,GJ,GUJARAT,4
390014,BDQ,SAY,SAYAJIGUNJ SERVICE CENTRE,WEST2,GJ,GUJARAT,4
390015,BDQ,SAY,SAYAJIGUNJ SERVICE CENTRE,WEST2,GJ,GUJARAT,4
390016,BDQ,BDO,VADODARA,WEST2,GJ,GUJARAT,4
390017,BDQ,SAY,SAYAJIGUNJ SERVICE CENTRE,WEST2,GJ,GUJARAT,4
390018,BDQ,KBG,KARELIBAUGH CENTRE,WEST2,GJ,GUJARAT,4
390019,BDQ,KBG,KARELIBAUGH CENTRE,WEST2,GJ,GUJARAT,4
390020,BDQ,SAY,SAYAJIGUNJ SERVICE CENTRE,WEST2,GJ,GUJARAT,4
390021,BDQ,BDO,VADODARA,WEST2,GJ,GUJARAT,4
390022,BDQ,KBG,KARELIBAUGH CENTRE,WEST2,GJ,GUJARAT,4
390023,BDQ,BDO,VADODARA,WEST2,GJ,GUJARAT,4
390024,BDQ,BDO,VADODARA,WEST2,GJ,GUJARAT,4
390025,BDQ,KBG,KARELIBAUGH CENTRE,WEST2,GJ,GUJARAT,4
391101,BDZ,BDZ,BARODA REACH,WEST2,GJ,GUJARAT,4
391105,DHO,DHO,DABHOI,WEST2,GJ,GUJARAT,4
391110,DHO,DHO,DABHOI,WEST2,GJ,GUJARAT,4
391115,DHO,DHO,DABHOI,WEST2,GJ,GUJARAT,4
391135,BDL,BDL,BODELI,WEST2,GJ,GUJARAT,4
391145,BDL,BDL,BODELI,WEST2,GJ,GUJARAT,4
391150,BDL,BDL,BODELI,WEST2,GJ,GUJARAT,4
391160,CUP,CUP,CHHOTAUDAIPUR,WEST2,GJ,GUJARAT,4
391165,CUP,CUP,CHHOTAUDAIPUR,WEST2,GJ,GUJARAT,4
391170,CUP,CUP,CHHOTAUDAIPUR,WEST2,GJ,GUJARAT,4
391210,KJN,KJN,KARJAN,WEST2,GJ,GUJARAT,4
391240,KJN,KJN,KARJAN,WEST2,GJ,GUJARAT,4
391243,BDQ,SAY,SAYAJIGUNJ SERVICE CENTRE,WEST2,GJ,GUJARAT,4
391244,KJN,KJN,KARJAN,WEST2,GJ,GUJARAT,4
391250,KJN,KJN,KARJAN,WEST2,GJ,GUJARAT,4
391310,BDQ,BDO,VADODARA,WEST2,GJ,GUJARAT,4
391320,BDQ,BDO,VADODARA,WEST2,GJ,GUJARAT,4
391330,BDQ,BDO,VADODARA,WEST2,GJ,GUJARAT,4
391340,BDQ,BDO,VADODARA,WEST2,GJ,GUJARAT,4
391345,BDQ,BDO,VADODARA,WEST2,GJ,GUJARAT,4
391346,BDQ,BDO,VADODARA,WEST2,GJ,GUJARAT,4
391347,BDQ,BDO,VADODARA,WEST2,GJ,GUJARAT,4
391350,BDQ,BDO,VADODARA,WEST2,GJ,GUJARAT,4
391410,BDQ,SAY,SAYAJIGUNJ SERVICE CENTRE,WEST2,GJ,GUJARAT,4
391430,PDR,PDR,PADRA,WEST2,GJ,GUJARAT,4
391440,PDR,PDR,PADRA,WEST2,GJ,GUJARAT,4
391447,HLZ,HLZ,HALOL REACH,WEST2,GJ,GUJARAT,4
391450,PDR,PDR,PADRA,WEST2,GJ,GUJARAT,4
391510,HLZ,HLZ,HALOL REACH,WEST2,GJ,GUJARAT,4
391520,SAV,SAV,SAVLI,WEST2,GJ,GUJARAT,4
391740,BDQ,BDO,VADODARA,WEST2,GJ,GUJARAT,4
391742,BDQ,BDO,VADODARA,WEST2,GJ,GUJARAT,4
391745,BDQ,BDO,VADODARA,WEST2,GJ,GUJARAT,4
391750,BDQ,BDO,VADODARA,WEST2,GJ,GUJARAT,4
391760,BDQ,KBG,KARELIBAUGH CENTRE,WEST2,GJ,GUJARAT,4
391770,SAV,SAV,SAVLI,WEST2,GJ,GUJARAT,4
391775,SAV,SAV,SAVLI,WEST2,GJ,GUJARAT,4
391780,SAV,SAV,SAVLI,WEST2,GJ,GUJARAT,4
392001,BRC,BUH,BHARUCH,WEST2,GJ,GUJARAT,4
392002,BRC,BUH,BHARUCH,WEST2,GJ,GUJARAT,4
392011,BRC,BUH,BHARUCH,WEST2,GJ,GUJARAT,4
392012,BRX,BRX,BHARUCH OFFICE,WEST2,GJ,GUJARAT,4
392015,BRC,BUH,BHARUCH,WEST2,GJ,GUJARAT,4
392020,BRX,BRX,BHARUCH OFFICE,WEST2,GJ,GUJARAT,4
392025,KJN,KJN,KARJAN,WEST2,GJ,GUJARAT,4
392110,KJN,KJN,KARJAN,WEST2,GJ,GUJARAT,4
392130,BRX,BRX,BHARUCH OFFICE,WEST2,GJ,GUJARAT,4
392140,BRX,BRX,BHARUCH OFFICE,WEST2,GJ,GUJARAT,4
392150,KJN,KJN,KARJAN,WEST2,GJ,GUJARAT,4
392210,BRX,BRX,BHARUCH OFFICE,WEST2,GJ,GUJARAT,4
392215,BRX,BRX,BHARUCH OFFICE,WEST2,GJ,GUJARAT,4
392220,KJN,KJN,KARJAN,WEST2,GJ,GUJARAT,4
392240,BRX,BRX,BHARUCH OFFICE,WEST2,GJ,GUJARAT,4
392310,KJN,KJN,KARJAN,WEST2,GJ,GUJARAT,4
393001,ANK,ANK,ANKLESHWAR,WEST2,GJ,GUJARAT,4
393002,ANK,ANK,ANKLESHWAR,WEST2,GJ,GUJARAT,4
393010,ANK,ANK,ANKLESHWAR,WEST2,GJ,GUJARAT,4
393017,ANK,ANK,ANKLESHWAR,WEST2,GJ,GUJARAT,4
393030,ANK,ANK,ANKLESHWAR,WEST2,GJ,GUJARAT,4
393110,JGD,JGD,JHAGADIA,WEST2,GJ,GUJARAT,4
393115,ANK,ANK,ANKLESHWAR,WEST2,GJ,GUJARAT,4
393120,RPY,RPY,RAJPIPLA,WEST2,GJ,GUJARAT,4
393125,RPY,RPY,RAJPIPLA,WEST2,GJ,GUJARAT,4
393130,ANK,ANK,ANKLESHWAR,WEST2,GJ,GUJARAT,4
393135,ANK,ANK,ANKLESHWAR,WEST2,GJ,GUJARAT,4
393140,RPY,RPY,RAJPIPLA,WEST2,GJ,GUJARAT,4
393145,RPY,RPY,RAJPIPLA,WEST2,GJ,GUJARAT,4
393151,RPY,RPY,RAJPIPLA,WEST2,GJ,GUJARAT,4
394101,SUR,SUC,BELGIUM SQUARE OFFICE.,WEST2,GJ,GUJARAT,4
394105,SUR,SUC,BELGIUM SQUARE OFFICE.,WEST2,GJ,GUJARAT,4
394107,SUR,SUC,BELGIUM SQUARE OFFICE.,WEST2,GJ,GUJARAT,4
394110,KXM,KXM,KIM,WEST2,GJ,GUJARAT,4
394111,KXM,KXM,KIM,WEST2,GJ,GUJARAT,4
394115,ANK,ANK,ANKLESHWAR,WEST2,GJ,GUJARAT,4
394116,ANK,ANK,ANKLESHWAR,WEST2,GJ,GUJARAT,4
394120,KXM,KXM,KIM,WEST2,GJ,GUJARAT,4
394125,ANK,ANK,ANKLESHWAR,WEST2,GJ,GUJARAT,4
394130,KXM,KXM,KIM,WEST2,GJ,GUJARAT,4
394140,KXM,KXM,KIM,WEST2,GJ,GUJARAT,4
394150,KMR,KMR,KAMREJ,WEST2,GJ,GUJARAT,4
394155,KXM,KXM,KIM,WEST2,GJ,GUJARAT,4
394160,VYA,VYA,VYARA,WEST2,GJ,GUJARAT,4
394170,KXM,KXM,KIM,WEST2,GJ,GUJARAT,4
394180,KMR,KMR,KAMREJ,WEST2,GJ,GUJARAT,4
394185,KMR,KMR,KAMREJ,WEST2,GJ,GUJARAT,4
394190,KMR,KMR,KAMREJ,WEST2,GJ,GUJARAT,4
394210,SUR,SRT,SURAT,WEST2,GJ,GUJARAT,4
394220,SUR,SRT,SURAT,WEST2,GJ,GUJARAT,4
394221,SUR,SRT,SURAT,WEST2,GJ,GUJARAT,4
394230,SUR,SRT,SURAT,WEST2,GJ,GUJARAT,4
394235,PSN,PSN,PALSANA,WEST2,GJ,GUJARAT,4
394240,BRD,BRD,BARDOLI,WEST2,GJ,GUJARAT,4
394245,NVZ,NVZ,NAVSARI REACH,WEST2,GJ,GUJARAT,4
394246,NVZ,NVZ,NAVSARI REACH,WEST2,GJ,GUJARAT,4
394248,VYA,VYA,VYARA,WEST2,GJ,GUJARAT,4
394250,BRD,BRD,BARDOLI,WEST2,GJ,GUJARAT,4
394270,HZR,HZR,HAZIRA,WEST2,GJ,GUJARAT,4
394305,PSN,PSN,PALSANA,WEST2,GJ,GUJARAT,4
394310,PSN,PSN,PALSANA,WEST2,GJ,GUJARAT,4
394315,PSN,PSN,PALSANA,WEST2,GJ,GUJARAT,4
394317,PSN,PSN,PALSANA,WEST2,GJ,GUJARAT,4
394320,KMR,KMR,KAMREJ,WEST2,GJ,GUJARAT,4
394325,PSN,PSN,PALSANA,WEST2,GJ,GUJARAT,4
394326,KMR,KMR,KAMREJ,WEST2,GJ,GUJARAT,4
394327,PSN,PSN,PALSANA,WEST2,GJ,GUJARAT,4
394330,KMR,KMR,KAMREJ,WEST2,GJ,GUJARAT,4
394335,BRD,BRD,BARDOLI,WEST2,GJ,GUJARAT,4
394340,VYA,VYA,VYARA,WEST2,GJ,GUJARAT,4
394345,BRD,BRD,BARDOLI,WEST2,GJ,GUJARAT,4
394350,BRD,BRD,BARDOLI,WEST2,GJ,GUJARAT,4
394352,PSN,PSN,PALSANA,WEST2,GJ,GUJARAT,4
394355,BRD,BRD,BARDOLI,WEST2,GJ,GUJARAT,4
394360,VYA,VYA,VYARA,WEST2,GJ,GUJARAT,4
394375,VYA,VYA,VYARA,WEST2,GJ,GUJARAT,4
394410,ANK,ANK,ANKLESHWAR,WEST2,GJ,GUJARAT,4
394421,KXM,KXM,KIM,WEST2,GJ,GUJARAT,4
394430,KXM,KXM,KIM,WEST2,GJ,GUJARAT,4
394444,SUR,SCR,SURAT ETAIL RTO,WEST2,GJ,GUJARAT,4
394510,HZR,HZR,HAZIRA,WEST2,GJ,GUJARAT,4
394515,HZR,HZR,HAZIRA,WEST2,GJ,GUJARAT,4
394516,HZR,HZR,HAZIRA,WEST2,GJ,GUJARAT,4
394518,HZR,HZR,HAZIRA,WEST2,GJ,GUJARAT,4
394540,OPD,OPD,OLPAD,WEST2,GJ,GUJARAT,4
394601,BRD,BRD,BARDOLI,WEST2,GJ,GUJARAT,4
394602,BRD,BRD,BARDOLI,WEST2,GJ,GUJARAT,4
394620,BRD,BRD,BARDOLI,WEST2,GJ,GUJARAT,4
394630,VYA,VYA,VYARA,WEST2,GJ,GUJARAT,4
394633,VYA,VYA,VYARA,WEST2,GJ,GUJARAT,4
394635,VYA,VYA,VYARA,WEST2,GJ,GUJARAT,4
394640,VYA,VYA,VYARA,WEST2,GJ,GUJARAT,4
394641,VYA,VYA,VYARA,WEST2,GJ,GUJARAT,4
394650,VYA,VYA,VYARA,WEST2,GJ,GUJARAT,4
394651,VYA,VYA,VYARA,WEST2,GJ,GUJARAT,4
394652,VYA,VYA,VYARA,WEST2,GJ,GUJARAT,4
394655,VYA,VYA,VYARA,WEST2,GJ,GUJARAT,4
394660,VYA,VYA,VYARA,WEST2,GJ,GUJARAT,4
394670,VYA,VYA,VYARA,WEST2,GJ,GUJARAT,4
394680,VYA,VYA,VYARA,WEST2,GJ,GUJARAT,4
394690,VYA,VYA,VYARA,WEST2,GJ,GUJARAT,4
394710,AHW,AHW,AHWA,WEST2,GJ,GUJARAT,4
394810,ANK,ANK,ANKLESHWAR,WEST2,GJ,GUJARAT,4
395001,SUR,NNP,NANPURA SERVICE CENTRE,WEST2,GJ,GUJARAT,4
395002,SUR,SRT,SURAT,WEST2,GJ,GUJARAT,4
395003,SUR,SUC,BELGIUM SQUARE OFFICE.,WEST2,GJ,GUJARAT,4
395004,SUR,SUC,BELGIUM SQUARE OFFICE.,WEST2,GJ,GUJARAT,4
395005,SUR,ADJ,ADAJAN,WEST2,GJ,GUJARAT,4
395006,SUR,SUC,BELGIUM SQUARE OFFICE.,WEST2,GJ,GUJARAT,4
395007,SUR,NNP,NANPURA SERVICE CENTRE,WEST2,GJ,GUJARAT,4
395008,SUR,SUC,BELGIUM SQUARE OFFICE.,WEST2,GJ,GUJARAT,4
395009,SUR,ADJ,ADAJAN,WEST2,GJ,GUJARAT,4
395010,SUR,SUC,BELGIUM SQUARE OFFICE.,WEST2,GJ,GUJARAT,4
395011,SUR,SRT,SURAT,WEST2,GJ,GUJARAT,4
395012,SUR,SRT,SURAT,WEST2,GJ,GUJARAT,4
395013,SUR,SUC,BELGIUM SQUARE OFFICE.,WEST2,GJ,GUJARAT,4
395017,SUR,NNP,NANPURA SERVICE CENTRE,WEST2,GJ,GUJARAT,4
395023,SUR,SRT,SURAT,WEST2,GJ,GUJARAT,4
396001,VAL,VAL,VALSAD,WEST2,GJ,GUJARAT,4
396002,VAL,VAL,VALSAD,WEST2,GJ,GUJARAT,4
396007,VAX,VAX,VALSAD REACH,WEST2,GJ,GUJARAT,4
396020,VAL,VAL,VALSAD,WEST2,GJ,GUJARAT,4
396030,VAX,VAX,VALSAD REACH,WEST2,GJ,GUJARAT,4
396035,VAL,VAL,VALSAD,WEST2,GJ,GUJARAT,4
396040,CLI,CLI,CHIKHLI,WEST2,GJ,GUJARAT,4
396045,VAX,VAX,VALSAD REACH,WEST2,GJ,GUJARAT,4
396050,VAX,VAX,VALSAD REACH,WEST2,GJ,GUJARAT,4
396055,VAX,VAX,VALSAD REACH,WEST2,GJ,GUJARAT,4
396060,CLI,CLI,CHIKHLI,WEST2,GJ,GUJARAT,4
396065,VAP,VPZ,VAPI,WEST2,GJ,GUJARAT,4
396105,VAP,VPZ,VAPI,WEST2,GJ,GUJARAT,4
396120,UMG,UMG,UMARGAM,WEST2,GJ,GUJARAT,4
396125,VAL,VAL,VALSAD,WEST2,GJ,GUJARAT,4
396130,UMG,UMG,UMARGAM,WEST2,GJ,GUJARAT,4
396135,UMG,UMG,UMARGAM,WEST2,GJ,GUJARAT,4
396150,UMG,UMG,UMARGAM,WEST2,GJ,GUJARAT,4
396155,VAP,VPZ,VAPI,WEST2,GJ,GUJARAT,4
396165,UMG,UMG,UMARGAM,WEST2,GJ,GUJARAT,4
396170,UMG,UMG,UMARGAM,WEST2,GJ,GUJARAT,4
396171,UMG,UMG,UMARGAM,WEST2,GJ,GUJARAT,4
396185,VAP,VPZ,VAPI,WEST2,GJ,GUJARAT,4
396191,VAP,VPZ,VAPI,WEST2,GJ,GUJARAT,4
396193,SLV,SLV,SILVASSA,WEST2,DN,DADRA AND NAGAR HAVELI,4
396195,VAP,VPZ,VAPI,WEST2,GJ,GUJARAT,4
396210,DMN,DMN,DAMAN,WEST2,DN,DADRA AND NAGAR HAVELI,4
396215,DMN,DMN,DAMAN,WEST2,DN,DADRA AND NAGAR HAVELI,4
396220,DMN,DMN,DAMAN,WEST2,DN,DADRA AND NAGAR HAVELI,4
396230,SLV,SLV,SILVASSA,WEST2,DN,DADRA AND NAGAR HAVELI,4
396235,SLV,SLV,SILVASSA,WEST2,DN,DADRA AND NAGAR HAVELI,4
396240,SLV,SLV,SILVASSA,WEST2,DN,DADRA AND NAGAR HAVELI,4
396310,BII,BII,BILLIMORA,WEST2,GJ,GUJARAT,4
396321,BII,BII,BILLIMORA,WEST2,GJ,GUJARAT,4
396325,BII,BII,BILLIMORA,WEST2,GJ,GUJARAT,4
396350,NVZ,NVZ,NAVSARI REACH,WEST2,GJ,GUJARAT,4
396360,BII,BII,BILLIMORA,WEST2,GJ,GUJARAT,4
396370,BII,BII,BILLIMORA,WEST2,GJ,GUJARAT,4
396380,BII,BII,BILLIMORA,WEST2,GJ,GUJARAT,4
396409,CLI,CLI,CHIKHLI,WEST2,GJ,GUJARAT,4
396415,PSN,PSN,PALSANA,WEST2,GJ,GUJARAT,4
396421,NVS,NVS,NAVSARI,WEST2,GJ,GUJARAT,4
396424,NVS,NVS,NAVSARI,WEST2,GJ,GUJARAT,4
396427,NVS,NVS,NAVSARI,WEST2,GJ,GUJARAT,4
396430,CLI,CLI,CHIKHLI,WEST2,GJ,GUJARAT,4
396436,NVZ,NVZ,NAVSARI REACH,WEST2,GJ,GUJARAT,4
396439,NVS,NVS,NAVSARI,WEST2,GJ,GUJARAT,4
396445,NVS,NVS,NAVSARI,WEST2,GJ,GUJARAT,4
396450,NVS,NVS,NAVSARI,WEST2,GJ,GUJARAT,4
396463,NVS,NVS,NAVSARI,WEST2,GJ,GUJARAT,4
396475,PSN,PSN,PALSANA,WEST2,GJ,GUJARAT,4
396521,BII,BII,BILLIMORA,WEST2,GJ,GUJARAT,4
396530,CLI,CLI,CHIKHLI,WEST2,GJ,GUJARAT,4
396560,CLI,CLI,CHIKHLI,WEST2,GJ,GUJARAT,4
396580,CLI,CLI,CHIKHLI,WEST2,GJ,GUJARAT,4
396590,VYA,VYA,VYARA,WEST2,GJ,GUJARAT,4
400001,BOM,FRT,FORT,WEST1,MH,MAHARASHTRA,1
400002,BOM,MSJ,MASJID,WEST1,MH,MAHARASHTRA,1
400003,BOM,MSJ,MASJID,WEST1,MH,MAHARASHTRA,1
400004,BOM,TDO,TARDEO,WEST1,MH,MAHARASHTRA,1
400005,BOM,DDB,DDB BRANCH OFFICE,WEST1,MH,MAHARASHTRA,1
400006,BOM,TDO,TARDEO,WEST1,MH,MAHARASHTRA,1
400007,BOM,TDO,TARDEO,WEST1,MH,MAHARASHTRA,1
400008,BOM,LPR,LOWER PAREL,WEST1,MH,MAHARASHTRA,1
400009,BOM,MSJ,MASJID,WEST1,MH,MAHARASHTRA,1
400010,BOM,WAD,WADALA,WEST1,MH,MAHARASHTRA,1
400011,BOM,LPR,LOWER PAREL,WEST1,MH,MAHARASHTRA,1
400012,BOM,WAD,WADALA,WEST1,MH,MAHARASHTRA,1
400013,BOM,SBR,SENAPATI BAPAT ROAD,WEST1,MH,MAHARASHTRA,1
400014,BOM,WAD,WADALA,WEST1,MH,MAHARASHTRA,1
400015,BOM,WAD,WADALA,WEST1,MH,MAHARASHTRA,1
400016,BOM,LPR,LOWER PAREL,WEST1,MH,MAHARASHTRA,1
400017,BOM,WAD,WADALA,WEST1,MH,MAHARASHTRA,1
400018,BOM,WRL,WORLI,WEST1,MH,MAHARASHTRA,1
400019,BOM,WAD,WADALA,WEST1,MH,MAHARASHTRA,1
400020,BOM,CCG,CHURCHGATE,WEST1,MH,MAHARASHTRA,1
400021,BOM,NPT,NARIMAN POINT,WEST1,MH,MAHARASHTRA,1
400022,BOM,CHB,CHEMBUR,WEST1,MH,MAHARASHTRA,1
400023,BOM,DDB,DDB BRANCH OFFICE,WEST1,MH,MAHARASHTRA,1
400024,BOM,CHB,CHEMBUR,WEST1,MH,MAHARASHTRA,1
400025,BOM,WRL,WORLI,WEST1,MH,MAHARASHTRA,1
400026,BOM,TDO,TARDEO,WEST1,MH,MAHARASHTRA,1
400027,BOM,WAD,WADALA,WEST1,MH,MAHARASHTRA,1
400028,BOM,LPR,LOWER PAREL,WEST1,MH,MAHARASHTRA,1
400029,BOM,BKC,BANDRA (EAST),WEST1,MH,MAHARASHTRA,1
400030,BOM,WRL,WORLI,WEST1,MH,MAHARASHTRA,1
400031,BOM,WAD,WADALA,WEST1,MH,MAHARASHTRA,1
400032,BOM,NPT,NARIMAN POINT,WEST1,MH,MAHARASHTRA,1
400033,BOM,WAD,WADALA,WEST1,MH,MAHARASHTRA,1
400034,BOM,TDO,TARDEO,WEST1,MH,MAHARASHTRA,1
400035,BOM,TDO,TARDEO,WEST1,MH,MAHARASHTRA,1
400036,BOM,TDO,TARDEO,WEST1,MH,MAHARASHTRA,1
400037,BOM,WAD,WADALA,WEST1,MH,MAHARASHTRA,1
400038,BOM,FRT,FORT,WEST1,MH,MAHARASHTRA,1
400039,BOM,FRT,FORT,WEST1,MH,MAHARASHTRA,1
400042,BOM,MUL,MULUND,WEST1,MH,MAHARASHTRA,1
400043,BOM,CHB,CHEMBUR,WEST1,MH,MAHARASHTRA,1
400049,BOM,STZ,SANTACRUZ,WEST1,MH,MAHARASHTRA,1
400050,BOM,BSC,BANDRA KURLA COMPLEX,WEST1,MH,MAHARASHTRA,1
400051,BOM,BKC,BANDRA (EAST),WEST1,MH,MAHARASHTRA,1
400052,BOM,STZ,SANTACRUZ,WEST1,MH,MAHARASHTRA,1
400053,BOM,LNK,JUHU VERSOVA LINK ROAD,WEST1,MH,MAHARASHTRA,1
400054,BOM,STZ,SANTACRUZ,WEST1,MH,MAHARASHTRA,1
400055,BOM,BKC,BANDRA (EAST),WEST1,MH,MAHARASHTRA,1
400056,BOM,STZ,SANTACRUZ,WEST1,MH,MAHARASHTRA,1
400057,BOM,ADR,ADARSH,WEST1,MH,MAHARASHTRA,1
400058,BOM,AWS,ANDHERI WEST S/C,WEST1,MH,MAHARASHTRA,1
400059,BOM,SPZ,SEEPZ,WEST1,MH,MAHARASHTRA,1
400060,BOM,GOR,GOREGAON,WEST1,MH,MAHARASHTRA,1
400061,BOM,LNK,JUHU VERSOVA LINK ROAD,WEST1,MH,MAHARASHTRA,1
400062,BOM,JOG,JOGESHWARI,WEST1,MH,MAHARASHTRA,1
400063,BOM,GOR,GOREGAON,WEST1,MH,MAHARASHTRA,1
400064,BOM,JOG,JOGESHWARI,WEST1,MH,MAHARASHTRA,1
400065,BOM,GOR,GOREGAON,WEST1,MH,MAHARASHTRA,1
400066,BOM,BOR,BORIVALI,WEST1,MH,MAHARASHTRA,1
400067,BOM,CKW,CHIKU WADI,WEST1,MH,MAHARASHTRA,1
400068,BOM,BOR,BORIVALI,WEST1,MH,MAHARASHTRA,1
400069,BOM,ADR,ADARSH,WEST1,MH,MAHARASHTRA,1
400070,BOM,GHT,GHATKOPAR,WEST1,MH,MAHARASHTRA,1
400071,BOM,CHB,CHEMBUR,WEST1,MH,MAHARASHTRA,1
400072,BOM,SAK,SAKINAKA,WEST1,MH,MAHARASHTRA,1
400074,BOM,CHB,CHEMBUR,WEST1,MH,MAHARASHTRA,1
400075,BOM,GHT,GHATKOPAR,WEST1,MH,MAHARASHTRA,1
400076,BOM,HRN,POWAI,WEST1,MH,MAHARASHTRA,1
400077,BOM,GHT,GHATKOPAR,WEST1,MH,MAHARASHTRA,1
400078,BOM,BDP,BHANDUP,WEST1,MH,MAHARASHTRA,1
400079,BOM,GHT,GHATKOPAR,WEST1,MH,MAHARASHTRA,1
400080,BOM,MUL,MULUND,WEST1,MH,MAHARASHTRA,1
400081,BOM,MUL,MULUND,WEST1,MH,MAHARASHTRA,1
400082,BOM,MUL,MULUND,WEST1,MH,MAHARASHTRA,1
400083,BOM,GHT,GHATKOPAR,WEST1,MH,MAHARASHTRA,1
400084,BOM,GHT,GHATKOPAR,WEST1,MH,MAHARASHTRA,1
400085,BOM,CHB,CHEMBUR,WEST1,MH,MAHARASHTRA,1
400086,BOM,GHT,GHATKOPAR,WEST1,MH,MAHARASHTRA,1
400087,BOM,SAK,SAKINAKA,WEST1,MH,MAHARASHTRA,1
400088,BOM,CHB,CHEMBUR,WEST1,MH,MAHARASHTRA,1
400089,BOM,GHT,GHATKOPAR,WEST1,MH,MAHARASHTRA,1
400090,BOM,JOG,JOGESHWARI,WEST1,MH,MAHARASHTRA,1
400091,BOM,CKW,CHIKU WADI,WEST1,MH,MAHARASHTRA,1
400092,BOM,CKW,CHIKU WADI,WEST1,MH,MAHARASHTRA,1
400093,BOM,SPZ,SEEPZ,WEST1,MH,MAHARASHTRA,1
400094,BOM,CHB,CHEMBUR,WEST1,MH,MAHARASHTRA,1
400095,BOM,JOG,JOGESHWARI,WEST1,MH,MAHARASHTRA,1
400096,BOM,SPZ,SEEPZ,WEST1,MH,MAHARASHTRA,1
400097,BOM,GMS,GOREGOAN MALAD SER CENTER,WEST1,MH,MAHARASHTRA,1
400098,BOM,BKC,BANDRA (EAST),WEST1,MH,MAHARASHTRA,1
400099,BOM,ADR,ADARSH,WEST1,MH,MAHARASHTRA,1
400101,BOM,BOR,BORIVALI,WEST1,MH,MAHARASHTRA,1
400102,BOM,OSH,OSHIWARA,WEST1,MH,MAHARASHTRA,1
400103,BOM,CKW,CHIKU WADI,WEST1,MH,MAHARASHTRA,1
400104,BOM,OSH,OSHIWARA,WEST1,MH,MAHARASHTRA,1
400601,BOM,THN,THANE,WEST1,MH,MAHARASHTRA,1
400602,BOM,THN,THANE,WEST1,MH,MAHARASHTRA,1
400603,BOM,THN,THANE,WEST1,MH,MAHARASHTRA,1
400604,BOM,THN,THANE,WEST1,MH,MAHARASHTRA,1
400605,BOM,THN,THANE,WEST1,MH,MAHARASHTRA,1
400606,BOM,MPD,MANPADA SERVICE CENTRE,WEST1,MH,MAHARASHTRA,1
400607,BOM,MPD,MANPADA SERVICE CENTRE,WEST1,MH,MAHARASHTRA,1
400608,BOM,MPD,MANPADA SERVICE CENTRE,WEST1,MH,MAHARASHTRA,1
400609,BOM,MPD,MANPADA SERVICE CENTRE,WEST1,MH,MAHARASHTRA,1
400610,BOM,MPD,MANPADA SERVICE CENTRE,WEST1,MH,MAHARASHTRA,1
400611,BOM,THN,THANE,WEST1,MH,MAHARASHTRA,1
400612,MMB,MMB,MUMBRA,WEST1,MH,MAHARASHTRA,1
400614,NBM,CBD,BELAPUR,WEST1,MH,MAHARASHTRA,1
400615,BOM,MPD,MANPADA SERVICE CENTRE,WEST1,MH,MAHARASHTRA,1
400701,NBM,MPE,MAHAPE,WEST1,MH,MAHARASHTRA,1
400702,URN,URN,URAN,WEST1,MH,MAHARASHTRA,1
400703,NBM,NVM,NEW BOMBAY,WEST1,MH,MAHARASHTRA,1
400704,URN,URN,URAN,WEST1,MH,MAHARASHTRA,1
400705,NBM,NVM,NEW BOMBAY,WEST1,MH,MAHARASHTRA,1
400706,NBM,CBD,BELAPUR,WEST1,MH,MAHARASHTRA,1
400707,URN,URN,URAN,WEST1,MH,MAHARASHTRA,1
400708,NBM,AIR,AIROLI SERVICE CENTRE,WEST1,MH,MAHARASHTRA,1
400709,NBM,MPE,MAHAPE,WEST1,MH,MAHARASHTRA,1
400710,NBM,MPE,MAHAPE,WEST1,MH,MAHARASHTRA,1
401101,BOM,MBY,MEERA ROAD-BHAYANDER,WEST1,MH,MAHARASHTRA,1
401102,PGR,PGR,PALGHAR,WEST1,MH,MAHARASHTRA,1
401103,VAN,VAN,VANGAON,WEST1,MH,MAHARASHTRA,1
401104,BOM,MBY,MEERA ROAD-BHAYANDER,WEST1,MH,MAHARASHTRA,1
401105,BOM,MBY,MEERA ROAD-BHAYANDER,WEST1,MH,MAHARASHTRA,1
401106,BOM,MBY,MEERA ROAD-BHAYANDER,WEST1,MH,MAHARASHTRA,1
401107,BOM,MBY,MEERA ROAD-BHAYANDER,WEST1,MH,MAHARASHTRA,1
401201,BOM,MIR,VASAI,WEST1,MH,MAHARASHTRA,1
401202,BOM,MIR,VASAI,WEST1,MH,MAHARASHTRA,1
401203,BOM,VRR,VIRAR WEST,WEST1,MH,MAHARASHTRA,1
401205,BOM,MIR,VASAI,WEST1,MH,MAHARASHTRA,1
401207,BOM,MIR,VASAI,WEST1,MH,MAHARASHTRA,1
401208,BOM,MIR,VASAI,WEST1,MH,MAHARASHTRA,1
401209,BOM,MIR,VASAI,WEST1,MH,MAHARASHTRA,1
401210,BOM,MIR,VASAI,WEST1,MH,MAHARASHTRA,1
401301,BOM,VRR,VIRAR WEST,WEST1,MH,MAHARASHTRA,1
401302,BOM,VRR,VIRAR WEST,WEST1,MH,MAHARASHTRA,1
401303,BOM,VRR,VIRAR WEST,WEST1,MH,MAHARASHTRA,1
401304,BOM,VRR,VIRAR WEST,WEST1,MH,MAHARASHTRA,1
401305,BOM,VRR,VIRAR WEST,WEST1,MH,MAHARASHTRA,1
401401,PGR,PGR,PALGHAR,WEST1,MH,MAHARASHTRA,1
401402,PGR,PGR,PALGHAR,WEST1,MH,MAHARASHTRA,1
401403,PGR,PGR,PALGHAR,WEST1,MH,MAHARASHTRA,1
401404,PGR,PGR,PALGHAR,WEST1,MH,MAHARASHTRA,1
401405,PGR,PGR,PALGHAR,WEST1,MH,MAHARASHTRA,1
401407,PGR,PGR,PALGHAR,WEST1,MH,MAHARASHTRA,1
401501,TRW,TAR,TARAPUR,WEST1,MH,MAHARASHTRA,1
401502,TRW,TAR,TARAPUR,WEST1,MH,MAHARASHTRA,1
401503,TRW,TAR,TARAPUR,WEST1,MH,MAHARASHTRA,1
401504,TRW,TAR,TARAPUR,WEST1,MH,MAHARASHTRA,1
401506,TRW,TAR,TARAPUR,WEST1,MH,MAHARASHTRA,1
401601,DNU,DNU,DAHANU,WEST1,MH,MAHARASHTRA,2
401602,DNU,DNU,DAHANU,WEST1,MH,MAHARASHTRA,2
401607,BDD,BDD,TARAPUR,WEST1,MH,MAHARASHTRA,2
401608,DNU,DNU,DAHANU,WEST1,MH,MAHARASHTRA,2
401701,BDD,BDD,TARAPUR,WEST1,MH,MAHARASHTRA,2
401702,BDD,BDD,TARAPUR,WEST1,MH,MAHARASHTRA,2
402101,MAN,MAN,MANGAON,WEST1,MH,MAHARASHTRA,2
402103,MAN,MAN,MANGAON,WEST1,MH,MAHARASHTRA,2
402104,MAN,MAN,MANGAON,WEST1,MH,MAHARASHTRA,2
402105,SHN,SHN,SHRIWARDHAN,WEST1,MH,MAHARASHTRA,2
402106,NOT,NOT,NAGOTHANE,WEST1,MH,MAHARASHTRA,2
402107,PEN,PEN,PEN,WEST1,MH,MAHARASHTRA,2
402109,NOT,NOT,NAGOTHANE,WEST1,MH,MAHARASHTRA,2
402110,SHN,SHN,SHRIWARDHAN,WEST1,MH,MAHARASHTRA,2
402111,MAN,MAN,MANGAON,WEST1,MH,MAHARASHTRA,2
402112,MAN,MAN,MANGAON,WEST1,MH,MAHARASHTRA,2
402113,SHN,SHN,SHRIWARDHAN,WEST1,MH,MAHARASHTRA,2
402114,SHN,SHN,SHRIWARDHAN,WEST1,MH,MAHARASHTRA,2
402115,MAD,MAD,MAHAD,WEST1,MH,MAHARASHTRA,2
402116,NOT,NOT,NAGOTHANE,WEST1,MH,MAHARASHTRA,2
402117,MAN,MAN,MANGAON,WEST1,MH,MAHARASHTRA,2
402120,MAN,MAN,MANGAON,WEST1,MH,MAHARASHTRA,2
402125,NOT,NOT,NAGOTHANE,WEST1,MH,MAHARASHTRA,2
402126,NOT,NOT,NAGOTHANE,WEST1,MH,MAHARASHTRA,2
402201,ABG,ABG,ALIBAUG,WEST1,MH,MAHARASHTRA,2
402202,JNJ,JNJ,JANJIRA,WEST1,MH,MAHARASHTRA,2
402203,ABG,ABG,ALIBAUG,WEST1,MH,MAHARASHTRA,2
402207,ABG,ABG,ALIBAUG,WEST1,MH,MAHARASHTRA,2
402208,ABG,ABG,ALIBAUG,WEST1,MH,MAHARASHTRA,2
402209,ABG,ABG,ALIBAUG,WEST1,MH,MAHARASHTRA,2
402301,MAD,MAD,MAHAD,WEST1,MH,MAHARASHTRA,2
402302,MAD,MAD,MAHAD,WEST1,MH,MAHARASHTRA,2
402303,MAD,MAD,MAHAD,WEST1,MH,MAHARASHTRA,2
402304,NOT,NOT,NAGOTHANE,WEST1,MH,MAHARASHTRA,2
402305,MAD,MAD,MAHAD,WEST1,MH,MAHARASHTRA,2
402306,MAD,MAD,MAHAD,WEST1,MH,MAHARASHTRA,2
402307,MAD,MAD,MAHAD,WEST1,MH,MAHARASHTRA,2
402308,MAN,MAN,MANGAON,WEST1,MH,MAHARASHTRA,2
402309,MAD,MAD,MAHAD,WEST1,MH,MAHARASHTRA,2
402401,JNJ,JNJ,JANJIRA,WEST1,MH,MAHARASHTRA,2
402403,SHN,SHN,SHRIWARDHAN,WEST1,MH,MAHARASHTRA,2
402404,SHN,SHN,SHRIWARDHAN,WEST1,MH,MAHARASHTRA,2
403001,PNJ,PJM,PANJIM,WEST1,GO,GOA,4
403002,PNJ,PJM,PANJIM,WEST1,GO,GOA,4
403003,PNJ,PJM,PANJIM,WEST1,GO,GOA,4
403004,PNJ,PJM,PANJIM,WEST1,GO,GOA,4
403005,PNJ,PJM,PANJIM,WEST1,GO,GOA,4
403006,PNJ,PJM,PANJIM,WEST1,GO,GOA,4
403101,PNJ,POV,PORVORIM,WEST1,GO,GOA,4
403104,PNJ,PJM,PANJIM,WEST1,GO,GOA,4
403105,XBC,XBC,BICHOLIM REACH,WEST1,GO,GOA,4
403106,PNJ,PJM,PANJIM,WEST1,GO,GOA,4
403107,PNJ,PJM,PANJIM,WEST1,GO,GOA,4
403108,PNJ,PJM,PANJIM,WEST1,GO,GOA,4
403109,PNJ,POV,PORVORIM,WEST1,GO,GOA,4
403110,PNJ,PJM,PANJIM,WEST1,GO,GOA,4
403114,PNJ,POV,PORVORIM,WEST1,GO,GOA,4
403115,PNJ,PJM,PANJIM,WEST1,GO,GOA,4
403201,PNJ,PJM,PANJIM,WEST1,GO,GOA,4
403202,PNJ,PJM,PANJIM,WEST1,GO,GOA,4
403203,PNJ,PJM,PANJIM,WEST1,GO,GOA,4
403204,PNJ,PJM,PANJIM,WEST1,GO,GOA,4
403206,PNJ,PJM,PANJIM,WEST1,GO,GOA,4
403401,PNJ,PDN,PONDA,WEST1,GO,GOA,4
403402,PNJ,PJM,PANJIM,WEST1,GO,GOA,4
403404,PNJ,PJM,PANJIM,WEST1,GO,GOA,4
403405,PNJ,PDN,PONDA,WEST1,GO,GOA,4
403406,PNJ,PDN,PONDA,WEST1,GO,GOA,4
403409,PNJ,PDN,PONDA,WEST1,GO,GOA,4
403501,PNJ,POV,PORVORIM,WEST1,GO,GOA,4
403502,PNJ,MPU,MAPUSA,WEST1,GO,GOA,4
403503,BCH,BCH,BICHOLIM,WEST1,GO,GOA,4
403504,BCH,BCH,BICHOLIM,WEST1,GO,GOA,4
403505,BCH,BCH,BICHOLIM,WEST1,GO,GOA,4
403506,XBC,XBC,BICHOLIM REACH,WEST1,GO,GOA,4
403507,PNJ,MPU,MAPUSA,WEST1,GO,GOA,4
403508,PNJ,MPU,MAPUSA,WEST1,GO,GOA,4
403509,PNJ,MPU,MAPUSA,WEST1,GO,GOA,4
403510,PNJ,MPU,MAPUSA,WEST1,GO,GOA,4
403511,PNJ,POV,PORVORIM,WEST1,GO,GOA,4
403512,PEM,PEM,PERNEM,WEST1,GO,GOA,4
403513,PNJ,MPU,MAPUSA,WEST1,GO,GOA,4
403514,PNJ,MPU,MAPUSA,WEST1,GO,GOA,4
403515,PNJ,POV,PORVORIM,WEST1,GO,GOA,4
403516,PNJ,MPU,MAPUSA,WEST1,GO,GOA,4
403517,PNJ,MPU,MAPUSA,WEST1,GO,GOA,4
403518,PNJ,MPU,MAPUSA,WEST1,GO,GOA,4
403519,PNJ,POV,PORVORIM,WEST1,GO,GOA,4
403521,PNJ,POV,PORVORIM,WEST1,GO,GOA,4
403523,PNJ,MPU,MAPUSA,WEST1,GO,GOA,4
403524,PEM,PEM,PERNEM,WEST1,GO,GOA,4
403526,PNJ,MPU,MAPUSA,WEST1,GO,GOA,4
403527,PEM,PEM,PERNEM,WEST1,GO,GOA,4
403529,BCH,BCH,BICHOLIM,WEST1,GO,GOA,4
403530,XBC,XBC,BICHOLIM REACH,WEST1,GO,GOA,4
403601,PNJ,NVL,NAVELIM,WEST1,GO,GOA,4
403602,PNJ,NVL,NAVELIM,WEST1,GO,GOA,4
403604,PNJ,VGG,VERNA,WEST1,GO,GOA,4
403701,CUN,CUN,QUEPEM,WEST1,GO,GOA,4
403703,CUN,CUN,QUEPEM,WEST1,GO,GOA,4
403704,CUN,CUN,QUEPEM,WEST1,GO,GOA,4
403705,CUN,CUN,QUEPEM,WEST1,GO,GOA,4
403706,CUN,CUN,QUEPEM,WEST1,GO,GOA,4
403707,PNJ,NVL,NAVELIM,WEST1,GO,GOA,4
403708,PNJ,NVL,NAVELIM,WEST1,GO,GOA,4
403709,PNJ,NVL,NAVELIM,WEST1,GO,GOA,4
403710,PNJ,VGG,VERNA,WEST1,GO,GOA,4
403711,PNJ,VSG,VASCO COUNTER,WEST1,GO,GOA,4
403712,PNJ,VGG,VERNA,WEST1,GO,GOA,4
403713,PNJ,VGG,VERNA,WEST1,GO,GOA,4
403714,CUN,CUN,QUEPEM,WEST1,GO,GOA,4
403715,CUN,CUN,QUEPEM,WEST1,GO,GOA,4
403716,PNJ,NVL,NAVELIM,WEST1,GO,GOA,4
403717,PNJ,NVL,NAVELIM,WEST1,GO,GOA,4
403718,PNJ,VGG,VERNA,WEST1,GO,GOA,4
403719,PNJ,NVL,NAVELIM,WEST1,GO,GOA,4
403720,PNJ,NVL,NAVELIM,WEST1,GO,GOA,4
403721,PNJ,NVL,NAVELIM,WEST1,GO,GOA,4
403722,PNJ,VGG,VERNA,WEST1,GO,GOA,4
403723,CUN,CUN,QUEPEM,WEST1,GO,GOA,4
403724,PNJ,NVL,NAVELIM,WEST1,GO,GOA,4
403725,PNJ,NVL,NAVELIM,WEST1,GO,GOA,4
403726,PNJ,VSG,VASCO COUNTER,WEST1,GO,GOA,4
403729,PNJ,NVL,NAVELIM,WEST1,GO,GOA,4
403731,PNJ,NVL,NAVELIM,WEST1,GO,GOA,4
403801,PNJ,VSG,VASCO COUNTER,WEST1,GO,GOA,4
403802,PNJ,VSG,VASCO COUNTER,WEST1,GO,GOA,4
403803,PNJ,VSG,VASCO COUNTER,WEST1,GO,GOA,4
403804,PNJ,VSG,VASCO COUNTER,WEST1,GO,GOA,4
403806,PNJ,VSG,VASCO COUNTER,WEST1,GO,GOA,4
410101,KJT,KJT,KARJAT,WEST1,MH,MAHARASHTRA,2
410201,KJT,KJT,KARJAT,WEST1,MH,MAHARASHTRA,2
410202,KLI,KLI,KHOPOLI,WEST1,MH,MAHARASHTRA,2
410203,KLI,KLI,KHOPOLI,WEST1,MH,MAHARASHTRA,2
410204,KLI,KLI,KHOPOLI,WEST1,MH,MAHARASHTRA,2
410205,NOT,NOT,NAGOTHANE,WEST1,MH,MAHARASHTRA,2
410206,NBM,PNV,PANVEL,WEST1,MH,MAHARASHTRA,2
410207,PNG,PNG,PATALGANGA,WEST1,MH,MAHARASHTRA,2
410208,NBM,PNV,PANVEL,WEST1,MH,MAHARASHTRA,2
410209,NBM,PNV,PANVEL,WEST1,MH,MAHARASHTRA,2
410210,NBM,KHG,KHARGHAR,WEST1,MH,MAHARASHTRA,2
410216,KLI,KLI,KHOPOLI,WEST1,MH,MAHARASHTRA,2
410217,NBM,EPW,ETAIL PANVEL WAREHOUSE,WEST1,MH,MAHARASHTRA,2
410218,NBM,PNV,PANVEL,WEST1,MH,MAHARASHTRA,2
410220,PNG,PNG,PATALGANGA,WEST1,MH,MAHARASHTRA,2
410221,NBM,EPW,ETAIL PANVEL WAREHOUSE,WEST1,MH,MAHARASHTRA,2
410222,PNG,PNG,PATALGANGA,WEST1,MH,MAHARASHTRA,2
410301,LNV,LNV,LONAVALA,WEST1,MH,MAHARASHTRA,2
410302,LNV,LNV,LONAVALA,WEST1,MH,MAHARASHTRA,2
410401,LNV,LNV,LONAVALA,WEST1,MH,MAHARASHTRA,2
410402,LNV,LNV,LONAVALA,WEST1,MH,MAHARASHTRA,2
410403,LNV,LNV,LONAVALA,WEST1,MH,MAHARASHTRA,2
410405,LNV,LNV,LONAVALA,WEST1,MH,MAHARASHTRA,2
410501,CAH,CAH,CHAKAN,WEST1,MH,MAHARASHTRA,2
410502,NYN,NYN,NARAYANGAON,WEST1,MH,MAHARASHTRA,2
410503,NYN,NYN,NARAYANGAON,WEST1,MH,MAHARASHTRA,2
410504,NYN,NYN,NARAYANGAON,WEST1,MH,MAHARASHTRA,2
410505,KCT,KCT,KHED CITY,WEST1,MH,MAHARASHTRA,2
410506,TAL,TAL,TALEGAON,WEST1,MH,MAHARASHTRA,2
410507,TAL,TAL,TALEGAON,WEST1,MH,MAHARASHTRA,2
410508,NYN,NYN,NARAYANGAON,WEST1,MH,MAHARASHTRA,2
410510,KCT,KCT,KHED CITY,WEST1,MH,MAHARASHTRA,2
410511,NYN,NYN,NARAYANGAON,WEST1,MH,MAHARASHTRA,2
410512,KCT,KCT,KHED CITY,WEST1,MH,MAHARASHTRA,2
410513,KCT,KCT,KHED CITY,WEST1,MH,MAHARASHTRA,2
410515,NYN,NYN,NARAYANGAON,WEST1,MH,MAHARASHTRA,2
410613,NBM,NVM,NEW BOMBAY,WEST1,MH,MAHARASHTRA,2
411001,PNQ,BRG,BUND GARDEN,WEST1,MH,MAHARASHTRA,2
411002,PNQ,PVT,PARVATI SERVICE CENTER,WEST1,MH,MAHARASHTRA,2
411003,PNQ,BRG,BUND GARDEN,WEST1,MH,MAHARASHTRA,2
411004,PNQ,KTD,KOTHRUD(PUNE),WEST1,MH,MAHARASHTRA,2
411005,PNQ,KTD,KOTHRUD(PUNE),WEST1,MH,MAHARASHTRA,2
411006,PNQ,VIN,VIMAN NAGAR,WEST1,MH,MAHARASHTRA,2
411007,PNQ,BRN,BANER SERVICE CENTRE,WEST1,MH,MAHARASHTRA,2
411008,PNQ,BRN,BANER SERVICE CENTRE,WEST1,MH,MAHARASHTRA,2
411009,PNQ,PVT,PARVATI SERVICE CENTER,WEST1,MH,MAHARASHTRA,2
411010,PNQ,KTD,KOTHRUD(PUNE),WEST1,MH,MAHARASHTRA,2
411011,PNQ,PVT,PARVATI SERVICE CENTER,WEST1,MH,MAHARASHTRA,2
411012,PNQ,SGV,SANGHVI,WEST1,MH,MAHARASHTRA,2
411013,PNQ,HDP,HADAPSAR SERVICE CENTRE,WEST1,MH,MAHARASHTRA,2
411014,PNQ,VIN,VIMAN NAGAR,WEST1,MH,MAHARASHTRA,2
411015,PNQ,TGR,TINGRE NAGAR,WEST1,MH,MAHARASHTRA,2
411016,PNQ,KTD,KOTHRUD(PUNE),WEST1,MH,MAHARASHTRA,2
411017,PNQ,SGV,SANGHVI,WEST1,MH,MAHARASHTRA,2
411018,PNQ,PMC,PIMPRI AND CHINCHWAD,WEST1,MH,MAHARASHTRA,2
411019,PNQ,PMC,PIMPRI AND CHINCHWAD,WEST1,MH,MAHARASHTRA,2
411020,PNQ,KTD,KOTHRUD(PUNE),WEST1,MH,MAHARASHTRA,2
411021,PNQ,BRN,BANER SERVICE CENTRE,WEST1,MH,MAHARASHTRA,2
411022,PNQ,HDP,HADAPSAR SERVICE CENTRE,WEST1,MH,MAHARASHTRA,2
411023,PNQ,SID,SINHAGAD,WEST1,MH,MAHARASHTRA,2
411024,PNQ,SID,SINHAGAD,WEST1,MH,MAHARASHTRA,2
411025,PNQ,SID,SINHAGAD,WEST1,MH,MAHARASHTRA,2
411026,PNQ,PMC,PIMPRI AND CHINCHWAD,WEST1,MH,MAHARASHTRA,2
411027,PNQ,SGV,SANGHVI,WEST1,MH,MAHARASHTRA,2
411028,PNQ,HDP,HADAPSAR SERVICE CENTRE,WEST1,MH,MAHARASHTRA,2
411029,PNQ,KTD,KOTHRUD(PUNE),WEST1,MH,MAHARASHTRA,2
411030,PNQ,SID,SINHAGAD,WEST1,MH,MAHARASHTRA,2
411031,PNQ,SGV,SANGHVI,WEST1,MH,MAHARASHTRA,2
411032,PNQ,TGR,TINGRE NAGAR,WEST1,MH,MAHARASHTRA,2
411033,PNQ,PMC,PIMPRI AND CHINCHWAD,WEST1,MH,MAHARASHTRA,2
411034,PNQ,SGV,SANGHVI,WEST1,MH,MAHARASHTRA,2
411035,PNQ,PMC,PIMPRI AND CHINCHWAD,WEST1,MH,MAHARASHTRA,2
411036,PNQ,VIN,VIMAN NAGAR,WEST1,MH,MAHARASHTRA,2
411037,PNQ,PVT,PARVATI SERVICE CENTER,WEST1,MH,MAHARASHTRA,2
411038,PNQ,KTD,KOTHRUD(PUNE),WEST1,MH,MAHARASHTRA,2
411039,PNQ,PMC,PIMPRI AND CHINCHWAD,WEST1,MH,MAHARASHTRA,2
411040,PNQ,HDP,HADAPSAR SERVICE CENTRE,WEST1,MH,MAHARASHTRA,2
411041,PNQ,SID,SINHAGAD,WEST1,MH,MAHARASHTRA,2
411042,PNQ,PVT,PARVATI SERVICE CENTER,WEST1,MH,MAHARASHTRA,2
411043,PNQ,PVT,PARVATI SERVICE CENTER,WEST1,MH,MAHARASHTRA,2
411044,PNQ,PMC,PIMPRI AND CHINCHWAD,WEST1,MH,MAHARASHTRA,2
411045,PNQ,BRN,BANER SERVICE CENTRE,WEST1,MH,MAHARASHTRA,2
411046,PNQ,PVT,PARVATI SERVICE CENTER,WEST1,MH,MAHARASHTRA,2
411047,PNQ,TGR,TINGRE NAGAR,WEST1,MH,MAHARASHTRA,2
411048,PNQ,PVT,PARVATI SERVICE CENTER,WEST1,MH,MAHARASHTRA,2
411051,PNQ,SID,SINHAGAD,WEST1,MH,MAHARASHTRA,2
411052,PNQ,KTD,KOTHRUD(PUNE),WEST1,MH,MAHARASHTRA,2
411053,PNQ,KTD,KOTHRUD(PUNE),WEST1,MH,MAHARASHTRA,2
411057,PNQ,HID,HINJEWADI SERVICE CENTRE,WEST1,MH,MAHARASHTRA,2
411058,PNQ,KTD,KOTHRUD(PUNE),WEST1,MH,MAHARASHTRA,2
411060,PNQ,HDP,HADAPSAR SERVICE CENTRE,WEST1,MH,MAHARASHTRA,2
411061,PNQ,SGV,SANGHVI,WEST1,MH,MAHARASHTRA,2
411062,CAH,CAH,CHAKAN,WEST1,MH,MAHARASHTRA,2
411067,PNQ,BRN,BANER SERVICE CENTRE,WEST1,MH,MAHARASHTRA,2
411068,PNQ,SID,SINHAGAD,WEST1,MH,MAHARASHTRA,2
411201,PNQ,HDP,HADAPSAR SERVICE CENTRE,WEST1,MH,MAHARASHTRA,2
412101,TAL,TAL,TALEGAON,WEST1,MH,MAHARASHTRA,2
412102,LND,LND,LONAND,WEST1,MH,MAHARASHTRA,2
412103,PHL,PHL,PHALTAN,WEST1,MH,MAHARASHTRA,2
412105,CAH,CAH,CHAKAN,WEST1,MH,MAHARASHTRA,2
412106,TAL,TAL,TALEGAON,WEST1,MH,MAHARASHTRA,2
412108,PIR,PIR,PIRANGUT,WEST1,MH,MAHARASHTRA,2
412109,TAL,TAL,TALEGAON,WEST1,MH,MAHARASHTRA,2
412111,PIR,PIR,PIRANGUT,WEST1,MH,MAHARASHTRA,2
412112,PIR,PIR,PIRANGUT,WEST1,MH,MAHARASHTRA,2
412113,TAL,TAL,TALEGAON,WEST1,MH,MAHARASHTRA,2
412115,PIR,PIR,PIRANGUT,WEST1,MH,MAHARASHTRA,2
412201,UCH,UCH,URULIKANCHAN,WEST1,MH,MAHARASHTRA,2
412202,UCH,UCH,URULIKANCHAN,WEST1,MH,MAHARASHTRA,2
412205,KEL,KEL,KELEWADI,WEST1,MH,MAHARASHTRA,2
412207,SWD,SWD,SANASWADI,WEST1,MH,MAHARASHTRA,2
412208,SWD,SWD,SANASWADI,WEST1,MH,MAHARASHTRA,2
412209,SWD,SWD,SANASWADI,WEST1,MH,MAHARASHTRA,2
412210,SHH,SHH,SHIRUR RANJANGAON,WEST1,MH,MAHARASHTRA,2
412213,KEL,KEL,KELEWADI,WEST1,MH,MAHARASHTRA,2
412216,SWD,SWD,SANASWADI,WEST1,MH,MAHARASHTRA,2
412218,SHH,SHH,SHIRUR RANJANGAON,WEST1,MH,MAHARASHTRA,2
412220,SWD,SWD,SANASWADI,WEST1,MH,MAHARASHTRA,2
412301,JEJ,JEJ,JEJURI,WEST1,MH,MAHARASHTRA,2
412303,JEJ,JEJ,JEJURI,WEST1,MH,MAHARASHTRA,2
412306,LND,LND,LONAND,WEST1,MH,MAHARASHTRA,2
412307,MJR,MJR,MANJARI,WEST1,MH,MAHARASHTRA,2
412308,PNQ,HDP,HADAPSAR SERVICE CENTRE,WEST1,MH,MAHARASHTRA,2
412401,NYN,NYN,NARAYANGAON,WEST1,MH,MAHARASHTRA,2
412402,KCT,KCT,KHED CITY,WEST1,MH,MAHARASHTRA,2
412403,KCT,KCT,KHED CITY,WEST1,MH,MAHARASHTRA,2
412404,KCT,KCT,KHED CITY,WEST1,MH,MAHARASHTRA,2
412405,NYN,NYN,NARAYANGAON,WEST1,MH,MAHARASHTRA,2
412406,NYN,NYN,NARAYANGAON,WEST1,MH,MAHARASHTRA,2
412408,NYN,NYN,NARAYANGAON,WEST1,MH,MAHARASHTRA,2
412409,NYN,NYN,NARAYANGAON,WEST1,MH,MAHARASHTRA,2
412410,NYN,NYN,NARAYANGAON,WEST1,MH,MAHARASHTRA,2
412411,NYN,NYN,NARAYANGAON,WEST1,MH,MAHARASHTRA,2
412412,NYN,NYN,NARAYANGAON,WEST1,MH,MAHARASHTRA,2
412801,SRW,SRW,SHIRWAL,WEST1,MH,MAHARASHTRA,2
412802,SRW,SRW,SHIRWAL,WEST1,MH,MAHARASHTRA,2
412803,WAI,WAI,WAI,WEST1,MH,MAHARASHTRA,2
412804,WAI,WAI,WAI,WEST1,MH,MAHARASHTRA,2
412805,WAI,WAI,WAI,WEST1,MH,MAHARASHTRA,2
412806,WAI,WAI,WAI,WEST1,MH,MAHARASHTRA,2
413001,SLP,SHP,SOLAPUR,WEST1,MH,MAHARASHTRA,2
413002,SLP,SHP,SOLAPUR,WEST1,MH,MAHARASHTRA,2
413003,SLP,SHP,SOLAPUR,WEST1,MH,MAHARASHTRA,2
413004,SLP,SHP,SOLAPUR,WEST1,MH,MAHARASHTRA,2
413005,SLP,SHP,SOLAPUR,WEST1,MH,MAHARASHTRA,2
413006,SLP,SHP,SOLAPUR,WEST1,MH,MAHARASHTRA,2
413007,SLP,SHP,SOLAPUR,WEST1,MH,MAHARASHTRA,2
413008,SLP,SHP,SOLAPUR,WEST1,MH,MAHARASHTRA,2
413101,AKJ,AKJ,AKLUJ,WEST1,MH,MAHARASHTRA,2
413102,BRM,BMT,BARAMATI,WEST1,MH,MAHARASHTRA,2
413103,AKJ,AKJ,AKLUJ,WEST1,MH,MAHARASHTRA,2
413106,IDP,IDP,INDAPUR,WEST1,MH,MAHARASHTRA,2
413107,AKJ,AKJ,AKLUJ,WEST1,MH,MAHARASHTRA,2
413108,AKJ,AKJ,AKLUJ,WEST1,MH,MAHARASHTRA,2
413109,AKJ,AKJ,AKLUJ,WEST1,MH,MAHARASHTRA,2
413111,AKJ,AKJ,AKLUJ,WEST1,MH,MAHARASHTRA,2
413112,AKJ,AKJ,AKLUJ,WEST1,MH,MAHARASHTRA,2
413113,AKJ,AKJ,AKLUJ,WEST1,MH,MAHARASHTRA,2
413115,PHL,PHL,PHALTAN,WEST1,MH,MAHARASHTRA,2
413118,AKJ,AKJ,AKLUJ,WEST1,MH,MAHARASHTRA,2
413120,IDP,IDP,INDAPUR,WEST1,MH,MAHARASHTRA,2
413132,IDP,IDP,INDAPUR,WEST1,MH,MAHARASHTRA,2
413133,BRM,BMT,BARAMATI,WEST1,MH,MAHARASHTRA,2
413208,BSH,BSH,BARSHI,WEST1,MH,MAHARASHTRA,2
413209,BSH,BSH,BARSHI,WEST1,MH,MAHARASHTRA,2
413213,KON,KON,KONDI SOLAPUR,WEST1,MH,MAHARASHTRA,2
413215,SLP,SHP,SOLAPUR,WEST1,MH,MAHARASHTRA,2
413216,SLP,SHP,SOLAPUR,WEST1,MH,MAHARASHTRA,2
413222,KON,KON,KONDI SOLAPUR,WEST1,MH,MAHARASHTRA,2
413224,SLP,SHP,SOLAPUR,WEST1,MH,MAHARASHTRA,2
413228,SLP,SHP,SOLAPUR,WEST1,MH,MAHARASHTRA,2
413250,BSH,BSH,BARSHI,WEST1,MH,MAHARASHTRA,2
413255,KON,KON,KONDI SOLAPUR,WEST1,MH,MAHARASHTRA,2
413310,AKJ,AKJ,AKLUJ,WEST1,MH,MAHARASHTRA,2
413401,BSH,BSH,BARSHI,WEST1,MH,MAHARASHTRA,2
413402,BSH,BSH,BARSHI,WEST1,MH,MAHARASHTRA,2
413403,BSH,BSH,BARSHI,WEST1,MH,MAHARASHTRA,2
413405,OBD,OBD,OSMANABAD,WEST1,MH,MAHARASHTRA,2
413409,BSH,BSH,BARSHI,WEST1,MH,MAHARASHTRA,2
413410,BSH,BSH,BARSHI,WEST1,MH,MAHARASHTRA,2
413411,BSH,BSH,BARSHI,WEST1,MH,MAHARASHTRA,2
413501,OBD,OBD,OSMANABAD,WEST1,MH,MAHARASHTRA,2
413502,BSH,BSH,BARSHI,WEST1,MH,MAHARASHTRA,2
413503,BSH,BSH,BARSHI,WEST1,MH,MAHARASHTRA,2
413504,BSH,BSH,BARSHI,WEST1,MH,MAHARASHTRA,2
413507,ABJ,ABJ,AMBEJOGAI,WEST1,MH,MAHARASHTRA,2
413509,OBD,OBD,OSMANABAD,WEST1,MH,MAHARASHTRA,2
413512,LTR,LTR,LATUR,WEST1,MH,MAHARASHTRA,2
413517,UDG,UDG,UDGIR,WEST1,MH,MAHARASHTRA,2
413518,UDG,UDG,UDGIR,WEST1,MH,MAHARASHTRA,2
413519,UDG,UDG,UDGIR,WEST1,MH,MAHARASHTRA,2
413520,LTR,LTR,LATUR,WEST1,MH,MAHARASHTRA,2
413527,LTR,LTR,LATUR,WEST1,MH,MAHARASHTRA,2
413531,LTR,LTR,LATUR,WEST1,MH,MAHARASHTRA,2
413532,UDG,UDG,UDGIR,WEST1,MH,MAHARASHTRA,2
413544,LTR,LTR,LATUR,WEST1,MH,MAHARASHTRA,2
413582,OBD,OBD,OSMANABAD,WEST1,MH,MAHARASHTRA,2
413601,OBD,OBD,OSMANABAD,WEST1,MH,MAHARASHTRA,2
413701,SHG,SHG,SHRIGONDA,WEST1,MH,MAHARASHTRA,2
413702,SHG,SHG,SHRIGONDA,WEST1,MH,MAHARASHTRA,2
413703,SHG,SHG,SHRIGONDA,WEST1,MH,MAHARASHTRA,2
413705,SRP,SRP,SHRIRAMPUR,WEST1,MH,MAHARASHTRA,2
413706,SRP,SRP,SHRIRAMPUR,WEST1,MH,MAHARASHTRA,2
413709,SRP,SRP,SHRIRAMPUR,WEST1,MH,MAHARASHTRA,2
413710,LNI,LNI,LONI,WEST1,MH,MAHARASHTRA,2
413711,LNI,LNI,LONI,WEST1,MH,MAHARASHTRA,2
413712,LNI,LNI,LONI,WEST1,MH,MAHARASHTRA,2
413713,LNI,LNI,LONI,WEST1,MH,MAHARASHTRA,2
413714,SAN,SAN,SANGAMNER,WEST1,MH,MAHARASHTRA,2
413715,SRP,SRP,SHRIRAMPUR,WEST1,MH,MAHARASHTRA,2
413716,SRP,SRP,SHRIRAMPUR,WEST1,MH,MAHARASHTRA,2
413720,SRP,SRP,SHRIRAMPUR,WEST1,MH,MAHARASHTRA,2
413721,SRP,SRP,SHRIRAMPUR,WEST1,MH,MAHARASHTRA,2
413726,SHG,SHG,SHRIGONDA,WEST1,MH,MAHARASHTRA,2
413728,SHG,SHG,SHRIGONDA,WEST1,MH,MAHARASHTRA,2
413736,LNI,LNI,LONI,WEST1,MH,MAHARASHTRA,2
413737,LNI,LNI,LONI,WEST1,MH,MAHARASHTRA,2
413738,SAN,SAN,SANGAMNER,WEST1,MH,MAHARASHTRA,2
413739,SRP,SRP,SHRIRAMPUR,WEST1,MH,MAHARASHTRA,2
413802,KKB,KKB,KURKUMBH,WEST1,MH,MAHARASHTRA,2
414001,XHX,XHD,AHMEDNAGAR,WEST1,MH,MAHARASHTRA,2
414002,XHX,XHD,AHMEDNAGAR,WEST1,MH,MAHARASHTRA,2
414003,XHX,XHD,AHMEDNAGAR,WEST1,MH,MAHARASHTRA,2
414005,XHX,XHD,AHMEDNAGAR,WEST1,MH,MAHARASHTRA,2
414102,SVG,SVG,SHEVGAON,WEST1,MH,MAHARASHTRA,2
414105,NWS,NWS,NEWASA,WEST1,MH,MAHARASHTRA,2
414106,SVG,SVG,SHEVGAON,WEST1,MH,MAHARASHTRA,2
414110,XHX,XHD,AHMEDNAGAR,WEST1,MH,MAHARASHTRA,2
414111,XHX,XHM,AHMEDNAGAR ETAIL,WEST1,MH,MAHARASHTRA,2
414141,FPU,FPU,PANVEL ETAIL PROCESS UNIT,WEST1,MH,MAHARASHTRA,2
414301,SUP,SUP,SUPA,WEST1,MH,MAHARASHTRA,2
414306,SHH,SHH,SHIRUR RANJANGAON,WEST1,MH,MAHARASHTRA,2
414401,SHG,SHG,SHRIGONDA,WEST1,MH,MAHARASHTRA,2
414402,SHG,SHG,SHRIGONDA,WEST1,MH,MAHARASHTRA,2
414403,SHG,SHG,SHRIGONDA,WEST1,MH,MAHARASHTRA,2
414501,SVG,SVG,SHEVGAON,WEST1,MH,MAHARASHTRA,2
414502,SVG,SVG,SHEVGAON,WEST1,MH,MAHARASHTRA,2
414503,SVG,SVG,SHEVGAON,WEST1,MH,MAHARASHTRA,2
414504,SVG,SVG,SHEVGAON,WEST1,MH,MAHARASHTRA,2
414505,SVG,SVG,SHEVGAON,WEST1,MH,MAHARASHTRA,2
414602,NWS,NWS,NEWASA,WEST1,MH,MAHARASHTRA,2
414603,NWS,NWS,NEWASA,WEST1,MH,MAHARASHTRA,2
414604,NWS,NWS,NEWASA,WEST1,MH,MAHARASHTRA,2
414605,NWS,NWS,NEWASA,WEST1,MH,MAHARASHTRA,2
414607,NWS,NWS,NEWASA,WEST1,MH,MAHARASHTRA,2
414609,NWS,NWS,NEWASA,WEST1,MH,MAHARASHTRA,2
414701,SHG,SHG,SHRIGONDA,WEST1,MH,MAHARASHTRA,2
415001,SAA,SAT,SATARA,WEST1,MH,MAHARASHTRA,2
415002,SAA,SAT,SATARA,WEST1,MH,MAHARASHTRA,2
415003,SAA,SAT,SATARA,WEST1,MH,MAHARASHTRA,2
415004,SAA,SAT,SATARA,WEST1,MH,MAHARASHTRA,2
415010,SAA,SAT,SATARA,WEST1,MH,MAHARASHTRA,2
415011,SAA,SAT,SATARA,WEST1,MH,MAHARASHTRA,2
415015,SAA,SAT,SATARA,WEST1,MH,MAHARASHTRA,2
415019,SAA,SAT,SATARA,WEST1,MH,MAHARASHTRA,2
415101,KHL,KHP,KOLHAPUR,WEST1,MH,MAHARASHTRA,2
415103,KRC,KRC,KARAD,WEST1,MH,MAHARASHTRA,2
415104,KRC,KRC,KARAD,WEST1,MH,MAHARASHTRA,2
415105,KRC,KRC,KARAD,WEST1,MH,MAHARASHTRA,2
415106,KRC,KRC,KARAD,WEST1,MH,MAHARASHTRA,2
415107,SAA,SAT,SATARA,WEST1,MH,MAHARASHTRA,2
415108,KRC,KRC,KARAD,WEST1,MH,MAHARASHTRA,2
415109,KRD,KRD,KARAD,WEST1,MH,MAHARASHTRA,2
415110,KRD,KRD,KARAD,WEST1,MH,MAHARASHTRA,2
415111,KRC,KRC,KARAD,WEST1,MH,MAHARASHTRA,2
415114,KRC,KRC,KARAD,WEST1,MH,MAHARASHTRA,2
415115,KRC,KRC,KARAD,WEST1,MH,MAHARASHTRA,2
415122,KRC,KRC,KARAD,WEST1,MH,MAHARASHTRA,2
415124,KRC,KRC,KARAD,WEST1,MH,MAHARASHTRA,2
415203,DLI,DLI,DAPOLI,WEST1,MH,MAHARASHTRA,2
415205,KRC,KRC,KARAD,WEST1,MH,MAHARASHTRA,2
415206,KRC,KRC,KARAD,WEST1,MH,MAHARASHTRA,2
415209,KRC,KRC,KARAD,WEST1,MH,MAHARASHTRA,2
415212,KRC,KRC,KARAD,WEST1,MH,MAHARASHTRA,2
415213,MAD,MAD,MAHAD,WEST1,MH,MAHARASHTRA,2
415409,UIP,UIP,URUN ISLAMPUR,WEST1,MH,MAHARASHTRA,2
415414,UIP,UIP,URUN ISLAMPUR,WEST1,MH,MAHARASHTRA,2
415501,SAA,SAT,SATARA,WEST1,MH,MAHARASHTRA,2
415508,PHL,PHL,PHALTAN,WEST1,MH,MAHARASHTRA,2
415511,SAA,SAT,SATARA,WEST1,MH,MAHARASHTRA,2
415513,WAI,WAI,WAI,WEST1,MH,MAHARASHTRA,2
415514,WAI,WAI,WAI,WEST1,MH,MAHARASHTRA,2
415515,WAI,WAI,WAI,WEST1,MH,MAHARASHTRA,2
415516,WAI,WAI,WAI,WEST1,MH,MAHARASHTRA,2
415517,WAI,WAI,WAI,WEST1,MH,MAHARASHTRA,2
415518,SAA,SAT,SATARA,WEST1,MH,MAHARASHTRA,2
415519,SAA,SAT,SATARA,WEST1,MH,MAHARASHTRA,2
415521,LND,LND,LONAND,WEST1,MH,MAHARASHTRA,2
415522,PHL,PHL,PHALTAN,WEST1,MH,MAHARASHTRA,2
415523,PHL,PHL,PHALTAN,WEST1,MH,MAHARASHTRA,2
415524,SAA,SAT,SATARA,WEST1,MH,MAHARASHTRA,2
415528,PHL,PHL,PHALTAN,WEST1,MH,MAHARASHTRA,2
415530,WAI,WAI,WAI,WEST1,MH,MAHARASHTRA,2
415536,WAI,WAI,WAI,WEST1,MH,MAHARASHTRA,2
415537,LND,LND,LONAND,WEST1,MH,MAHARASHTRA,2
415539,KRC,KRC,KARAD,WEST1,MH,MAHARASHTRA,2
415601,CPL,CPL,CHIPLUN,WEST1,MH,MAHARASHTRA,2
415602,CPL,CPL,CHIPLUN,WEST1,MH,MAHARASHTRA,2
415603,CPL,CPL,CHIPLUN,WEST1,MH,MAHARASHTRA,2
415605,CPL,CPL,CHIPLUN,WEST1,MH,MAHARASHTRA,2
415606,CPL,CPL,CHIPLUN,WEST1,MH,MAHARASHTRA,2
415608,CPL,CPL,CHIPLUN,WEST1,MH,MAHARASHTRA,2
415609,DER,DER,DEVRUKH,WEST1,MH,MAHARASHTRA,2
415610,DER,DER,DEVRUKH,WEST1,MH,MAHARASHTRA,2
415611,DER,DER,DEVRUKH,WEST1,MH,MAHARASHTRA,2
415612,RTG,RTG,RATNAGIRI,WEST1,MH,MAHARASHTRA,2
415613,GUG,GUG,GUHAGHAR,WEST1,MH,MAHARASHTRA,2
415614,RTG,RTG,RATNAGIRI,WEST1,MH,MAHARASHTRA,2
415615,RTG,RTG,RATNAGIRI,WEST1,MH,MAHARASHTRA,2
415616,RTG,RTG,RATNAGIRI,WEST1,MH,MAHARASHTRA,2
415617,RTG,RTG,RATNAGIRI,WEST1,MH,MAHARASHTRA,2
415619,RTG,RTG,RATNAGIRI,WEST1,MH,MAHARASHTRA,2
415620,RTG,RTG,RATNAGIRI,WEST1,MH,MAHARASHTRA,2
415621,KED,KED,KHED,WEST1,MH,MAHARASHTRA,2
415626,LNJ,LNJ,LANJA,WEST1,MH,MAHARASHTRA,2
415628,GUG,GUG,GUHAGHAR,WEST1,MH,MAHARASHTRA,2
415629,RTG,RTG,RATNAGIRI,WEST1,MH,MAHARASHTRA,2
415634,GUG,GUG,GUHAGHAR,WEST1,MH,MAHARASHTRA,2
415639,RTG,RTG,RATNAGIRI,WEST1,MH,MAHARASHTRA,2
415643,LNJ,LNJ,LANJA,WEST1,MH,MAHARASHTRA,2
415702,GUG,GUG,GUHAGHAR,WEST1,MH,MAHARASHTRA,2
415703,GUG,GUG,GUHAGHAR,WEST1,MH,MAHARASHTRA,2
415705,GUG,GUG,GUHAGHAR,WEST1,MH,MAHARASHTRA,2
415706,DLI,DLI,DAPOLI,WEST1,MH,MAHARASHTRA,2
415709,KED,KED,KHED,WEST1,MH,MAHARASHTRA,2
415711,DLI,DLI,DAPOLI,WEST1,MH,MAHARASHTRA,2
415712,DLI,DLI,DAPOLI,WEST1,MH,MAHARASHTRA,2
415713,DLI,DLI,DAPOLI,WEST1,MH,MAHARASHTRA,2
415714,DLI,DLI,DAPOLI,WEST1,MH,MAHARASHTRA,2
415716,DLI,DLI,DAPOLI,WEST1,MH,MAHARASHTRA,2
415717,DLI,DLI,DAPOLI,WEST1,MH,MAHARASHTRA,2
415719,GUG,GUG,GUHAGHAR,WEST1,MH,MAHARASHTRA,2
415720,DLI,DLI,DAPOLI,WEST1,MH,MAHARASHTRA,2
415722,CPL,CPL,CHIPLUN,WEST1,MH,MAHARASHTRA,2
415724,GUG,GUG,GUHAGHAR,WEST1,MH,MAHARASHTRA,2
415726,GUG,GUG,GUHAGHAR,WEST1,MH,MAHARASHTRA,2
415728,GUG,GUG,GUHAGHAR,WEST1,MH,MAHARASHTRA,2
415729,GUG,GUG,GUHAGHAR,WEST1,MH,MAHARASHTRA,2
415730,CPL,CPL,CHIPLUN,WEST1,MH,MAHARASHTRA,2
415801,DER,DER,DEVRUKH,WEST1,MH,MAHARASHTRA,2
415802,DER,DER,DEVRUKH,WEST1,MH,MAHARASHTRA,2
415803,RTG,RTG,RATNAGIRI,WEST1,MH,MAHARASHTRA,2
415804,DER,DER,DEVRUKH,WEST1,MH,MAHARASHTRA,2
415805,LNJ,LNJ,LANJA,WEST1,MH,MAHARASHTRA,2
415806,LNJ,LNJ,LANJA,WEST1,MH,MAHARASHTRA,2
415807,LNJ,LNJ,LANJA,WEST1,MH,MAHARASHTRA,2
416001,KHL,KHP,KOLHAPUR,WEST1,MH,MAHARASHTRA,2
416002,KHL,KHP,KOLHAPUR,WEST1,MH,MAHARASHTRA,2
416003,KHL,KHP,KOLHAPUR,WEST1,MH,MAHARASHTRA,2
416004,KHL,KHP,KOLHAPUR,WEST1,MH,MAHARASHTRA,2
416005,KHL,KHP,KOLHAPUR,WEST1,MH,MAHARASHTRA,2
416006,KHL,KHP,KOLHAPUR,WEST1,MH,MAHARASHTRA,2
416007,KHL,KHP,KOLHAPUR,WEST1,MH,MAHARASHTRA,2
416008,KHL,KHP,KOLHAPUR,WEST1,MH,MAHARASHTRA,2
416009,KHL,KHP,KOLHAPUR,WEST1,MH,MAHARASHTRA,2
416010,KHL,KHP,KOLHAPUR,WEST1,MH,MAHARASHTRA,2
416011,XKH,XKH,EX KOLHAPUR,WEST1,MH,MAHARASHTRA,2
416012,KHL,KHP,KOLHAPUR,WEST1,MH,MAHARASHTRA,2
416013,KHL,KHP,KOLHAPUR,WEST1,MH,MAHARASHTRA,2
416107,ICH,ICH,ICHALKARANJI,WEST1,MH,MAHARASHTRA,2
416108,ICH,ICH,ICHALKARANJI,WEST1,MH,MAHARASHTRA,2
416109,ICH,ICH,ICHALKARANJI,WEST1,MH,MAHARASHTRA,2
416110,ICH,ICH,ICHALKARANJI,WEST1,MH,MAHARASHTRA,2
416112,KHL,SRL,SHIROLI,WEST1,MH,MAHARASHTRA,2
416113,KHL,SRL,SHIROLI,WEST1,MH,MAHARASHTRA,2
416114,KHL,SRL,SHIROLI,WEST1,MH,MAHARASHTRA,2
416115,ICH,ICH,ICHALKARANJI,WEST1,MH,MAHARASHTRA,2
416116,ICH,ICH,ICHALKARANJI,WEST1,MH,MAHARASHTRA,2
416117,ICH,ICH,ICHALKARANJI,WEST1,MH,MAHARASHTRA,2
416118,ICH,ICH,ICHALKARANJI,WEST1,MH,MAHARASHTRA,2
416119,KHL,KHP,KOLHAPUR,WEST1,MH,MAHARASHTRA,2
416121,ICH,ICH,ICHALKARANJI,WEST1,MH,MAHARASHTRA,2
416122,KHL,SRL,SHIROLI,WEST1,MH,MAHARASHTRA,2
416129,ICH,ICH,ICHALKARANJI,WEST1,MH,MAHARASHTRA,2
416138,ICH,ICH,ICHALKARANJI,WEST1,MH,MAHARASHTRA,2
416143,ICH,ICH,ICHALKARANJI,WEST1,MH,MAHARASHTRA,2
416146,ICH,ICH,ICHALKARANJI,WEST1,MH,MAHARASHTRA,2
416203,KGL,KGL,KAGAL,WEST1,MH,MAHARASHTRA,2
416205,KHL,KHP,KOLHAPUR,WEST1,MH,MAHARASHTRA,2
416207,KGL,KGL,KAGAL,WEST1,MH,MAHARASHTRA,2
416213,KHL,KHP,KOLHAPUR,WEST1,MH,MAHARASHTRA,2
416216,KGL,KGL,KAGAL,WEST1,MH,MAHARASHTRA,2
416219,GAD,GAD,GADHINGLAJ,WEST1,MH,MAHARASHTRA,2
416221,KGL,KGL,KAGAL,WEST1,MH,MAHARASHTRA,2
416229,KHL,KHP,KOLHAPUR,WEST1,MH,MAHARASHTRA,2
416230,KHL,KHP,KOLHAPUR,WEST1,MH,MAHARASHTRA,2
416232,KGL,KGL,KAGAL,WEST1,MH,MAHARASHTRA,2
416234,KHL,KHP,KOLHAPUR,WEST1,MH,MAHARASHTRA,2
416235,KGL,KGL,KAGAL,WEST1,MH,MAHARASHTRA,2
416236,KGL,KGL,KAGAL,WEST1,MH,MAHARASHTRA,2
416307,TSG,TSG,TASGAON,WEST1,MH,MAHARASHTRA,2
416308,PLU,PLU,PALUS,WEST1,MH,MAHARASHTRA,2
416309,PLU,PLU,PALUS,WEST1,MH,MAHARASHTRA,2
416310,PLU,PLU,PALUS,WEST1,MH,MAHARASHTRA,2
416311,TSG,TSG,TASGAON,WEST1,MH,MAHARASHTRA,2
416312,TSG,TSG,TASGAON,WEST1,MH,MAHARASHTRA,2
416314,TSG,TSG,TASGAON,WEST1,MH,MAHARASHTRA,2
416406,SAG,SNL,SANGLI,WEST1,MH,MAHARASHTRA,2
416408,TSG,TSG,TASGAON,WEST1,MH,MAHARASHTRA,2
416410,SAG,SNL,SANGLI,WEST1,MH,MAHARASHTRA,2
416415,SAG,SNL,SANGLI,WEST1,MH,MAHARASHTRA,2
416416,SAG,SNL,SANGLI,WEST1,MH,MAHARASHTRA,2
416419,TSG,TSG,TASGAON,WEST1,MH,MAHARASHTRA,2
416436,SAG,SNL,SANGLI,WEST1,MH,MAHARASHTRA,2
416502,GAD,GAD,GADHINGLAJ,WEST1,MH,MAHARASHTRA,2
416505,GAD,GAD,GADHINGLAJ,WEST1,MH,MAHARASHTRA,2
416509,GAD,GAD,GADHINGLAJ,WEST1,MH,MAHARASHTRA,2
416510,SWT,SWT,SAWANTWADI,WEST1,MH,MAHARASHTRA,2
416511,SWT,SWT,SAWANTWADI,WEST1,MH,MAHARASHTRA,2
416512,SWT,SWT,SAWANTWADI,WEST1,MH,MAHARASHTRA,2
416516,KUD,KUD,KUDAL,WEST1,MH,MAHARASHTRA,2
416518,SWT,SWT,SAWANTWADI,WEST1,MH,MAHARASHTRA,2
416520,KUD,KUD,KUDAL,WEST1,MH,MAHARASHTRA,2
416528,KUD,KUD,KUDAL,WEST1,MH,MAHARASHTRA,2
416541,SWT,SWT,SAWANTWADI,WEST1,MH,MAHARASHTRA,2
416550,KUD,KUD,KUDAL,WEST1,MH,MAHARASHTRA,2
416601,KKV,KKV,KANKAVALI,WEST1,MH,MAHARASHTRA,2
416602,KKV,KKV,KANKAVALI,WEST1,MH,MAHARASHTRA,2
416603,KKV,KKV,KANKAVALI,WEST1,MH,MAHARASHTRA,2
416606,KUD,KUD,KUDAL,WEST1,MH,MAHARASHTRA,2
416609,KKV,KKV,KANKAVALI,WEST1,MH,MAHARASHTRA,2
416610,KKV,KKV,KANKAVALI,WEST1,MH,MAHARASHTRA,2
416611,KKV,KKV,KANKAVALI,WEST1,MH,MAHARASHTRA,2
416613,KKV,KKV,KANKAVALI,WEST1,MH,MAHARASHTRA,2
416614,KKV,KKV,KANKAVALI,WEST1,MH,MAHARASHTRA,2
416616,KKV,KKV,KANKAVALI,WEST1,MH,MAHARASHTRA,2
416628,KKV,KKV,KANKAVALI,WEST1,MH,MAHARASHTRA,2
416701,LNJ,LNJ,LANJA,WEST1,MH,MAHARASHTRA,2
416702,LNJ,LNJ,LANJA,WEST1,MH,MAHARASHTRA,2
416704,LNJ,LNJ,LANJA,WEST1,MH,MAHARASHTRA,2
416705,LNJ,LNJ,LANJA,WEST1,MH,MAHARASHTRA,2
416707,LNJ,LNJ,LANJA,WEST1,MH,MAHARASHTRA,2
416709,LNJ,LNJ,LANJA,WEST1,MH,MAHARASHTRA,2
416712,LNJ,LNJ,LANJA,WEST1,MH,MAHARASHTRA,2
416713,LNJ,LNJ,LANJA,WEST1,MH,MAHARASHTRA,2
416801,KKV,KKV,KANKAVALI,WEST1,MH,MAHARASHTRA,2
416810,KKV,KKV,KANKAVALI,WEST1,MH,MAHARASHTRA,2
416812,KUD,KUD,KUDAL,WEST1,MH,MAHARASHTRA,2
421001,UNG,UNG,ULHAS NAGAR,WEST1,MH,MAHARASHTRA,1
421002,UNG,UNG,ULHAS NAGAR,WEST1,MH,MAHARASHTRA,1
421003,UNG,UNG,ULHAS NAGAR,WEST1,MH,MAHARASHTRA,1
421004,ABU,ABU,AMBERNATH,WEST1,MH,MAHARASHTRA,1
421005,ABU,ABU,AMBERNATH,WEST1,MH,MAHARASHTRA,1
421101,PDG,PDG,PADAGHA,WEST1,MH,MAHARASHTRA,1
421102,UNG,UNG,ULHAS NAGAR,WEST1,MH,MAHARASHTRA,1
421103,UNG,UNG,ULHAS NAGAR,WEST1,MH,MAHARASHTRA,1
421201,DKU,DOM,DOMBIVALI,WEST1,MH,MAHARASHTRA,1
421202,DKU,DOM,DOMBIVALI,WEST1,MH,MAHARASHTRA,1
421203,DKU,DOM,DOMBIVALI,WEST1,MH,MAHARASHTRA,1
421204,DKU,DVL,DOMBIVALI BDEL,WEST1,MH,MAHARASHTRA,1
421301,KYN,KYC,KALYAN,WEST1,MH,MAHARASHTRA,1
421302,BCT,BPT,BHIWANDI,WEST1,MH,MAHARASHTRA,1
421303,PDG,PDG,PADAGHA,WEST1,MH,MAHARASHTRA,1
421304,KYN,KLC,KALYAN BDEL,WEST1,MH,MAHARASHTRA,1
421305,BCT,BPT,BHIWANDI,WEST1,MH,MAHARASHTRA,1
421306,UNG,UNG,ULHAS NAGAR,WEST1,MH,MAHARASHTRA,1
421308,BCT,BPT,BHIWANDI,WEST1,MH,MAHARASHTRA,1
421311,BCT,BPT,BHIWANDI,WEST1,MH,MAHARASHTRA,1
421312,PDG,PDG,PADAGHA,WEST1,MH,MAHARASHTRA,1
421501,ABU,ABU,AMBERNATH,WEST1,MH,MAHARASHTRA,1
421502,ABU,ABU,AMBERNATH,WEST1,MH,MAHARASHTRA,1
421503,ABU,ABU,AMBERNATH,WEST1,MH,MAHARASHTRA,1
421504,ABU,ABU,AMBERNATH,WEST1,MH,MAHARASHTRA,1
421505,ABU,ABU,AMBERNATH,WEST1,MH,MAHARASHTRA,1
421506,ABU,ABU,AMBERNATH,WEST1,MH,MAHARASHTRA,1
421601,PDG,PDG,PADAGHA,WEST1,MH,MAHARASHTRA,2
421605,UNG,UNG,ULHAS NAGAR,WEST1,MH,MAHARASHTRA,2
422001,NSK,NMO,NASIK MAIN OFFICE,WEST1,MH,MAHARASHTRA,2
422002,NSK,NMO,NASIK MAIN OFFICE,WEST1,MH,MAHARASHTRA,2
422003,NSK,NMO,NASIK MAIN OFFICE,WEST1,MH,MAHARASHTRA,2
422004,NSK,NMO,NASIK MAIN OFFICE,WEST1,MH,MAHARASHTRA,2
422005,NSK,NMO,NASIK MAIN OFFICE,WEST1,MH,MAHARASHTRA,2
422006,NSK,NRD,NASIK ROAD,WEST1,MH,MAHARASHTRA,2
422007,NSK,NMO,NASIK MAIN OFFICE,WEST1,MH,MAHARASHTRA,2
422008,NSK,NCO,NSK CIDCO SERVICE CENTRE,WEST1,MH,MAHARASHTRA,2
422009,NSK,NCO,NSK CIDCO SERVICE CENTRE,WEST1,MH,MAHARASHTRA,2
422010,NSK,NCO,NSK CIDCO SERVICE CENTRE,WEST1,MH,MAHARASHTRA,2
422011,NSK,NMO,NASIK MAIN OFFICE,WEST1,MH,MAHARASHTRA,2
422012,NSK,NMO,NASIK MAIN OFFICE,WEST1,MH,MAHARASHTRA,2
422013,NSK,NMO,NASIK MAIN OFFICE,WEST1,MH,MAHARASHTRA,2
422101,NSK,NRD,NASIK ROAD,WEST1,MH,MAHARASHTRA,2
422102,NSK,NRD,NASIK ROAD,WEST1,MH,MAHARASHTRA,2
422103,SNR,SNR,SINNAR,WEST1,MH,MAHARASHTRA,2
422105,NSK,NRD,NASIK ROAD,WEST1,MH,MAHARASHTRA,2
422112,SNR,SNR,SINNAR,WEST1,MH,MAHARASHTRA,2
422113,SNR,SNR,SINNAR,WEST1,MH,MAHARASHTRA,2
422203,NSK,NMO,NASIK MAIN OFFICE,WEST1,MH,MAHARASHTRA,2
422206,PIM,PIM,PIMPALGAON,WEST1,MH,MAHARASHTRA,2
422207,PIM,PIM,PIMPALGAON,WEST1,MH,MAHARASHTRA,2
422209,PIM,PIM,PIMPALGAON,WEST1,MH,MAHARASHTRA,2
422303,MNM,MNM,MANMAD,WEST1,MH,MAHARASHTRA,2
422305,MNM,MNM,MANMAD,WEST1,MH,MAHARASHTRA,2
422306,MNM,MNM,MANMAD,WEST1,MH,MAHARASHTRA,2
422308,MNM,MNM,MANMAD,WEST1,MH,MAHARASHTRA,2
422401,NSK,NRD,NASIK ROAD,WEST1,MH,MAHARASHTRA,2
422403,IGP,IGP,IGATPURI,WEST1,MH,MAHARASHTRA,2
422601,SAN,SAN,SANGAMNER,WEST1,MH,MAHARASHTRA,2
422603,SAN,SAN,SANGAMNER,WEST1,MH,MAHARASHTRA,2
422604,SAN,SAN,SANGAMNER,WEST1,MH,MAHARASHTRA,2
422605,SAN,SAN,SANGAMNER,WEST1,MH,MAHARASHTRA,2
422608,SAN,SAN,SANGAMNER,WEST1,MH,MAHARASHTRA,2
422610,SAN,SAN,SANGAMNER,WEST1,MH,MAHARASHTRA,2
422620,SAN,SAN,SANGAMNER,WEST1,MH,MAHARASHTRA,2
422622,SAN,SAN,SANGAMNER,WEST1,MH,MAHARASHTRA,2
423101,MNM,MNM,MANMAD,WEST1,MH,MAHARASHTRA,2
423102,MNM,MNM,MANMAD,WEST1,MH,MAHARASHTRA,2
423104,MNM,MNM,MANMAD,WEST1,MH,MAHARASHTRA,2
423105,MLG,MLG,MALEGAON,WEST1,MH,MAHARASHTRA,2
423106,MNM,MNM,MANMAD,WEST1,MH,MAHARASHTRA,2
423107,SHR,SHR,SHIRDI,WEST1,MH,MAHARASHTRA,2
423109,SHR,SHR,SHIRDI,WEST1,MH,MAHARASHTRA,2
423201,MLG,MLG,MALEGAON,WEST1,MH,MAHARASHTRA,2
423202,MLG,MLG,MALEGAON,WEST1,MH,MAHARASHTRA,2
423203,MLG,MLG,MALEGAON,WEST1,MH,MAHARASHTRA,2
423701,VAJ,VAJ,VAIJAPUR,WEST1,MH,MAHARASHTRA,2
423703,VAJ,VAJ,VAIJAPUR,WEST1,MH,MAHARASHTRA,2
424001,DUL,DUL,DHULE,WEST1,MH,MAHARASHTRA,2
424002,DUL,DUL,DHULE,WEST1,MH,MAHARASHTRA,2
424004,DUL,DUL,DHULE,WEST1,MH,MAHARASHTRA,2
424005,DUL,DUL,DHULE,WEST1,MH,MAHARASHTRA,2
424006,DUL,DUL,DHULE,WEST1,MH,MAHARASHTRA,2
424101,AMA,AMA,AMALNER,WEST1,MH,MAHARASHTRA,2
424105,XJG,XJG,ERANDOL,WEST1,MH,MAHARASHTRA,2
424106,DUL,DUL,DHULE,WEST1,MH,MAHARASHTRA,2
424201,AMA,AMA,AMALNER,WEST1,MH,MAHARASHTRA,2
424206,BUS,BUS,BHUSAWAL,WEST1,MH,MAHARASHTRA,2
424301,DUL,DUL,DHULE,WEST1,MH,MAHARASHTRA,2
424302,DUL,DUL,DHULE,WEST1,MH,MAHARASHTRA,2
424303,DUL,DUL,DHULE,WEST1,MH,MAHARASHTRA,2
424304,DUL,DUL,DHULE,WEST1,MH,MAHARASHTRA,2
424305,NDB,NDB,NANDURBAR,WEST1,MH,MAHARASHTRA,2
424306,DUL,DUL,DHULE,WEST1,MH,MAHARASHTRA,2
424307,DUL,DUL,DHULE,WEST1,MH,MAHARASHTRA,2
424308,DUL,DUL,DHULE,WEST1,MH,MAHARASHTRA,2
424311,DUL,DUL,DHULE,WEST1,MH,MAHARASHTRA,2
424318,DUL,DUL,DHULE,WEST1,MH,MAHARASHTRA,2
425001,JGO,JGG,JALGAON,WEST1,MH,MAHARASHTRA,2
425002,JGO,JGG,JALGAON,WEST1,MH,MAHARASHTRA,2
425003,JGO,JGG,JALGAON,WEST1,MH,MAHARASHTRA,2
425004,XJG,XJG,ERANDOL,WEST1,MH,MAHARASHTRA,2
425101,XJG,XJG,ERANDOL,WEST1,MH,MAHARASHTRA,2
425102,XJG,XJG,ERANDOL,WEST1,MH,MAHARASHTRA,2
425103,XJG,XJG,ERANDOL,WEST1,MH,MAHARASHTRA,2
425104,XJG,XJG,ERANDOL,WEST1,MH,MAHARASHTRA,2
425105,XJG,XJG,ERANDOL,WEST1,MH,MAHARASHTRA,2
425106,JGO,JGG,JALGAON,WEST1,MH,MAHARASHTRA,2
425109,XJG,XJG,ERANDOL,WEST1,MH,MAHARASHTRA,2
425110,XJG,XJG,ERANDOL,WEST1,MH,MAHARASHTRA,2
425111,XJG,XJG,ERANDOL,WEST1,MH,MAHARASHTRA,2
425112,XJG,XJG,ERANDOL,WEST1,MH,MAHARASHTRA,2
425113,DUL,DUL,DHULE,WEST1,MH,MAHARASHTRA,2
425114,XJG,XJG,ERANDOL,WEST1,MH,MAHARASHTRA,2
425115,XJG,XJG,ERANDOL,WEST1,MH,MAHARASHTRA,2
425116,XJG,XJG,ERANDOL,WEST1,MH,MAHARASHTRA,2
425117,XJG,XJG,ERANDOL,WEST1,MH,MAHARASHTRA,2
425201,BUS,BUS,BHUSAWAL,WEST1,MH,MAHARASHTRA,2
425203,BUS,BUS,BHUSAWAL,WEST1,MH,MAHARASHTRA,2
425301,BUS,BUS,BHUSAWAL,WEST1,MH,MAHARASHTRA,2
425302,BUS,BUS,BHUSAWAL,WEST1,MH,MAHARASHTRA,2
425304,BUS,BUS,BHUSAWAL,WEST1,MH,MAHARASHTRA,2
425305,BUS,BUS,BHUSAWAL,WEST1,MH,MAHARASHTRA,2
425307,BUS,BUS,BHUSAWAL,WEST1,MH,MAHARASHTRA,2
425308,BUS,BUS,BHUSAWAL,WEST1,MH,MAHARASHTRA,2
425309,BUS,BUS,BHUSAWAL,WEST1,MH,MAHARASHTRA,2
425401,AMA,AMA,AMALNER,WEST1,MH,MAHARASHTRA,2
425407,DUL,DUL,DHULE,WEST1,MH,MAHARASHTRA,2
425408,NDB,NDB,NANDURBAR,WEST1,MH,MAHARASHTRA,2
425411,NDB,NDB,NANDURBAR,WEST1,MH,MAHARASHTRA,2
425412,NDB,NDB,NANDURBAR,WEST1,MH,MAHARASHTRA,2
425413,NDB,NDB,NANDURBAR,WEST1,MH,MAHARASHTRA,2
425415,NDB,NDB,NANDURBAR,WEST1,MH,MAHARASHTRA,2
425422,JGO,JGG,JALGAON,WEST1,MH,MAHARASHTRA,2
425502,BUS,BUS,BHUSAWAL,WEST1,MH,MAHARASHTRA,2
425503,BUS,BUS,BHUSAWAL,WEST1,MH,MAHARASHTRA,2
425504,BUS,BUS,BHUSAWAL,WEST1,MH,MAHARASHTRA,2
425505,BUS,BUS,BHUSAWAL,WEST1,MH,MAHARASHTRA,2
425506,BUS,BUS,BHUSAWAL,WEST1,MH,MAHARASHTRA,2
425507,BUS,BUS,BHUSAWAL,WEST1,MH,MAHARASHTRA,2
425508,BUS,BUS,BHUSAWAL,WEST1,MH,MAHARASHTRA,2
425524,BUS,BUS,BHUSAWAL,WEST1,MH,MAHARASHTRA,2
431001,AUR,ARB,AURANGABAD,WEST1,MH,MAHARASHTRA,2
431002,AUR,ARB,AURANGABAD,WEST1,MH,MAHARASHTRA,2
431003,AUR,CKL,CHIKALTHANA,WEST1,MH,MAHARASHTRA,2
431004,AUR,ARB,AURANGABAD,WEST1,MH,MAHARASHTRA,2
431005,AUR,ARB,AURANGABAD,WEST1,MH,MAHARASHTRA,2
431006,AUR,CKL,CHIKALTHANA,WEST1,MH,MAHARASHTRA,2
431007,AUR,CKL,CHIKALTHANA,WEST1,MH,MAHARASHTRA,2
431009,AUR,ARB,AURANGABAD,WEST1,MH,MAHARASHTRA,2
431010,AUR,ARB,AURANGABAD,WEST1,MH,MAHARASHTRA,2
431101,AUR,WLJ,WALUJ,WEST1,MH,MAHARASHTRA,2
431102,AUR,WLJ,WALUJ,WEST1,MH,MAHARASHTRA,2
431103,KDN,KDN,KANNAD,WEST1,MH,MAHARASHTRA,2
431104,KDN,KDN,KANNAD,WEST1,MH,MAHARASHTRA,2
431105,AUR,WLJ,WALUJ,WEST1,MH,MAHARASHTRA,2
431107,SVG,SVG,SHEVGAON,WEST1,MH,MAHARASHTRA,2
431109,AUR,WLJ,WALUJ,WEST1,MH,MAHARASHTRA,2
431112,SLD,SLD,SILLOD,WEST1,MH,MAHARASHTRA,2
431114,SLD,SLD,SILLOD,WEST1,MH,MAHARASHTRA,2
431116,VAJ,VAJ,VAIJAPUR,WEST1,MH,MAHARASHTRA,2
431123,ABJ,ABJ,AMBEJOGAI,WEST1,MH,MAHARASHTRA,2
431124,ABJ,ABJ,AMBEJOGAI,WEST1,MH,MAHARASHTRA,2
431128,PLV,PLV,PARLI VAIJNATH,WEST1,MH,MAHARASHTRA,2
431133,AUR,WLJ,WALUJ,WEST1,MH,MAHARASHTRA,2
431136,AUR,WLJ,WALUJ,WEST1,MH,MAHARASHTRA,2
431147,KDN,KDN,KANNAD,WEST1,MH,MAHARASHTRA,2
431151,SLD,SLD,SILLOD,WEST1,MH,MAHARASHTRA,2
431154,AUR,CKL,CHIKALTHANA,WEST1,MH,MAHARASHTRA,2
431202,XJL,XJL,EX JALANA LOC,WEST1,MH,MAHARASHTRA,2
431203,JAA,JAA,JALNA,WEST1,MH,MAHARASHTRA,2
431204,JAA,JAA,JALNA,WEST1,MH,MAHARASHTRA,2
431210,AUR,CKL,CHIKALTHANA,WEST1,MH,MAHARASHTRA,2
431213,JAA,JAA,JALNA,WEST1,MH,MAHARASHTRA,2
431401,PBH,PBH,PARBHANI,WEST1,MH,MAHARASHTRA,2
431402,PBX,PBX,PARBHANI RURAL,WEST1,MH,MAHARASHTRA,2
431503,PBX,PBX,PARBHANI RURAL,WEST1,MH,MAHARASHTRA,2
431506,PBX,PBX,PARBHANI RURAL,WEST1,MH,MAHARASHTRA,2
431509,PBX,PBX,PARBHANI RURAL,WEST1,MH,MAHARASHTRA,2
431511,NNX,NNX,NANDED RURAL,WEST1,MH,MAHARASHTRA,2
431512,NNX,NNX,NANDED RURAL,WEST1,MH,MAHARASHTRA,2
431513,HGI,HGI,HINGOLI,WEST1,MH,MAHARASHTRA,2
431514,PBX,PBX,PARBHANI RURAL,WEST1,MH,MAHARASHTRA,2
431515,PLV,PLV,PARLI VAIJNATH,WEST1,MH,MAHARASHTRA,2
431516,PBX,PBX,PARBHANI RURAL,WEST1,MH,MAHARASHTRA,2
431517,ABJ,ABJ,AMBEJOGAI,WEST1,MH,MAHARASHTRA,2
431519,ABJ,ABJ,AMBEJOGAI,WEST1,MH,MAHARASHTRA,2
431520,PLV,PLV,PARLI VAIJNATH,WEST1,MH,MAHARASHTRA,2
431523,ABJ,ABJ,AMBEJOGAI,WEST1,MH,MAHARASHTRA,2
431530,PLV,PLV,PARLI VAIJNATH,WEST1,MH,MAHARASHTRA,2
431542,HGI,HGI,HINGOLI,WEST1,MH,MAHARASHTRA,2
431601,NND,NAD,NANDED,WEST1,MH,MAHARASHTRA,2
431602,NND,NAD,NANDED,WEST1,MH,MAHARASHTRA,2
431603,NND,NAD,NANDED,WEST1,MH,MAHARASHTRA,2
431604,NND,NAD,NANDED,WEST1,MH,MAHARASHTRA,2
431605,NND,NAD,NANDED,WEST1,MH,MAHARASHTRA,2
431606,NND,NAD,NANDED,WEST1,MH,MAHARASHTRA,2
431701,HGI,HGI,HINGOLI,WEST1,MH,MAHARASHTRA,2
431702,HGI,HGI,HINGOLI,WEST1,MH,MAHARASHTRA,2
431705,HGI,HGI,HINGOLI,WEST1,MH,MAHARASHTRA,2
431708,NNX,NNX,NANDED RURAL,WEST1,MH,MAHARASHTRA,2
431709,NNX,NNX,NANDED RURAL,WEST1,MH,MAHARASHTRA,2
431714,NNX,NNX,NANDED RURAL,WEST1,MH,MAHARASHTRA,2
431716,UDG,UDG,UDGIR,WEST1,MH,MAHARASHTRA,2
440001,NGP,NPR,NAGPUR,WEST1,MH,MAHARASHTRA,3
440002,NGP,GTR,GHAT ROAD OFFICE,WEST1,MH,MAHARASHTRA,3
440003,NGP,GTR,GHAT ROAD OFFICE,WEST1,MH,MAHARASHTRA,3
440004,NGP,GTR,GHAT ROAD OFFICE,WEST1,MH,MAHARASHTRA,3
440005,NGP,NPR,NAGPUR,WEST1,MH,MAHARASHTRA,3
440006,NGP,NPR,NAGPUR,WEST1,MH,MAHARASHTRA,3
440007,NGP,NPR,NAGPUR,WEST1,MH,MAHARASHTRA,3
440008,NGP,GTR,GHAT ROAD OFFICE,WEST1,MH,MAHARASHTRA,3
440009,NGP,GTR,GHAT ROAD OFFICE,WEST1,MH,MAHARASHTRA,3
440010,NGP,NPR,NAGPUR,WEST1,MH,MAHARASHTRA,3
440011,NGP,NPR,NAGPUR,WEST1,MH,MAHARASHTRA,3
440012,NGP,NPR,NAGPUR,WEST1,MH,MAHARASHTRA,3
440013,NGP,NPR,NAGPUR,WEST1,MH,MAHARASHTRA,3
440014,NGP,GTR,GHAT ROAD OFFICE,WEST1,MH,MAHARASHTRA,3
440015,NGP,GTR,GHAT ROAD OFFICE,WEST1,MH,MAHARASHTRA,3
440016,NGP,NPR,NAGPUR,WEST1,MH,MAHARASHTRA,3
440017,NGP,GTR,GHAT ROAD OFFICE,WEST1,MH,MAHARASHTRA,3
440018,NGP,GTR,GHAT ROAD OFFICE,WEST1,MH,MAHARASHTRA,3
440019,NGP,NPR,NAGPUR,WEST1,MH,MAHARASHTRA,3
440020,NGP,NPR,NAGPUR,WEST1,MH,MAHARASHTRA,3
440021,NGO,NGO,WARDHA ROAD OFFICE,WEST1,MH,MAHARASHTRA,3
440022,NGP,NPR,NAGPUR,WEST1,MH,MAHARASHTRA,3
440023,NGP,NPR,NAGPUR,WEST1,MH,MAHARASHTRA,3
440024,NGP,GTR,GHAT ROAD OFFICE,WEST1,MH,MAHARASHTRA,3
440025,NGP,NPR,NAGPUR,WEST1,MH,MAHARASHTRA,3
440026,NGP,GTR,GHAT ROAD OFFICE,WEST1,MH,MAHARASHTRA,3
440027,NGP,GTR,GHAT ROAD OFFICE,WEST1,MH,MAHARASHTRA,3
440028,NGP,NPR,NAGPUR,WEST1,MH,MAHARASHTRA,3
440029,NGP,NPR,NAGPUR,WEST1,MH,MAHARASHTRA,3
440030,NGP,NPR,NAGPUR,WEST1,MH,MAHARASHTRA,3
440032,NGP,GTR,GHAT ROAD OFFICE,WEST1,MH,MAHARASHTRA,3
440033,NGP,NPR,NAGPUR,WEST1,MH,MAHARASHTRA,3
440034,NGO,NGO,WARDHA ROAD OFFICE,WEST1,MH,MAHARASHTRA,3
440035,NGO,NGO,WARDHA ROAD OFFICE,WEST1,MH,MAHARASHTRA,3
440036,NGO,NGO,WARDHA ROAD OFFICE,WEST1,MH,MAHARASHTRA,3
440037,NGO,NGO,WARDHA ROAD OFFICE,WEST1,MH,MAHARASHTRA,3
441001,KMT,KMT,KAMPTEE,WEST1,MH,MAHARASHTRA,3
441002,KMT,KMT,KAMPTEE,WEST1,MH,MAHARASHTRA,3
441102,NGO,NGO,WARDHA ROAD OFFICE,WEST1,MH,MAHARASHTRA,3
441104,NGO,NGO,WARDHA ROAD OFFICE,WEST1,MH,MAHARASHTRA,3
441105,KMT,KMT,KAMPTEE,WEST1,MH,MAHARASHTRA,3
441106,KMT,KMT,KAMPTEE,WEST1,MH,MAHARASHTRA,3
441107,NGO,NGO,WARDHA ROAD OFFICE,WEST1,MH,MAHARASHTRA,3
441108,BUT,BUT,BUTIBORI,WEST1,MH,MAHARASHTRA,3
441109,KMT,KMT,KAMPTEE,WEST1,MH,MAHARASHTRA,3
441110,NGO,NGO,WARDHA ROAD OFFICE,WEST1,MH,MAHARASHTRA,3
441111,NGO,NGO,WARDHA ROAD OFFICE,WEST1,MH,MAHARASHTRA,3
441113,KMT,KMT,KAMPTEE,WEST1,MH,MAHARASHTRA,3
441122,BUT,BUT,BUTIBORI,WEST1,MH,MAHARASHTRA,3
441203,UMD,UMD,UMRED,WEST1,MH,MAHARASHTRA,3
441204,NGO,NGO,WARDHA ROAD OFFICE,WEST1,MH,MAHARASHTRA,3
441301,WRU,WRU,WARUD,WEST1,MH,MAHARASHTRA,3
441302,WRU,WRU,WARUD,WEST1,MH,MAHARASHTRA,3
441304,WRU,WRU,WARUD,WEST1,MH,MAHARASHTRA,3
441305,WRU,WRU,WARUD,WEST1,MH,MAHARASHTRA,3
441401,KMT,KMT,KAMPTEE,WEST1,MH,MAHARASHTRA,3
441404,KMT,KMT,KAMPTEE,WEST1,MH,MAHARASHTRA,3
441501,NGO,NGO,WARDHA ROAD OFFICE,WEST1,MH,MAHARASHTRA,3
441502,NGO,NGO,WARDHA ROAD OFFICE,WEST1,MH,MAHARASHTRA,3
441601,XGD,GDI,GONDIA,WEST1,MH,MAHARASHTRA,3
441612,XGD,GDI,GONDIA,WEST1,MH,MAHARASHTRA,3
441614,XGD,GDI,GONDIA,WEST1,MH,MAHARASHTRA,3
441801,XGD,GDI,GONDIA,WEST1,MH,MAHARASHTRA,3
441807,XGD,GDI,GONDIA,WEST1,MH,MAHARASHTRA,3
441904,BAD,BAD,BHANDARA,WEST1,MH,MAHARASHTRA,3
441906,BAD,BAD,BHANDARA,WEST1,MH,MAHARASHTRA,3
441911,XGD,GDI,GONDIA,WEST1,MH,MAHARASHTRA,3
441916,XGD,GDI,GONDIA,WEST1,MH,MAHARASHTRA,3
442001,WDA,WDD,WARDHA,WEST1,MH,MAHARASHTRA,3
442006,WDA,WDD,WARDHA,WEST1,MH,MAHARASHTRA,3
442102,WDA,WDD,WARDHA,WEST1,MH,MAHARASHTRA,3
442202,WRU,WRU,WARUD,WEST1,MH,MAHARASHTRA,3
442301,HGT,HGT,HINGHANGHAT,WEST1,MH,MAHARASHTRA,3
442401,CHD,CHD,CHANDRAPUR,WEST1,MH,MAHARASHTRA,3
442402,CHD,CHD,CHANDRAPUR,WEST1,MH,MAHARASHTRA,3
442403,CHD,CHD,CHANDRAPUR,WEST1,MH,MAHARASHTRA,3
442404,CHD,CHD,CHANDRAPUR,WEST1,MH,MAHARASHTRA,3
442605,GCH,GCH,GADCHIROLI,WEST1,MH,MAHARASHTRA,3
442701,CHD,CHD,CHANDRAPUR,WEST1,MH,MAHARASHTRA,3
442901,CHD,CHD,CHANDRAPUR,WEST1,MH,MAHARASHTRA,3
442902,CHD,CHD,CHANDRAPUR,WEST1,MH,MAHARASHTRA,3
442905,CHD,CHD,CHANDRAPUR,WEST1,MH,MAHARASHTRA,3
442907,CHD,CHD,CHANDRAPUR,WEST1,MH,MAHARASHTRA,3
443101,MLK,MLK,MALKAPUR,WEST1,MH,MAHARASHTRA,3
443204,JAA,JAA,JALNA,WEST1,MH,MAHARASHTRA,3
444001,OLA,OLA,AKOLA,WEST1,MH,MAHARASHTRA,3
444002,OLA,OLA,AKOLA,WEST1,MH,MAHARASHTRA,3
444003,OLA,OLA,AKOLA,WEST1,MH,MAHARASHTRA,3
444004,OLA,OLA,AKOLA,WEST1,MH,MAHARASHTRA,3
444005,OLA,OLA,AKOLA,WEST1,MH,MAHARASHTRA,3
444104,OLA,OLA,AKOLA,WEST1,MH,MAHARASHTRA,3
444105,MTZ,MTZ,MURTIZAPUR,WEST1,MH,MAHARASHTRA,3
444107,MTZ,MTZ,MURTIZAPUR,WEST1,MH,MAHARASHTRA,3
444302,OLA,OLA,AKOLA,WEST1,MH,MAHARASHTRA,3
444303,KAM,KAM,KHAMGAON,WEST1,MH,MAHARASHTRA,3
444312,KAM,KAM,KHAMGAON,WEST1,MH,MAHARASHTRA,3
444402,XWA,XWA,EX WASHIM,WEST1,MH,MAHARASHTRA,3
444403,XWA,XWA,EX WASHIM,WEST1,MH,MAHARASHTRA,3
444503,XWA,XWA,EX WASHIM,WEST1,MH,MAHARASHTRA,3
444504,XWA,XWA,EX WASHIM,WEST1,MH,MAHARASHTRA,3
444505,WAS,WAS,WASHIM,WEST1,MH,MAHARASHTRA,3
444506,XWA,XWA,EX WASHIM,WEST1,MH,MAHARASHTRA,3
444507,XWA,XWA,EX WASHIM,WEST1,MH,MAHARASHTRA,3
444601,AMT,AMT,AMRAVATI,WEST1,MH,MAHARASHTRA,3
444602,AMT,AMT,AMRAVATI,WEST1,MH,MAHARASHTRA,3
444603,AMT,AMT,AMRAVATI,WEST1,MH,MAHARASHTRA,3
444604,AMT,AMT,AMRAVATI,WEST1,MH,MAHARASHTRA,3
444605,AMT,AMT,AMRAVATI,WEST1,MH,MAHARASHTRA,3
444606,AMT,AMT,AMRAVATI,WEST1,MH,MAHARASHTRA,3
444607,AMT,AMT,AMRAVATI,WEST1,MH,MAHARASHTRA,3
444701,AMT,AMT,AMRAVATI,WEST1,MH,MAHARASHTRA,3
444704,PRW,PRW,PARATWADA,WEST1,MH,MAHARASHTRA,3
444705,PRW,PRW,PARATWADA,WEST1,MH,MAHARASHTRA,3
444708,XAM,XAM,EX AMRAVATI,WEST1,MH,MAHARASHTRA,3
444709,XAM,XAM,EX AMRAVATI,WEST1,MH,MAHARASHTRA,3
444801,XAM,XAM,EX AMRAVATI,WEST1,MH,MAHARASHTRA,3
444803,XAM,XAM,EX AMRAVATI,WEST1,MH,MAHARASHTRA,3
444805,PRW,PRW,PARATWADA,WEST1,MH,MAHARASHTRA,3
444806,PRW,PRW,PARATWADA,WEST1,MH,MAHARASHTRA,3
444901,AMT,AMT,AMRAVATI,WEST1,MH,MAHARASHTRA,3
444904,XAM,XAM,EX AMRAVATI,WEST1,MH,MAHARASHTRA,3
444905,WRU,WRU,WARUD,WEST1,MH,MAHARASHTRA,3
444906,WRU,WRU,WARUD,WEST1,MH,MAHARASHTRA,3
445001,YMO,YMO,YAWATMAL OUTER,WEST1,MH,MAHARASHTRA,3
445002,YMO,YMO,YAWATMAL OUTER,WEST1,MH,MAHARASHTRA,3
445201,YMO,YMO,YAWATMAL OUTER,WEST1,MH,MAHARASHTRA,3
445204,PSD,PSD,PUSAD,WEST1,MH,MAHARASHTRA,3
445208,YMO,YMO,YAWATMAL OUTER,WEST1,MH,MAHARASHTRA,3
445215,PSD,PSD,PUSAD,WEST1,MH,MAHARASHTRA,3
450001,KHD,KHD,KHANDWA,WEST2,MP,MADHYA PRADESH,5
450051,KHD,KHD,KHANDWA,WEST2,MP,MADHYA PRADESH,5
450110,KHD,KHD,KHANDWA,WEST2,MP,MADHYA PRADESH,5
450112,KHD,KHD,KHANDWA,WEST2,MP,MADHYA PRADESH,5
450113,KHD,KHD,KHANDWA,WEST2,MP,MADHYA PRADESH,5
450116,KHD,KHD,KHANDWA,WEST2,MP,MADHYA PRADESH,5
450117,KHD,KHD,KHANDWA,WEST2,MP,MADHYA PRADESH,5
450331,BUR,BUR,BURHANPUR,WEST2,MP,MADHYA PRADESH,5
450445,BUR,BUR,BURHANPUR,WEST2,MP,MADHYA PRADESH,5
451001,KGN,KGN,KHARGONE,WEST2,MP,MADHYA PRADESH,5
451111,SAX,SAX,SANAWAD,WEST2,MP,MADHYA PRADESH,5
451113,SAX,SAX,SANAWAD,WEST2,MP,MADHYA PRADESH,5
451115,SAX,SAX,SANAWAD,WEST2,MP,MADHYA PRADESH,5
451220,SAX,SAX,SANAWAD,WEST2,MP,MADHYA PRADESH,5
451221,DAD,DAD,DHAMNOD,WEST2,MP,MADHYA PRADESH,5
451224,MHS,MHS,MAHESHWAR,WEST2,MP,MADHYA PRADESH,5
451225,SAX,SAX,SANAWAD,WEST2,MP,MADHYA PRADESH,5
451228,DAD,DAD,DHAMNOD,WEST2,MP,MADHYA PRADESH,5
451331,KGN,KGN,KHARGONE,WEST2,MP,MADHYA PRADESH,5
451332,KHD,KHD,KHANDWA,WEST2,MP,MADHYA PRADESH,5
451335,KGN,KGN,KHARGONE,WEST2,MP,MADHYA PRADESH,5
451440,KGN,KGN,KHARGONE,WEST2,MP,MADHYA PRADESH,5
451442,KGN,KGN,KHARGONE,WEST2,MP,MADHYA PRADESH,5
451447,BWI,BWI,BARWANI,WEST2,MP,MADHYA PRADESH,5
451449,SDK,SDK,SINDHWA,WEST2,MP,MADHYA PRADESH,5
451551,BWI,BWI,BARWANI,WEST2,MP,MADHYA PRADESH,5
451556,BWI,BWI,BARWANI,WEST2,MP,MADHYA PRADESH,5
451660,DAD,DAD,DHAMNOD,WEST2,MP,MADHYA PRADESH,5
451666,SDK,SDK,SINDHWA,WEST2,MP,MADHYA PRADESH,5
451770,SDK,SDK,SINDHWA,WEST2,MP,MADHYA PRADESH,5
452001,IND,IOR,INDORE MAIN OFFICE,WEST2,MP,MADHYA PRADESH,5
452002,IND,IPN,INDORE PREM NAGAR,WEST2,MP,MADHYA PRADESH,5
452003,IND,IOR,INDORE MAIN OFFICE,WEST2,MP,MADHYA PRADESH,5
452004,IND,IPN,INDORE PREM NAGAR,WEST2,MP,MADHYA PRADESH,5
452005,IND,IPN,INDORE PREM NAGAR,WEST2,MP,MADHYA PRADESH,5
452006,IND,VGR,VGR SERVICE CENTRE,WEST2,MP,MADHYA PRADESH,5
452007,IND,IOR,INDORE MAIN OFFICE,WEST2,MP,MADHYA PRADESH,5
452008,IND,VGR,VGR SERVICE CENTRE,WEST2,MP,MADHYA PRADESH,5
452009,IND,IPN,INDORE PREM NAGAR,WEST2,MP,MADHYA PRADESH,5
452010,IND,VGR,VGR SERVICE CENTRE,WEST2,MP,MADHYA PRADESH,5
452011,IND,VGR,VGR SERVICE CENTRE,WEST2,MP,MADHYA PRADESH,5
452012,IND,IPN,INDORE PREM NAGAR,WEST2,MP,MADHYA PRADESH,5
452013,IND,IPN,INDORE PREM NAGAR,WEST2,MP,MADHYA PRADESH,5
452014,IND,IPN,INDORE PREM NAGAR,WEST2,MP,MADHYA PRADESH,5
452015,IND,VGR,VGR SERVICE CENTRE,WEST2,MP,MADHYA PRADESH,5
452016,IND,IOR,INDORE MAIN OFFICE,WEST2,MP,MADHYA PRADESH,5
452017,IND,IPN,INDORE PREM NAGAR,WEST2,MP,MADHYA PRADESH,5
452018,IND,PCD,PALASIA SERVICE CENTRE,WEST2,MP,MADHYA PRADESH,5
452019,IND,IOR,INDORE MAIN OFFICE,WEST2,MP,MADHYA PRADESH,5
452020,IND,IOR,INDORE MAIN OFFICE,WEST2,MP,MADHYA PRADESH,5
453001,VGE,VGE,VIJAYNAGAR EXPANSION,WEST2,MP,MADHYA PRADESH,5
453111,VGE,VGE,VIJAYNAGAR EXPANSION,WEST2,MP,MADHYA PRADESH,5
453115,VGE,VGE,VIJAYNAGAR EXPANSION,WEST2,MP,MADHYA PRADESH,5
453220,VGE,VGE,VIJAYNAGAR EXPANSION,WEST2,MP,MADHYA PRADESH,5
453331,PPR,PPR,PITHAMPUR,WEST2,MP,MADHYA PRADESH,5
453441,MHO,MHO,MHOW,WEST2,MP,MADHYA PRADESH,5
453551,VGE,VGE,VIJAYNAGAR EXPANSION,WEST2,MP,MADHYA PRADESH,5
453555,VGE,VGE,VIJAYNAGAR EXPANSION,WEST2,MP,MADHYA PRADESH,5
453556,PPR,PPR,PITHAMPUR,WEST2,MP,MADHYA PRADESH,5
453771,IND,PCD,PALASIA SERVICE CENTRE,WEST2,MP,MADHYA PRADESH,5
454001,DHR,DHR,DHAR,WEST2,MP,MADHYA PRADESH,5
454111,DHR,DHR,DHAR,WEST2,MP,MADHYA PRADESH,5
454116,DHR,DHR,DHAR,WEST2,MP,MADHYA PRADESH,5
454331,KUK,KUK,KUKSHI,WEST2,MP,MADHYA PRADESH,5
454335,KUK,KUK,KUKSHI,WEST2,MP,MADHYA PRADESH,5
454441,DHR,DHR,DHAR,WEST2,MP,MADHYA PRADESH,5
454446,KUK,KUK,KUKSHI,WEST2,MP,MADHYA PRADESH,5
454449,DAD,DAD,DHAMNOD,WEST2,MP,MADHYA PRADESH,5
454552,DAD,DAD,DHAMNOD,WEST2,MP,MADHYA PRADESH,5
454660,BDV,BDV,BADNAWAR,WEST2,MP,MADHYA PRADESH,5
454665,BDV,BDV,BADNAWAR,WEST2,MP,MADHYA PRADESH,5
454772,PPR,PPR,PITHAMPUR,WEST2,MP,MADHYA PRADESH,5
454773,DHR,DHR,DHAR,WEST2,MP,MADHYA PRADESH,5
454774,PPR,PPR,PITHAMPUR,WEST2,MP,MADHYA PRADESH,5
454775,PPR,PPR,PITHAMPUR,WEST2,MP,MADHYA PRADESH,5
455001,DEW,DES,DEWAS,WEST2,MP,MADHYA PRADESH,5
455003,DEW,DES,DEWAS,WEST2,MP,MADHYA PRADESH,5
455111,DEW,DES,DEWAS,WEST2,MP,MADHYA PRADESH,5
455115,DEW,DES,DEWAS,WEST2,MP,MADHYA PRADESH,5
455116,DEW,DES,DEWAS,WEST2,MP,MADHYA PRADESH,5
455118,DEW,DES,DEWAS,WEST2,MP,MADHYA PRADESH,5
455223,DEW,DES,DEWAS,WEST2,MP,MADHYA PRADESH,5
455227,DEW,DES,DEWAS,WEST2,MP,MADHYA PRADESH,5
455332,HAD,HAD,HARDA,WEST2,MP,MADHYA PRADESH,5
455336,HAD,HAD,HARDA,WEST2,MP,MADHYA PRADESH,5
456001,UJJ,UJJ,UJJAIN,WEST2,MP,MADHYA PRADESH,5
456003,UJJ,UJJ,UJJAIN,WEST2,MP,MADHYA PRADESH,5
456006,UJJ,UJJ,UJJAIN,WEST2,MP,MADHYA PRADESH,5
456010,UJJ,UJJ,UJJAIN,WEST2,MP,MADHYA PRADESH,5
456221,NGD,NGD,NAGDA,WEST2,MP,MADHYA PRADESH,5
456224,NGD,NGD,NAGDA,WEST2,MP,MADHYA PRADESH,5
456313,NGD,NGD,NAGDA,WEST2,MP,MADHYA PRADESH,5
456331,NGD,NGD,NAGDA,WEST2,MP,MADHYA PRADESH,5
456335,NGD,NGD,NAGDA,WEST2,MP,MADHYA PRADESH,5
456440,NGD,NGD,NAGDA,WEST2,MP,MADHYA PRADESH,5
456443,NGD,NGD,NAGDA,WEST2,MP,MADHYA PRADESH,5
456665,SJP,SJP,SHAJAPUR,WEST2,MP,MADHYA PRADESH,5
456770,SJP,SJP,SHAJAPUR,WEST2,MP,MADHYA PRADESH,5
456771,BDV,BDV,BADNAWAR,WEST2,MP,MADHYA PRADESH,5
457001,RTM,RTM,RATLAM,WEST2,MP,MADHYA PRADESH,5
457112,RTM,RTM,RATLAM,WEST2,MP,MADHYA PRADESH,5
457114,NGD,NGD,NAGDA,WEST2,MP,MADHYA PRADESH,5
457226,JWR,JWR,JAORA,WEST2,MP,MADHYA PRADESH,5
457661,JBU,JBU,JHABUA,WEST2,MP,MADHYA PRADESH,5
457773,JBU,JBU,JHABUA,WEST2,MP,MADHYA PRADESH,5
457775,JBU,JBU,JHABUA,WEST2,MP,MADHYA PRADESH,5
457777,JBU,JBU,JHABUA,WEST2,MP,MADHYA PRADESH,5
457779,JBU,JBU,JHABUA,WEST2,MP,MADHYA PRADESH,5
457882,ALP,ALP,ALIRAJPUR,WEST2,MP,MADHYA PRADESH,5
457887,ALP,ALP,ALIRAJPUR,WEST2,MP,MADHYA PRADESH,5
457888,ALP,ALP,ALIRAJPUR,WEST2,MP,MADHYA PRADESH,5
457990,ALP,ALP,ALIRAJPUR,WEST2,MP,MADHYA PRADESH,5
457993,JBU,JBU,JHABUA,WEST2,MP,MADHYA PRADESH,5
458001,MND,MND,MANDSAUR,WEST2,MP,MADHYA PRADESH,5
458002,MND,MND,MANDSAUR,WEST2,MP,MADHYA PRADESH,5
458110,NEM,NEM,NEEMUCH,WEST2,MP,MADHYA PRADESH,5
458118,NEM,NEM,NEEMUCH,WEST2,MP,MADHYA PRADESH,5
458330,NEM,NEM,NEEMUCH,WEST2,MP,MADHYA PRADESH,5
458441,NEM,NEM,NEEMUCH,WEST2,MP,MADHYA PRADESH,5
458468,NEM,NEM,NEEMUCH,WEST2,MP,MADHYA PRADESH,5
458470,NEM,NEM,NEEMUCH,WEST2,MP,MADHYA PRADESH,5
458556,MND,MND,MANDSAUR,WEST2,MP,MADHYA PRADESH,5
458664,MND,MND,MANDSAUR,WEST2,MP,MADHYA PRADESH,5
458667,MND,MND,MANDSAUR,WEST2,MP,MADHYA PRADESH,5
460001,BET,BEU,BETUL OFFICE,WEST2,MP,MADHYA PRADESH,5
460002,BET,BEU,BETUL OFFICE,WEST2,MP,MADHYA PRADESH,5
460004,BET,BEU,BETUL OFFICE,WEST2,MP,MADHYA PRADESH,5
460005,BET,BEU,BETUL OFFICE,WEST2,MP,MADHYA PRADESH,5
460110,BET,BEU,BETUL OFFICE,WEST2,MP,MADHYA PRADESH,5
460225,BET,BEU,BETUL OFFICE,WEST2,MP,MADHYA PRADESH,5
460330,BET,BEU,BETUL OFFICE,WEST2,MP,MADHYA PRADESH,5
460440,BET,BEU,BETUL OFFICE,WEST2,MP,MADHYA PRADESH,5
460443,BET,BEU,BETUL OFFICE,WEST2,MP,MADHYA PRADESH,5
460447,BET,BEU,BETUL OFFICE,WEST2,MP,MADHYA PRADESH,5
460449,BET,BEU,BETUL OFFICE,WEST2,MP,MADHYA PRADESH,5
460551,MTI,MTI,MULTAI,WEST2,MP,MADHYA PRADESH,5
460553,MTI,MTI,MULTAI,WEST2,MP,MADHYA PRADESH,5
460661,MTI,MTI,MULTAI,WEST2,MP,MADHYA PRADESH,5
460668,MTI,MTI,MULTAI,WEST2,MP,MADHYA PRADESH,5
461001,HGB,HGB,NARMADAPURAM,WEST2,MP,MADHYA PRADESH,5
461005,HGB,HGB,NARMADAPURAM,WEST2,MP,MADHYA PRADESH,5
461110,ITS,ITS,ITARSI,WEST2,MP,MADHYA PRADESH,5
461111,ITS,ITS,ITARSI,WEST2,MP,MADHYA PRADESH,5
461114,ITS,ITS,ITARSI,WEST2,MP,MADHYA PRADESH,5
461115,ITS,ITS,ITARSI,WEST2,MP,MADHYA PRADESH,5
461116,ITS,ITS,ITARSI,WEST2,MP,MADHYA PRADESH,5
461122,ITS,ITS,ITARSI,WEST2,MP,MADHYA PRADESH,5
461221,HGB,HGB,NARMADAPURAM,WEST2,MP,MADHYA PRADESH,5
461223,HGB,HGB,NARMADAPURAM,WEST2,MP,MADHYA PRADESH,5
461331,HAD,HAD,HARDA,WEST2,MP,MADHYA PRADESH,5
461441,HAD,HAD,HARDA,WEST2,MP,MADHYA PRADESH,5
461446,ITS,ITS,ITARSI,WEST2,MP,MADHYA PRADESH,5
461551,ITS,ITS,ITARSI,WEST2,MP,MADHYA PRADESH,5
461661,ITS,ITS,ITARSI,WEST2,MP,MADHYA PRADESH,5
461771,PPA,PPA,PIPARIA,WEST2,MP,MADHYA PRADESH,5
461775,PPA,PPA,PIPARIA,WEST2,MP,MADHYA PRADESH,5
461881,PPA,PPA,PIPARIA,WEST2,MP,MADHYA PRADESH,5
461990,PPA,PPA,PIPARIA,WEST2,MP,MADHYA PRADESH,5
462001,BHO,GVP,GOVINDPURA SERVICE CENTRE,WEST2,MP,MADHYA PRADESH,5
462002,BHO,MPN,BHOPAL,WEST2,MP,MADHYA PRADESH,5
462003,BHO,MPN,BHOPAL,WEST2,MP,MADHYA PRADESH,5
462004,BHO,MPN,BHOPAL,WEST2,MP,MADHYA PRADESH,5
462007,BHO,MPN,BHOPAL,WEST2,MP,MADHYA PRADESH,5
462008,BHO,GVP,GOVINDPURA SERVICE CENTRE,WEST2,MP,MADHYA PRADESH,5
462010,BHO,GVP,GOVINDPURA SERVICE CENTRE,WEST2,MP,MADHYA PRADESH,5
462011,BHO,MPN,BHOPAL,WEST2,MP,MADHYA PRADESH,5
462012,BHO,MPN,BHOPAL,WEST2,MP,MADHYA PRADESH,5
462013,BHO,MPN,BHOPAL,WEST2,MP,MADHYA PRADESH,5
462016,BHO,MPN,BHOPAL,WEST2,MP,MADHYA PRADESH,5
462018,BHO,GVP,GOVINDPURA SERVICE CENTRE,WEST2,MP,MADHYA PRADESH,5
462020,BHO,MPN,BHOPAL,WEST2,MP,MADHYA PRADESH,5
462021,BHO,GVP,GOVINDPURA SERVICE CENTRE,WEST2,MP,MADHYA PRADESH,5
462022,BHO,GVP,GOVINDPURA SERVICE CENTRE,WEST2,MP,MADHYA PRADESH,5
462023,BHO,GVP,GOVINDPURA SERVICE CENTRE,WEST2,MP,MADHYA PRADESH,5
462024,BHO,MPN,BHOPAL,WEST2,MP,MADHYA PRADESH,5
462026,BHO,MPN,BHOPAL,WEST2,MP,MADHYA PRADESH,5
462027,BHO,MPN,BHOPAL,WEST2,MP,MADHYA PRADESH,5
462030,BHO,GVP,GOVINDPURA SERVICE CENTRE,WEST2,MP,MADHYA PRADESH,5
462031,BHX,BHX,KAROND,WEST2,MP,MADHYA PRADESH,5
462032,BHO,GVP,GOVINDPURA SERVICE CENTRE,WEST2,MP,MADHYA PRADESH,5
462033,BHX,BHX,KAROND,WEST2,MP,MADHYA PRADESH,5
462036,BHX,BHX,KAROND,WEST2,MP,MADHYA PRADESH,5
462037,BHX,BHX,KAROND,WEST2,MP,MADHYA PRADESH,5
462038,BHX,BHX,KAROND,WEST2,MP,MADHYA PRADESH,5
462039,BHO,MPN,BHOPAL,WEST2,MP,MADHYA PRADESH,5
462040,BHO,MPN,BHOPAL,WEST2,MP,MADHYA PRADESH,5
462041,BHO,GVP,GOVINDPURA SERVICE CENTRE,WEST2,MP,MADHYA PRADESH,5
462042,BHO,MPN,BHOPAL,WEST2,MP,MADHYA PRADESH,5
462043,BHO,MPN,BHOPAL,WEST2,MP,MADHYA PRADESH,5
462044,BHO,MPN,BHOPAL,WEST2,MP,MADHYA PRADESH,5
462045,MIP,MIP,MANDIDEEP,WEST2,MP,MADHYA PRADESH,5
462046,MIP,MIP,MANDIDEEP,WEST2,MP,MADHYA PRADESH,5
462047,BHO,MPN,BHOPAL,WEST2,MP,MADHYA PRADESH,5
462066,BHX,BHX,KAROND,WEST2,MP,MADHYA PRADESH,5
462100,BHX,BHX,KAROND,WEST2,MP,MADHYA PRADESH,5
462101,BHX,BHX,KAROND,WEST2,MP,MADHYA PRADESH,5
463106,BHX,BHX,KAROND,WEST2,MP,MADHYA PRADESH,5
464001,VDH,VDH,VIDISHA,WEST2,MP,MADHYA PRADESH,5
464002,VDH,VDH,VIDISHA,WEST2,MP,MADHYA PRADESH,5
464221,GBA,GBA,GANJBASODA,WEST2,MP,MADHYA PRADESH,5
464224,IBN,IBN,BINA,WEST2,MP,MADHYA PRADESH,5
464226,VDH,VDH,VIDISHA,WEST2,MP,MADHYA PRADESH,5
464228,GBA,GBA,GANJBASODA,WEST2,MP,MADHYA PRADESH,5
464331,VDH,VDH,VIDISHA,WEST2,MP,MADHYA PRADESH,5
464334,VDH,VDH,VIDISHA,WEST2,MP,MADHYA PRADESH,5
464337,IBN,IBN,BINA,WEST2,MP,MADHYA PRADESH,5
464551,RAI,RAI,RAISIN,WEST2,MP,MADHYA PRADESH,5
464570,RAI,RAI,RAISIN,WEST2,MP,MADHYA PRADESH,5
464661,VDH,VDH,VIDISHA,WEST2,MP,MADHYA PRADESH,5
464884,RAI,RAI,RAISIN,WEST2,MP,MADHYA PRADESH,5
464986,RAI,RAI,RAISIN,WEST2,MP,MADHYA PRADESH,5
464990,MIP,MIP,MANDIDEEP,WEST2,MP,MADHYA PRADESH,5
464993,MIP,MIP,MANDIDEEP,WEST2,MP,MADHYA PRADESH,5
465001,SJP,SJP,SHAJAPUR,WEST2,MP,MADHYA PRADESH,5
465106,SJP,SJP,SHAJAPUR,WEST2,MP,MADHYA PRADESH,5
465110,SJP,SJP,SHAJAPUR,WEST2,MP,MADHYA PRADESH,5
465333,ASH,ASH,ASHTA,WEST2,MP,MADHYA PRADESH,5
465337,SHE,SHE,SEHORE,WEST2,MP,MADHYA PRADESH,5
465339,SHE,SHE,SEHORE,WEST2,MP,MADHYA PRADESH,5
465441,AGM,AGM,AGARMALWA,WEST2,MP,MADHYA PRADESH,5
465445,AGM,AGM,AGARMALWA,WEST2,MP,MADHYA PRADESH,5
465447,AGM,AGM,AGARMALWA,WEST2,MP,MADHYA PRADESH,5
465550,AGM,AGM,AGARMALWA,WEST2,MP,MADHYA PRADESH,5
465661,BIO,BIO,BIAORA,WEST2,MP,MADHYA PRADESH,5
465667,SHE,SHE,SEHORE,WEST2,MP,MADHYA PRADESH,5
465669,BIO,BIO,BIAORA,WEST2,MP,MADHYA PRADESH,5
465674,BIO,BIO,BIAORA,WEST2,MP,MADHYA PRADESH,5
465677,BIO,BIO,BIAORA,WEST2,MP,MADHYA PRADESH,5
465679,BIO,BIO,BIAORA,WEST2,MP,MADHYA PRADESH,5
465683,BIO,BIO,BIAORA,WEST2,MP,MADHYA PRADESH,5
465685,BIO,BIO,BIAORA,WEST2,MP,MADHYA PRADESH,5
465697,SJP,SJP,SHAJAPUR,WEST2,MP,MADHYA PRADESH,5
466001,SHE,SHE,SEHORE,WEST2,MP,MADHYA PRADESH,5
466114,ASH,ASH,ASHTA,WEST2,MP,MADHYA PRADESH,5
466115,SHE,SHE,SEHORE,WEST2,MP,MADHYA PRADESH,5
466116,ASH,ASH,ASHTA,WEST2,MP,MADHYA PRADESH,5
466331,SHE,SHE,SEHORE,WEST2,MP,MADHYA PRADESH,5
466445,HGB,HGB,NARMADAPURAM,WEST2,MP,MADHYA PRADESH,5
466446,HGB,HGB,NARMADAPURAM,WEST2,MP,MADHYA PRADESH,5
466651,SHE,SHE,SEHORE,WEST2,MP,MADHYA PRADESH,5
466661,SHE,SHE,SEHORE,WEST2,MP,MADHYA PRADESH,5
470001,SGR,SGR,SAGAR,WEST2,MP,MADHYA PRADESH,5
470002,SGR,SGR,SAGAR,WEST2,MP,MADHYA PRADESH,5
470003,SGR,SGR,SAGAR,WEST2,MP,MADHYA PRADESH,5
470004,SGR,SGR,SAGAR,WEST2,MP,MADHYA PRADESH,5
470005,SGR,SGR,SAGAR,WEST2,MP,MADHYA PRADESH,5
470021,SGR,SGR,SAGAR,WEST2,MP,MADHYA PRADESH,5
470051,SGR,SGR,SAGAR,WEST2,MP,MADHYA PRADESH,5
470113,IBN,IBN,BINA,WEST2,MP,MADHYA PRADESH,5
470115,IBN,IBN,BINA,WEST2,MP,MADHYA PRADESH,5
470117,IBN,IBN,BINA,WEST2,MP,MADHYA PRADESH,5
470120,SGR,SGR,SAGAR,WEST2,MP,MADHYA PRADESH,5
470124,IBN,IBN,BINA,WEST2,MP,MADHYA PRADESH,5
470221,SGR,SGR,SAGAR,WEST2,MP,MADHYA PRADESH,5
470223,SGR,SGR,SAGAR,WEST2,MP,MADHYA PRADESH,5
470226,SGR,SGR,SAGAR,WEST2,MP,MADHYA PRADESH,5
470227,SGR,SGR,SAGAR,WEST2,MP,MADHYA PRADESH,5
470228,SGR,SGR,SAGAR,WEST2,MP,MADHYA PRADESH,5
470229,DMH,DMH,DAMOH,WEST2,MP,MADHYA PRADESH,5
470335,SGR,SGR,SAGAR,WEST2,MP,MADHYA PRADESH,5
470337,SGR,SGR,SAGAR,WEST2,MP,MADHYA PRADESH,5
470339,SGR,SGR,SAGAR,WEST2,MP,MADHYA PRADESH,5
470442,SGR,SGR,SAGAR,WEST2,MP,MADHYA PRADESH,5
470661,DMH,DMH,DAMOH,WEST2,MP,MADHYA PRADESH,5
470666,DMH,DMH,DAMOH,WEST2,MP,MADHYA PRADESH,5
470672,DMH,DMH,DAMOH,WEST2,MP,MADHYA PRADESH,5
470675,DMH,DMH,DAMOH,WEST2,MP,MADHYA PRADESH,5
470775,DMH,DMH,DAMOH,WEST2,MP,MADHYA PRADESH,5
471001,CPR,CPR,CHHATTARPUR,WEST2,MP,MADHYA PRADESH,5
471111,CPR,CPR,CHHATTARPUR,WEST2,MP,MADHYA PRADESH,5
471201,CPR,CPR,CHHATTARPUR,WEST2,MP,MADHYA PRADESH,5
471301,CPR,CPR,CHHATTARPUR,WEST2,MP,MADHYA PRADESH,5
471311,CPR,CPR,CHHATTARPUR,WEST2,MP,MADHYA PRADESH,5
471405,CPR,CPR,CHHATTARPUR,WEST2,MP,MADHYA PRADESH,5
471501,CPR,CPR,CHHATTARPUR,WEST2,MP,MADHYA PRADESH,5
471515,KJU,KJU,KHAJURAHO,WEST2,MP,MADHYA PRADESH,5
471525,KJU,KJU,KHAJURAHO,WEST2,MP,MADHYA PRADESH,5
471606,KJU,KJU,KHAJURAHO,WEST2,MP,MADHYA PRADESH,5
471625,KJU,KJU,KHAJURAHO,WEST2,MP,MADHYA PRADESH,5
472001,TKG,TKG,TIKAMGARH,WEST2,MP,MADHYA PRADESH,5
472115,TKG,TKG,TIKAMGARH,WEST2,MP,MADHYA PRADESH,5
472118,TKG,TKG,TIKAMGARH,WEST2,MP,MADHYA PRADESH,5
472221,TKG,TKG,TIKAMGARH,WEST2,MP,MADHYA PRADESH,5
472246,DTI,DTI,DATIA,WEST2,MP,MADHYA PRADESH,5
472336,TKG,TKG,TIKAMGARH,WEST2,MP,MADHYA PRADESH,5
472442,TKG,TKG,TIKAMGARH,WEST2,MP,MADHYA PRADESH,5
473001,GIX,GIX,GUNA,WEST2,MP,MADHYA PRADESH,5
473002,GIX,GIX,GUNA,WEST2,MP,MADHYA PRADESH,5
473101,GIX,GIX,GUNA,WEST2,MP,MADHYA PRADESH,5
473110,RGH,RGH,RAGHOGARH,WEST2,MP,MADHYA PRADESH,5
473111,RGH,RGH,RAGHOGARH,WEST2,MP,MADHYA PRADESH,5
473112,RGH,RGH,RAGHOGARH,WEST2,MP,MADHYA PRADESH,5
473115,BIO,BIO,BIAORA,WEST2,MP,MADHYA PRADESH,5
473222,RGH,RGH,RAGHOGARH,WEST2,MP,MADHYA PRADESH,5
473226,RGH,RGH,RAGHOGARH,WEST2,MP,MADHYA PRADESH,5
473331,ASN,ASN,ASHOK NAGAR,WEST2,MP,MADHYA PRADESH,5
473335,ASN,ASN,ASHOK NAGAR,WEST2,MP,MADHYA PRADESH,5
473443,ASN,ASN,ASHOK NAGAR,WEST2,MP,MADHYA PRADESH,5
473446,CDI,CDI,CHANDERI,WEST2,MP,MADHYA PRADESH,5
473551,SVP,SVP,SHIVPURI,WEST2,MP,MADHYA PRADESH,5
473638,SVP,SVP,SHIVPURI,WEST2,MP,MADHYA PRADESH,5
473660,SVX,SVX,SHIVPURI EXPANSION,WEST2,MP,MADHYA PRADESH,5
473885,SVX,SVX,SHIVPURI EXPANSION,WEST2,MP,MADHYA PRADESH,5
473995,SVX,SVX,SHIVPURI EXPANSION,WEST2,MP,MADHYA PRADESH,5
474001,GWL,GWA,GWALIOR,WEST2,MP,MADHYA PRADESH,5
474002,GWL,GWA,GWALIOR,WEST2,MP,MADHYA PRADESH,5
474003,GWL,GWA,GWALIOR,WEST2,MP,MADHYA PRADESH,5
474004,GWL,GWA,GWALIOR,WEST2,MP,MADHYA PRADESH,5
474005,GWL,GWA,GWALIOR,WEST2,MP,MADHYA PRADESH,5
474006,GWL,GWA,GWALIOR,WEST2,MP,MADHYA PRADESH,5
474007,GWL,GWA,GWALIOR,WEST2,MP,MADHYA PRADESH,5
474008,GWL,GWA,GWALIOR,WEST2,MP,MADHYA PRADESH,5
474009,GWL,GWA,GWALIOR,WEST2,MP,MADHYA PRADESH,5
474010,GWL,GWA,GWALIOR,WEST2,MP,MADHYA PRADESH,5
474011,GWL,GWA,GWALIOR,WEST2,MP,MADHYA PRADESH,5
474012,GWL,GWA,GWALIOR,WEST2,MP,MADHYA PRADESH,5
474015,GWL,GWA,GWALIOR,WEST2,MP,MADHYA PRADESH,5
474020,GWL,GWA,GWALIOR,WEST2,MP,MADHYA PRADESH,5
475005,DBR,DBR,DABRA,WEST2,MP,MADHYA PRADESH,5
475110,DBR,DBR,DABRA,WEST2,MP,MADHYA PRADESH,5
475115,DBR,DBR,DABRA,WEST2,MP,MADHYA PRADESH,5
475335,DTI,DTI,DATIA,WEST2,MP,MADHYA PRADESH,5
475661,DTI,DTI,DATIA,WEST2,MP,MADHYA PRADESH,5
476001,MRE,MRE,MORENA,WEST2,MP,MADHYA PRADESH,5
476111,MOX,MOX,MORENA EXPANSION,WEST2,MP,MADHYA PRADESH,5
476115,MOX,MOX,MORENA EXPANSION,WEST2,MP,MADHYA PRADESH,5
476221,MOX,MOX,MORENA EXPANSION,WEST2,MP,MADHYA PRADESH,5
476224,MOX,MOX,MORENA EXPANSION,WEST2,MP,MADHYA PRADESH,5
476229,MOX,MOX,MORENA EXPANSION,WEST2,MP,MADHYA PRADESH,5
476337,SEU,SEU,SHEOPUR,WEST2,MP,MADHYA PRADESH,5
477001,BHN,BHN,BHIND,WEST2,MP,MADHYA PRADESH,5
477116,GWL,GWA,GWALIOR,WEST2,MP,MADHYA PRADESH,5
477117,GWL,GWA,GWALIOR,WEST2,MP,MADHYA PRADESH,5
477441,BHN,BHN,BHIND,WEST2,MP,MADHYA PRADESH,5
477445,BHN,BHN,BHIND,WEST2,MP,MADHYA PRADESH,5
477660,BHN,BHN,BHIND,WEST2,MP,MADHYA PRADESH,5
480001,CWD,CWD,CHHINDWARA EXPANSION,WEST2,MP,MADHYA PRADESH,5
480002,CWD,CWD,CHHINDWARA EXPANSION,WEST2,MP,MADHYA PRADESH,5
480105,PDD,PDD,PANDHURNA,WEST2,MP,MADHYA PRADESH,5
480106,PDD,PDD,PANDHURNA,WEST2,MP,MADHYA PRADESH,5
480107,CWD,CWD,CHHINDWARA EXPANSION,WEST2,MP,MADHYA PRADESH,5
480108,PDD,PDD,PANDHURNA,WEST2,MP,MADHYA PRADESH,5
480112,CWR,CWR,CHHINDWARA,WEST2,MP,MADHYA PRADESH,5
480115,CWR,CWR,CHHINDWARA,WEST2,MP,MADHYA PRADESH,5
480334,PDD,PDD,PANDHURNA,WEST2,MP,MADHYA PRADESH,5
480337,PDD,PDD,PANDHURNA,WEST2,MP,MADHYA PRADESH,5
480441,CWD,CWD,CHHINDWARA EXPANSION,WEST2,MP,MADHYA PRADESH,5
480551,CWR,CWR,CHHINDWARA,WEST2,MP,MADHYA PRADESH,5
480661,SEI,SEI,SEONI,WEST2,MP,MADHYA PRADESH,5
480667,SEI,SEI,SEONI,WEST2,MP,MADHYA PRADESH,5
480880,SEI,SEI,SEONI,WEST2,MP,MADHYA PRADESH,5
480882,SEI,SEI,SEONI,WEST2,MP,MADHYA PRADESH,5
480884,LKD,LKD,LAKHNADON,WEST2,MP,MADHYA PRADESH,5
480886,LKD,LKD,LAKHNADON,WEST2,MP,MADHYA PRADESH,5
480888,LKD,LKD,LAKHNADON,WEST2,MP,MADHYA PRADESH,5
480990,SEI,SEI,SEONI,WEST2,MP,MADHYA PRADESH,5
480991,SEI,SEI,SEONI,WEST2,MP,MADHYA PRADESH,5
480994,SEI,SEI,SEONI,WEST2,MP,MADHYA PRADESH,5
480997,LKD,LKD,LAKHNADON,WEST2,MP,MADHYA PRADESH,5
481001,BGO,BGO,BALAGHAT OFFICE,WEST2,MP,MADHYA PRADESH,5
481102,BGO,BGO,BALAGHAT OFFICE,WEST2,MP,MADHYA PRADESH,5
481115,BGO,BGO,BALAGHAT OFFICE,WEST2,MP,MADHYA PRADESH,5
481224,BGO,BGO,BALAGHAT OFFICE,WEST2,MP,MADHYA PRADESH,5
481226,BGO,BGO,BALAGHAT OFFICE,WEST2,MP,MADHYA PRADESH,5
481331,BGO,BGO,BALAGHAT OFFICE,WEST2,MP,MADHYA PRADESH,5
481332,BGO,BGO,BALAGHAT OFFICE,WEST2,MP,MADHYA PRADESH,5
481335,BGO,BGO,BALAGHAT OFFICE,WEST2,MP,MADHYA PRADESH,5
481337,BGO,BGO,BALAGHAT OFFICE,WEST2,MP,MADHYA PRADESH,5
481441,BGO,BGO,BALAGHAT OFFICE,WEST2,MP,MADHYA PRADESH,5
481661,MLV,MLV,MANDLA,WEST2,MP,MADHYA PRADESH,5
481879,DDO,DDO,DINDORI,WEST2,MP,MADHYA PRADESH,5
481880,DDO,DDO,DINDORI,WEST2,MP,MADHYA PRADESH,5
481882,DDO,DDO,DINDORI,WEST2,MP,MADHYA PRADESH,5
481883,DDO,DDO,DINDORI,WEST2,MP,MADHYA PRADESH,5
481884,DDO,DDO,DINDORI,WEST2,MP,MADHYA PRADESH,5
481990,DDO,DDO,DINDORI,WEST2,MP,MADHYA PRADESH,5
482001,JBL,JBL,JABALPUR,WEST2,MP,MADHYA PRADESH,5
482002,JBL,JBL,JABALPUR,WEST2,MP,MADHYA PRADESH,5
482003,JBL,JBL,JABALPUR,WEST2,MP,MADHYA PRADESH,5
482004,JBL,JBL,JABALPUR,WEST2,MP,MADHYA PRADESH,5
482005,JBL,JBL,JABALPUR,WEST2,MP,MADHYA PRADESH,5
482006,JBL,JBL,JABALPUR,WEST2,MP,MADHYA PRADESH,5
482007,JBL,JBL,JABALPUR,WEST2,MP,MADHYA PRADESH,5
482008,JBL,JBL,JABALPUR,WEST2,MP,MADHYA PRADESH,5
482009,JBL,JBL,JABALPUR,WEST2,MP,MADHYA PRADESH,5
482010,JBL,JBL,JABALPUR,WEST2,MP,MADHYA PRADESH,5
482011,JBL,JBL,JABALPUR,WEST2,MP,MADHYA PRADESH,5
482020,JBL,JBL,JABALPUR,WEST2,MP,MADHYA PRADESH,5
482021,JBX,JBX,JABALPUR RURAL,WEST2,MP,MADHYA PRADESH,5
482051,JBX,JBX,JABALPUR RURAL,WEST2,MP,MADHYA PRADESH,5
482056,JBX,JBX,JABALPUR RURAL,WEST2,MP,MADHYA PRADESH,5
483053,JBX,JBX,JABALPUR RURAL,WEST2,MP,MADHYA PRADESH,5
483119,JBX,JBX,JABALPUR RURAL,WEST2,MP,MADHYA PRADESH,5
483220,JBX,JBX,JABALPUR RURAL,WEST2,MP,MADHYA PRADESH,5
483222,SEA,SEA,SIHORA,WEST2,MP,MADHYA PRADESH,5
483225,SEA,SEA,SIHORA,WEST2,MP,MADHYA PRADESH,5
483334,SEA,SEA,SIHORA,WEST2,MP,MADHYA PRADESH,5
483336,SEA,SEA,SIHORA,WEST2,MP,MADHYA PRADESH,5
483501,KTI,KTI,KATNI,WEST2,MP,MADHYA PRADESH,5
483503,KTI,KTI,KATNI,WEST2,MP,MADHYA PRADESH,5
483504,KTI,KTI,KATNI,WEST2,MP,MADHYA PRADESH,5
483770,KTI,KTI,KATNI,WEST2,MP,MADHYA PRADESH,5
483775,KTI,KTI,KATNI,WEST2,MP,MADHYA PRADESH,5
483880,KTI,KTI,KATNI,WEST2,MP,MADHYA PRADESH,5
484001,SHD,SHD,SHAHDOL,WEST2,MP,MADHYA PRADESH,5
484110,SHD,SHD,SHAHDOL,WEST2,MP,MADHYA PRADESH,5
484114,SHD,SHD,SHAHDOL,WEST2,MP,MADHYA PRADESH,5
484116,ANU,ANU,ANUPPUR,WEST2,MP,MADHYA PRADESH,5
484117,SHD,SHD,SHAHDOL,WEST2,MP,MADHYA PRADESH,5
484120,ANU,ANU,ANUPPUR,WEST2,MP,MADHYA PRADESH,5
484220,ANU,ANU,ANUPPUR,WEST2,MP,MADHYA PRADESH,5
484224,ANU,ANU,ANUPPUR,WEST2,MP,MADHYA PRADESH,5
484330,ANU,ANU,ANUPPUR,WEST2,MP,MADHYA PRADESH,5
484334,ANU,ANU,ANUPPUR,WEST2,MP,MADHYA PRADESH,5
484336,ANU,ANU,ANUPPUR,WEST2,MP,MADHYA PRADESH,5
484440,ANU,ANU,ANUPPUR,WEST2,MP,MADHYA PRADESH,5
484444,ANU,ANU,ANUPPUR,WEST2,MP,MADHYA PRADESH,5
484551,UMA,UMA,UMARIA,WEST2,MP,MADHYA PRADESH,5
484555,UMA,UMA,UMARIA,WEST2,MP,MADHYA PRADESH,5
484661,UMA,UMA,UMARIA,WEST2,MP,MADHYA PRADESH,5
484771,BOA,BOA,BEOHARI,WEST2,MP,MADHYA PRADESH,5
484774,BOA,BOA,BEOHARI,WEST2,MP,MADHYA PRADESH,5
484776,BOA,BOA,BEOHARI,WEST2,MP,MADHYA PRADESH,5
485001,STA,STA,SATNA,WEST2,MP,MADHYA PRADESH,5
485002,STA,STA,SATNA,WEST2,MP,MADHYA PRADESH,5
485003,STA,STA,SATNA,WEST2,MP,MADHYA PRADESH,5
485004,STA,STA,SATNA,WEST2,MP,MADHYA PRADESH,5
485005,STA,STA,SATNA,WEST2,MP,MADHYA PRADESH,5
485111,STA,STA,SATNA,WEST2,MP,MADHYA PRADESH,5
485112,STA,STA,SATNA,WEST2,MP,MADHYA PRADESH,5
485113,STA,STA,SATNA,WEST2,MP,MADHYA PRADESH,5
485114,MAI,MAI,MAIHAR,WEST2,MP,MADHYA PRADESH,5
485221,STA,STA,SATNA,WEST2,MP,MADHYA PRADESH,5
485226,STA,STA,SATNA,WEST2,MP,MADHYA PRADESH,5
485441,STA,STA,SATNA,WEST2,MP,MADHYA PRADESH,5
485446,STA,STA,SATNA,WEST2,MP,MADHYA PRADESH,5
485661,MAI,MAI,MAIHAR,WEST2,MP,MADHYA PRADESH,5
485666,STA,STA,SATNA,WEST2,MP,MADHYA PRADESH,5
485771,MAI,MAI,MAIHAR,WEST2,MP,MADHYA PRADESH,5
485772,MAI,MAI,MAIHAR,WEST2,MP,MADHYA PRADESH,5
485773,MAI,MAI,MAIHAR,WEST2,MP,MADHYA PRADESH,5
485774,MAI,MAI,MAIHAR,WEST2,MP,MADHYA PRADESH,5
485775,MAI,MAI,MAIHAR,WEST2,MP,MADHYA PRADESH,5
486001,REW,REW,REWA,WEST2,MP,MADHYA PRADESH,5
486002,REW,REW,REWA,WEST2,MP,MADHYA PRADESH,5
486003,REW,REW,REWA,WEST2,MP,MADHYA PRADESH,5
486005,REW,REW,REWA,WEST2,MP,MADHYA PRADESH,5
486006,REW,REW,REWA,WEST2,MP,MADHYA PRADESH,5
486111,REW,REW,REWA,WEST2,MP,MADHYA PRADESH,5
486335,SDZ,SDZ,SIDHI,WEST2,MP,MADHYA PRADESH,5
486338,REW,REW,REWA,WEST2,MP,MADHYA PRADESH,5
486341,REW,REW,REWA,WEST2,MP,MADHYA PRADESH,5
486440,REW,REW,REWA,WEST2,MP,MADHYA PRADESH,5
486441,REW,REW,REWA,WEST2,MP,MADHYA PRADESH,5
486446,REW,REW,REWA,WEST2,MP,MADHYA PRADESH,5
486450,REW,REW,REWA,WEST2,MP,MADHYA PRADESH,5
486550,REW,REW,REWA,WEST2,MP,MADHYA PRADESH,5
486661,SDZ,SDZ,SIDHI,WEST2,MP,MADHYA PRADESH,5
486669,SDZ,SDZ,SIDHI,WEST2,MP,MADHYA PRADESH,5
486670,SDZ,SDZ,SIDHI,WEST2,MP,MADHYA PRADESH,5
486675,SDZ,SDZ,SIDHI,WEST2,MP,MADHYA PRADESH,5
486771,SDZ,SDZ,SIDHI,WEST2,MP,MADHYA PRADESH,5
486775,SDZ,SDZ,SIDHI,WEST2,MP,MADHYA PRADESH,5
486884,WDN,WDN,WAIDHAN,WEST2,MP,MADHYA PRADESH,5
486885,WDN,WDN,WAIDHAN,WEST2,MP,MADHYA PRADESH,5
486886,WDN,WDN,WAIDHAN,WEST2,MP,MADHYA PRADESH,5
486887,WDN,WDN,WAIDHAN,WEST2,MP,MADHYA PRADESH,5
486888,WDN,WDN,WAIDHAN,WEST2,MP,MADHYA PRADESH,5
486889,SIN,SIN,SINGRAULI,WEST2,MP,MADHYA PRADESH,5
486890,WDN,WDN,WAIDHAN,WEST2,MP,MADHYA PRADESH,5
486892,SIN,SIN,SINGRAULI,WEST2,MP,MADHYA PRADESH,5
487001,NRG,NRG,NARSINGHPUR,WEST2,MP,MADHYA PRADESH,5
487110,NRG,NRG,NARSINGHPUR,WEST2,MP,MADHYA PRADESH,5
487114,NRG,NRG,NARSINGHPUR,WEST2,MP,MADHYA PRADESH,5
487118,NRG,NRG,NARSINGHPUR,WEST2,MP,MADHYA PRADESH,5
487221,NRG,NRG,NARSINGHPUR,WEST2,MP,MADHYA PRADESH,5
487330,NRG,NRG,NARSINGHPUR,WEST2,MP,MADHYA PRADESH,5
487334,GWB,GWB,GADARWARA,WEST2,MP,MADHYA PRADESH,5
487337,GWB,GWB,GADARWARA,WEST2,MP,MADHYA PRADESH,5
487551,GWB,GWB,GADARWARA,WEST2,MP,MADHYA PRADESH,5
487555,GWB,GWB,GADARWARA,WEST2,MP,MADHYA PRADESH,5
487661,GWB,GWB,GADARWARA,WEST2,MP,MADHYA PRADESH,5
487770,GWB,GWB,GADARWARA,WEST2,MP,MADHYA PRADESH,5
487881,GWB,GWB,GADARWARA,WEST2,MP,MADHYA PRADESH,5
488001,PNK,PNK,PANNA,WEST2,MP,MADHYA PRADESH,5
488333,PNK,PNK,PANNA,WEST2,MP,MADHYA PRADESH,5
490001,BHL,BHZ,BHILAI,WEST1,CH,CHHATISGARH,5
490006,BHL,BHZ,BHILAI,WEST1,CH,CHHATISGARH,5
490009,BHL,BHZ,BHILAI,WEST1,CH,CHHATISGARH,5
490011,BHL,BHZ,BHILAI,WEST1,CH,CHHATISGARH,5
490012,BHL,BHZ,BHILAI,WEST1,CH,CHHATISGARH,5
490013,BHL,BHZ,BHILAI,WEST1,CH,CHHATISGARH,5
490020,BHL,BHZ,BHILAI,WEST1,CH,CHHATISGARH,5
490021,BHL,BHZ,BHILAI,WEST1,CH,CHHATISGARH,5
490022,BHL,BHZ,BHILAI,WEST1,CH,CHHATISGARH,5
490023,BHL,BHZ,BHILAI,WEST1,CH,CHHATISGARH,5
490024,BHL,BHZ,BHILAI,WEST1,CH,CHHATISGARH,5
490025,BHL,BHZ,BHILAI,WEST1,CH,CHHATISGARH,5
490026,BHL,BHZ,BHILAI,WEST1,CH,CHHATISGARH,5
490027,BHL,BHZ,BHILAI,WEST1,CH,CHHATISGARH,5
490036,BHL,BHZ,BHILAI,WEST1,CH,CHHATISGARH,5
490042,BHL,BHZ,BHILAI,WEST1,CH,CHHATISGARH,5
491001,BHL,BHZ,BHILAI,WEST1,CH,CHHATISGARH,5
491002,BHL,BHZ,BHILAI,WEST1,CH,CHHATISGARH,5
491107,BHL,BHZ,BHILAI,WEST1,CH,CHHATISGARH,5
491227,DMT,DMT,DHAMTARI,WEST1,CH,CHHATISGARH,5
491331,BHL,BHZ,BHILAI,WEST1,CH,CHHATISGARH,5
491441,RGN,RGN,RAJNANDGAON,WEST1,CH,CHHATISGARH,5
492001,RPR,RPU,RAIPUR,WEST1,CH,CHHATISGARH,5
492002,RPR,RPU,RAIPUR,WEST1,CH,CHHATISGARH,5
492003,RPR,RPU,RAIPUR,WEST1,CH,CHHATISGARH,5
492004,RPR,RPU,RAIPUR,WEST1,CH,CHHATISGARH,5
492005,RPR,RPU,RAIPUR,WEST1,CH,CHHATISGARH,5
492006,RPR,RPU,RAIPUR,WEST1,CH,CHHATISGARH,5
492007,RPR,RPU,RAIPUR,WEST1,CH,CHHATISGARH,5
492008,RPR,RPU,RAIPUR,WEST1,CH,CHHATISGARH,5
492009,RPR,RPU,RAIPUR,WEST1,CH,CHHATISGARH,5
492010,RPR,RPU,RAIPUR,WEST1,CH,CHHATISGARH,5
492012,RPR,RPU,RAIPUR,WEST1,CH,CHHATISGARH,5
492013,RPR,RPU,RAIPUR,WEST1,CH,CHHATISGARH,5
492014,RPR,RPU,RAIPUR,WEST1,CH,CHHATISGARH,5
492015,RPR,RPU,RAIPUR,WEST1,CH,CHHATISGARH,5
492099,RPR,RPU,RAIPUR,WEST1,CH,CHHATISGARH,5
493114,TLD,TLD,TILDA,WEST1,CH,CHHATISGARH,5
493118,BTP,BTP,BHATAPARA,WEST1,CH,CHHATISGARH,5
493221,RPR,RPU,RAIPUR,WEST1,CH,CHHATISGARH,5
493770,DMT,DMT,DHAMTARI,WEST1,CH,CHHATISGARH,5
493773,DMT,DMT,DHAMTARI,WEST1,CH,CHHATISGARH,5
493776,DMT,DMT,DHAMTARI,WEST1,CH,CHHATISGARH,5
494001,JGU,JGU,JAGDALPUR,WEST1,CH,CHHATISGARH,5
495001,BLP,BPP,BILASPUR ,WEST1,CH,CHHATISGARH,5
495004,BLP,BPP,BILASPUR ,WEST1,CH,CHHATISGARH,5
495005,BLP,BPP,BILASPUR ,WEST1,CH,CHHATISGARH,5
495006,BLP,BPP,BILASPUR ,WEST1,CH,CHHATISGARH,5
495009,BLP,BPP,BILASPUR ,WEST1,CH,CHHATISGARH,5
495220,BLP,BPP,BILASPUR ,WEST1,CH,CHHATISGARH,5
495223,BLP,BPP,BILASPUR ,WEST1,CH,CHHATISGARH,5
495450,KRB,KRB,KORBA,WEST1,CH,CHHATISGARH,5
495454,KRB,KRB,KORBA,WEST1,CH,CHHATISGARH,5
495551,BLP,BPP,BILASPUR ,WEST1,CH,CHHATISGARH,5
495557,CAP,CAP,CHAMPA,WEST1,CH,CHHATISGARH,5
495671,CAP,CAP,CHAMPA,WEST1,CH,CHHATISGARH,5
495677,KRB,KRB,KORBA,WEST1,CH,CHHATISGARH,5
495678,KRB,KRB,KORBA,WEST1,CH,CHHATISGARH,5
495684,KRB,KRB,KORBA,WEST1,CH,CHHATISGARH,5
495689,CAP,CAP,CHAMPA,WEST1,CH,CHHATISGARH,5
495690,CAP,CAP,CHAMPA,WEST1,CH,CHHATISGARH,5
496001,RGD,RGD,RAIGARH,WEST1,CH,CHHATISGARH,5
496005,RGD,RGD,RAIGARH,WEST1,CH,CHHATISGARH,5
497001,ABP,ABP,AMBIKAPUR,WEST1,CH,CHHATISGARH,5
497101,ABP,ABP,AMBIKAPUR,WEST1,CH,CHHATISGARH,5
497226,ABP,ABP,AMBIKAPUR,WEST1,CH,CHHATISGARH,5
500001,HYD,BAS,BASHEERBAGH,SOUTH1,TL,TELANGANA,5
500002,HYD,MKP,SANTOSH NAGAR,SOUTH1,TL,TELANGANA,5
500003,HYD,SEC,SECUNDERABAD,SOUTH1,TL,TELANGANA,5
500004,HYD,BAS,BASHEERBAGH,SOUTH1,TL,TELANGANA,5
500005,HYD,CGT,CHANDRYANGUTTA SVC,SOUTH1,TL,TELANGANA,5
500006,HYD,BAS,BASHEERBAGH,SOUTH1,TL,TELANGANA,5
500007,HYD,HAB,HABSIGUDA,SOUTH1,TL,TELANGANA,5
500008,HYD,TLC,TOLICHOWKI,SOUTH1,TL,TELANGANA,5
500009,HYD,TMG,TRIMULGHERRY,SOUTH1,TL,TELANGANA,5
500010,HYD,TMG,TRIMULGHERRY,SOUTH1,TL,TELANGANA,5
500011,HYD,TMG,TRIMULGHERRY,SOUTH1,TL,TELANGANA,5
500012,HYD,BAS,BASHEERBAGH,SOUTH1,TL,TELANGANA,5
500013,HYD,HAB,HABSIGUDA,SOUTH1,TL,TELANGANA,5
500014,HYD,KOM,KOM SERVICE CENTRE,SOUTH1,TL,TELANGANA,5
500015,HYD,TMG,TRIMULGHERRY,SOUTH1,TL,TELANGANA,5
500016,HYD,SOM,SOMAJIGUDA,SOUTH1,TL,TELANGANA,5
500017,HYD,HAB,HABSIGUDA,SOUTH1,TL,TELANGANA,5
500018,HYD,BAL,BALANAGAR,SOUTH1,TL,TELANGANA,5
500019,HYD,GBL,GBL SERVICE CENTRE,SOUTH1,TL,TELANGANA,5
500020,HYD,BAS,BASHEERBAGH,SOUTH1,TL,TELANGANA,5
500021,HYD,TMG,TRIMULGHERRY,SOUTH1,TL,TELANGANA,5
500022,HYD,BAS,BASHEERBAGH,SOUTH1,TL,TELANGANA,5
500023,HYD,MKP,SANTOSH NAGAR,SOUTH1,TL,TELANGANA,5
500024,HYD,MKP,SANTOSH NAGAR,SOUTH1,TL,TELANGANA,5
500025,HYD,SEC,SECUNDERABAD,SOUTH1,TL,TELANGANA,5
500026,HYD,SEC,SECUNDERABAD,SOUTH1,TL,TELANGANA,5
500027,HYD,BAS,BASHEERBAGH,SOUTH1,TL,TELANGANA,5
500028,HYD,TLC,TOLICHOWKI,SOUTH1,TL,TELANGANA,5
500029,HYD,BAS,BASHEERBAGH,SOUTH1,TL,TELANGANA,5
500030,HYD,ATP,ATTAPUR,SOUTH1,TL,TELANGANA,5
500031,HYD,TLC,TOLICHOWKI,SOUTH1,TL,TELANGANA,5
500032,HYD,GBL,GBL SERVICE CENTRE,SOUTH1,TL,TELANGANA,5
500033,HYD,BJH,BANJARA HILLS SERV.CENTRE,SOUTH1,TL,TELANGANA,5
500034,HYD,BJH,BANJARA HILLS SERV.CENTRE,SOUTH1,TL,TELANGANA,5
500035,HYD,VTP,VANASTHALIPURAM,SOUTH1,TL,TELANGANA,5
500036,HYD,MKC,MALAKPET EXT,SOUTH1,TL,TELANGANA,5
500037,HYD,BAL,BALANAGAR,SOUTH1,TL,TELANGANA,5
500038,HYD,YOU,YOUSUFGUDA,SOUTH1,TL,TELANGANA,5
500039,HYD,HAB,HABSIGUDA,SOUTH1,TL,TELANGANA,5
500040,HYD,NMT,NEREDMET,SOUTH1,TL,TELANGANA,5
500041,HYD,SOM,SOMAJIGUDA,SOUTH1,TL,TELANGANA,5
500042,HYD,BAL,BALANAGAR,SOUTH1,TL,TELANGANA,5
500043,HYD,JDM,JEEDIMETLA,SOUTH1,TL,TELANGANA,5
500044,HYD,BAS,BASHEERBAGH,SOUTH1,TL,TELANGANA,5
500045,HYD,YOU,YOUSUFGUDA,SOUTH1,TL,TELANGANA,5
500046,HYD,GBL,GBL SERVICE CENTRE,SOUTH1,TL,TELANGANA,5
500047,HYD,NMT,NEREDMET,SOUTH1,TL,TELANGANA,5
500048,HYD,ATP,ATTAPUR,SOUTH1,TL,TELANGANA,5
500049,HYD,MDG,MADINAGUDA,SOUTH1,TL,TELANGANA,5
500050,HYD,MDG,MADINAGUDA,SOUTH1,TL,TELANGANA,5
500051,HYD,NMT,NEREDMET,SOUTH1,TL,TELANGANA,5
500052,HYD,ATP,ATTAPUR,SOUTH1,TL,TELANGANA,5
500053,HYD,CGT,CHANDRYANGUTTA SVC,SOUTH1,TL,TELANGANA,5
500054,HYD,JDM,JEEDIMETLA,SOUTH1,TL,TELANGANA,5
500055,HYD,JDM,JEEDIMETLA,SOUTH1,TL,TELANGANA,5
500056,HYD,NMT,NEREDMET,SOUTH1,TL,TELANGANA,5
500057,HYD,BAS,BASHEERBAGH,SOUTH1,TL,TELANGANA,5
500058,HYD,MKP,SANTOSH NAGAR,SOUTH1,TL,TELANGANA,5
500059,HYD,MKP,SANTOSH NAGAR,SOUTH1,TL,TELANGANA,5
500060,HYD,MKC,MALAKPET EXT,SOUTH1,TL,TELANGANA,5
500061,HYD,SEC,SECUNDERABAD,SOUTH1,TL,TELANGANA,5
500062,HYD,NMT,NEREDMET,SOUTH1,TL,TELANGANA,5
500063,HYD,BAS,BASHEERBAGH,SOUTH1,TL,TELANGANA,5
500064,HYD,BAS,BASHEERBAGH,SOUTH1,TL,TELANGANA,5
500065,HYD,MKP,SANTOSH NAGAR,SOUTH1,TL,TELANGANA,5
500066,HYD,MKP,SANTOSH NAGAR,SOUTH1,TL,TELANGANA,5
500067,HYD,KOM,KOM SERVICE CENTRE,SOUTH1,TL,TELANGANA,5
500068,HYD,VTP,VANASTHALIPURAM,SOUTH1,TL,TELANGANA,5
500069,HYD,MKP,SANTOSH NAGAR,SOUTH1,TL,TELANGANA,5
500070,HYD,VTP,VANASTHALIPURAM,SOUTH1,TL,TELANGANA,5
500071,HYD,SEC,SECUNDERABAD,SOUTH1,TL,TELANGANA,5
500072,HYD,KKP,KUKATPALLY,SOUTH1,TL,TELANGANA,5
500073,HYD,YOU,YOUSUFGUDA,SOUTH1,TL,TELANGANA,5
500074,HYD,VTP,VANASTHALIPURAM,SOUTH1,TL,TELANGANA,5
500075,HYD,NSI,NARSINGI,SOUTH1,TL,TELANGANA,5
500076,HYD,HAB,HABSIGUDA,SOUTH1,TL,TELANGANA,5
500077,HYD,CGT,CHANDRYANGUTTA SVC,SOUTH1,TL,TELANGANA,5
500078,HYD,TMG,TRIMULGHERRY,SOUTH1,TL,TELANGANA,5
500079,HYD,MKP,SANTOSH NAGAR,SOUTH1,TL,TELANGANA,5
500080,HYD,BAS,BASHEERBAGH,SOUTH1,TL,TELANGANA,5
500081,HYD,HTC,HITECH CITY,SOUTH1,TL,TELANGANA,5
500082,HYD,SOM,SOMAJIGUDA,SOUTH1,TL,TELANGANA,5
500083,HYD,NMT,NEREDMET,SOUTH1,TL,TELANGANA,5
500084,HYD,HTE,HITECH CITY KONDAPUR,SOUTH1,TL,TELANGANA,5
500085,HYD,KKP,KUKATPALLY,SOUTH1,TL,TELANGANA,5
500086,HYD,TLC,TOLICHOWKI,SOUTH1,TL,TELANGANA,5
500087,HYD,NMT,NEREDMET,SOUTH1,TL,TELANGANA,5
500088,HYD,BUA,BODUPPAL,SOUTH1,TL,TELANGANA,5
500089,HYD,NSI,NARSINGI,SOUTH1,TL,TELANGANA,5
500090,HYD,BCD,BACHUPALLY,SOUTH1,TL,TELANGANA,5
500091,HYD,TLC,TOLICHOWKI,SOUTH1,TL,TELANGANA,5
500092,HYD,BUA,BODUPPAL,SOUTH1,TL,TELANGANA,5
500093,HYD,BAL,BALANAGAR,SOUTH1,TL,TELANGANA,5
500094,HYD,NMT,NEREDMET,SOUTH1,TL,TELANGANA,5
500095,HYD,BAS,BASHEERBAGH,SOUTH1,TL,TELANGANA,5
500096,HYD,BJH,BANJARA HILLS SERV.CENTRE,SOUTH1,TL,TELANGANA,5
500097,HYD,MKP,SANTOSH NAGAR,SOUTH1,TL,TELANGANA,5
500098,HYD,BUA,BODUPPAL,SOUTH1,TL,TELANGANA,5
500100,HYD,KOM,KOM SERVICE CENTRE,SOUTH1,TL,TELANGANA,5
500101,HYD,TMG,TRIMULGHERRY,SOUTH1,TL,TELANGANA,5
500102,HYD,VTP,VANASTHALIPURAM,SOUTH1,TL,TELANGANA,5
500103,HYD,NMT,NEREDMET,SOUTH1,TL,TELANGANA,5
500104,HYD,TLC,TOLICHOWKI,SOUTH1,TL,TELANGANA,5
500105,HYD,BAS,BASHEERBAGH,SOUTH1,TL,TELANGANA,5
500107,HYD,GBL,GBL SERVICE CENTRE,SOUTH1,TL,TELANGANA,5
500108,HYD,HIA,SHAMSHABAD,SOUTH1,TL,TELANGANA,5
500111,HYD,GBL,GBL SERVICE CENTRE,SOUTH1,TL,TELANGANA,5
500123,HYD,MDG,MADINAGUDA,SOUTH1,TL,TELANGANA,5
500146,HYD,BAS,BASHEERBAGH,SOUTH1,TL,TELANGANA,5
500170,HYD,BAS,BASHEERBAGH,SOUTH1,TL,TELANGANA,5
500177,HYD,BAS,BASHEERBAGH,SOUTH1,TL,TELANGANA,5
500178,HYD,BAS,BASHEERBAGH,SOUTH1,TL,TELANGANA,5
500195,HYD,BAS,BASHEERBAGH,SOUTH1,TL,TELANGANA,5
500409,HYD,HIA,SHAMSHABAD,SOUTH1,TL,TELANGANA,5
500472,HYD,BAS,BASHEERBAGH,SOUTH1,TL,TELANGANA,5
500475,HYD,SOM,SOMAJIGUDA,SOUTH1,TL,TELANGANA,5
500476,HYD,BAS,BASHEERBAGH,SOUTH1,TL,TELANGANA,5
500484,HYD,BAS,BASHEERBAGH,SOUTH1,TL,TELANGANA,5
500486,HYD,BAS,BASHEERBAGH,SOUTH1,TL,TELANGANA,5
500488,HYD,BAS,BASHEERBAGH,SOUTH1,TL,TELANGANA,5
500605,HYD,HAB,HABSIGUDA,SOUTH1,TL,TELANGANA,5
500768,HYD,SEC,SECUNDERABAD,SOUTH1,TL,TELANGANA,5
500789,HYD,SEC,SECUNDERABAD,SOUTH1,TL,TELANGANA,5
500890,HYD,SOM,SOMAJIGUDA,SOUTH1,TL,TELANGANA,5
500960,HYD,BAS,BASHEERBAGH,SOUTH1,TL,TELANGANA,5
500991,HYD,SOM,SOMAJIGUDA,SOUTH1,TL,TELANGANA,5
501101,VKB,VKB,VIKARABAD REACH,SOUTH1,TL,TELANGANA,5
501203,CHV,CHV,CHEVELLA REACH,SOUTH1,TL,TELANGANA,5
501218,HYD,HIA,SHAMSHABAD,SOUTH1,TL,TELANGANA,5
501301,GTF,GTF,GHATKESAR REACH,SOUTH1,TL,TELANGANA,5
501359,HYD,HIA,SHAMSHABAD,SOUTH1,TL,TELANGANA,5
501401,HYD,MSO,SOMAVARAM VILLAGE,SOUTH1,TL,TELANGANA,5
501503,CHV,CHV,CHEVELLA REACH,SOUTH1,TL,TELANGANA,5
501505,HYD,VTP,VANASTHALIPURAM,SOUTH1,TL,TELANGANA,5
501506,IPT,IPT,IBRAHIMPATNAM,SOUTH1,TL,TELANGANA,5
501507,HYD,HAB,HABSIGUDA,SOUTH1,TL,TELANGANA,5
501508,IPT,IPT,IBRAHIMPATNAM,SOUTH1,TL,TELANGANA,5
501510,HYD,HPE,HASTHINAPURAM E-TAIL,SOUTH1,TL,TELANGANA,5
501511,HYD,VTP,VANASTHALIPURAM,SOUTH1,TL,TELANGANA,5
501512,HYD,VTP,VANASTHALIPURAM,SOUTH1,TL,TELANGANA,5
502001,SRD,SRD,SANGAREDDY,SOUTH1,TL,TELANGANA,5
502032,HYD,MDG,MADINAGUDA,SOUTH1,TL,TELANGANA,5
502103,SDP,SDP,SIDDIPET,SOUTH1,TL,TELANGANA,5
502110,MDQ,MDQ,MEDAK REACH,SOUTH1,TL,TELANGANA,5
502205,HYD,PTU,PATENCHERU,SOUTH1,TL,TELANGANA,5
502220,ZHB,ZHB,ZEHEERABAD,SOUTH1,TL,TELANGANA,5
502270,MDQ,MDQ,MEDAK REACH,SOUTH1,TL,TELANGANA,5
502278,GJL,GJL,GAJWEL REACH,SOUTH1,TL,TELANGANA,5
502285,HYD,PTU,PATENCHERU,SOUTH1,TL,TELANGANA,5
502286,NYR,NYR,NARAYANKED REACH,SOUTH1,TL,TELANGANA,5
502300,HYD,PTU,PATENCHERU,SOUTH1,TL,TELANGANA,5
502305,HYD,PTU,PATENCHERU,SOUTH1,TL,TELANGANA,5
502307,HYD,PTU,PATENCHERU,SOUTH1,TL,TELANGANA,5
502319,HYD,PTU,PATENCHERU,SOUTH1,TL,TELANGANA,5
502324,HYD,PTU,PATENCHERU,SOUTH1,TL,TELANGANA,5
502325,HYD,BCD,BACHUPALLY,SOUTH1,TL,TELANGANA,5
502329,HYD,PTU,PATENCHERU,SOUTH1,TL,TELANGANA,5
503001,NZB,NZB,NIZAMABAD,SOUTH1,TL,TELANGANA,5
503002,NZB,NZB,NIZAMABAD,SOUTH1,TL,TELANGANA,5
503003,NZB,NZB,NIZAMABAD,SOUTH1,TL,TELANGANA,5
503111,KMD,KMD,KAMAREDDY,SOUTH1,TL,TELANGANA,5
503165,ARF,ARF,ARMOOR REACH,SOUTH1,TL,TELANGANA,5
503174,NZB,NZB,NIZAMABAD,SOUTH1,TL,TELANGANA,5
503175,NZB,NZB,NIZAMABAD,SOUTH1,TL,TELANGANA,5
503185,BDF,BDF,BODHAN REACH,SOUTH1,TL,TELANGANA,5
503186,NZB,NZB,NIZAMABAD,SOUTH1,TL,TELANGANA,5
503217,ARM,ARM,ARMOOR,SOUTH1,TL,TELANGANA,5
503224,ARM,ARM,ARMOOR,SOUTH1,TL,TELANGANA,5
503230,NZB,NZB,NIZAMABAD,SOUTH1,TL,TELANGANA,5
503311,ARF,ARF,ARMOOR REACH,SOUTH1,TL,TELANGANA,5
504001,ADB,ADB,ADILABAD,SOUTH1,TL,TELANGANA,5
504002,ADB,ADB,ADILABAD,SOUTH1,TL,TELANGANA,5
504208,MNC,MNC,MANCHERIAL,SOUTH1,TL,TELANGANA,5
504231,BPQ,BPQ,BELLAMPALLY REACH,SOUTH1,TL,TELANGANA,5
504251,BPQ,BPQ,BELLAMPALLY REACH,SOUTH1,TL,TELANGANA,5
505001,KIR,KIR,KARIMNAGAR,SOUTH1,TL,TELANGANA,5
505002,KIR,KIR,KARIMNAGAR,SOUTH1,TL,TELANGANA,5
505172,PDF,PDF,PEDAPALLI REACH,SOUTH1,TL,TELANGANA,5
505208,RGM,RGM,RAMAGUDAM,SOUTH1,TL,TELANGANA,5
505209,RGM,RGM,RAMAGUDAM,SOUTH1,TL,TELANGANA,5
505210,RGM,RGM,RAMAGUDAM,SOUTH1,TL,TELANGANA,5
505211,RGM,RGM,RAMAGUDAM,SOUTH1,TL,TELANGANA,5
505215,RGM,RGM,RAMAGUDAM,SOUTH1,TL,TELANGANA,5
505301,SCE,SCE,SIRSILLA REACH,SOUTH1,TL,TELANGANA,5
505302,SCE,SCE,SIRSILLA REACH,SOUTH1,TL,TELANGANA,5
505325,KRM,KRM,KORUTLA REACH,SOUTH1,TL,TELANGANA,5
505326,KRM,KRM,KORUTLA REACH,SOUTH1,TL,TELANGANA,5
505327,JGT,JGT,JAGTIAL,SOUTH1,TL,TELANGANA,5
505415,CPD,CPD,CHOPPADANDI REACH,SOUTH1,TL,TELANGANA,5
505450,KRM,KRM,KORUTLA REACH,SOUTH1,TL,TELANGANA,5
505468,KPN,KPN,KESHAVAPATNAM REACH,SOUTH1,TL,TELANGANA,5
505470,KPN,KPN,KESHAVAPATNAM REACH,SOUTH1,TL,TELANGANA,5
505490,KPN,KPN,KESHAVAPATNAM REACH,SOUTH1,TL,TELANGANA,5
506001,WAL,WAL,WARANGAL,SOUTH1,TL,TELANGANA,5
506002,WAL,WAL,WARANGAL,SOUTH1,TL,TELANGANA,5
506003,GNP,GNP,GHANPUR REACH,SOUTH1,TL,TELANGANA,5
506004,WAL,WAL,WARANGAL,SOUTH1,TL,TELANGANA,5
506005,WDP,WDP,WARDHANNAPET REACH,SOUTH1,TL,TELANGANA,5
506006,MUM,MUM,MULUGU REACH,SOUTH1,TL,TELANGANA,5
506007,MUM,MUM,MULUGU REACH,SOUTH1,TL,TELANGANA,5
506008,WDP,WDP,WARDHANNAPET REACH,SOUTH1,TL,TELANGANA,5
506009,WAL,WAL,WARANGAL,SOUTH1,TL,TELANGANA,5
506010,WAL,WAL,WARANGAL,SOUTH1,TL,TELANGANA,5
506011,WAL,WAL,WARANGAL,SOUTH1,TL,TELANGANA,5
506012,WAL,WAL,WARANGAL,SOUTH1,TL,TELANGANA,5
506013,WAL,WAL,WARANGAL,SOUTH1,TL,TELANGANA,5
506015,ELK,ELK,ELAKATHURTHI REACH,SOUTH1,TL,TELANGANA,5
506101,MBD,MBD,MAHABUBABAD REACH,SOUTH1,TL,TELANGANA,5
506142,GNP,GNP,GHANPUR REACH,SOUTH1,TL,TELANGANA,5
506164,PRK,PRK,PARKAL REACH,SOUTH1,TL,TELANGANA,5
506167,JGN,JGN,JANGAON,SOUTH1,TL,TELANGANA,5
506168,BPY,BPY,BHUPALAPALLI REACH,SOUTH1,TL,TELANGANA,5
506169,BPY,BPY,BHUPALAPALLI REACH,SOUTH1,TL,TELANGANA,5
506370,WAL,WAL,WARANGAL,SOUTH1,TL,TELANGANA,5
506371,ELK,ELK,ELAKATHURTHI REACH,SOUTH1,TL,TELANGANA,5
507001,KHA,KHA,KHAMMAM,SOUTH1,TL,TELANGANA,5
507002,KHF,KHF,KHAMMAM REACH,SOUTH1,TL,TELANGANA,5
507003,KHA,KHA,KHAMMAM,SOUTH1,TL,TELANGANA,5
507004,KHA,KHA,KHAMMAM,SOUTH1,TL,TELANGANA,5
507101,KUM,KUM,KOTHAGUDEM,SOUTH1,TL,TELANGANA,5
507111,BDX,BDX,BHADRACHALAM REACH,SOUTH1,TL,TELANGANA,5
507115,PVN,PVN,PALONCHA,SOUTH1,TL,TELANGANA,5
507123,YLD,YLD,YELLANDU,SOUTH1,TL,TELANGANA,5
507128,BDX,BDX,BHADRACHALAM REACH,SOUTH1,TL,TELANGANA,5
507203,NDF,NDF,NANDIGAMA REACH,SOUTH1,AP,ANDHRA PRADESH,5
507303,STP,STP,SATHUPALLI REACH,SOUTH1,TL,TELANGANA,5
508001,NLG,NLG,NALGONDA,SOUTH1,TL,TELANGANA,5
508116,BON,BON,BHONGIR,SOUTH1,TL,TELANGANA,5
508126,GTF,GTF,GHATKESAR REACH,SOUTH1,TL,TELANGANA,5
508204,KDE,KDE,KODAD REACH,SOUTH1,TL,TELANGANA,5
508206,KDE,KDE,KODAD REACH,SOUTH1,TL,TELANGANA,5
508207,MGF,MGF,MIRYALGUDA,SOUTH1,TL,TELANGANA,5
508252,CHE,CHE,CHOUTUPPAL REACH,SOUTH1,TL,TELANGANA,5
509001,MBN,MBN,MAHBUB NAGAR,SOUTH1,TL,TELANGANA,5
509002,MBN,MBN,MAHBUB NAGAR,SOUTH1,TL,TELANGANA,5
509102,WAE,WAE,WANAPARTHY REACH,SOUTH1,TL,TELANGANA,5
509103,WAE,WAE,WANAPARTHY REACH,SOUTH1,TL,TELANGANA,5
509104,WAE,WAE,WANAPARTHY REACH,SOUTH1,TL,TELANGANA,5
509125,GDW,GDW,GADWAL,SOUTH1,TL,TELANGANA,5
509208,MIL,MIL,MARIKAL REACH,SOUTH1,TL,TELANGANA,5
509209,NGK,NGK,NAGARKURNOOL,SOUTH1,TL,TELANGANA,5
509210,NYP,NYP,NARAYANPET,SOUTH1,TL,TELANGANA,5
509216,SDN,SDN,SHADNAGAR,SOUTH1,TL,TELANGANA,5
509228,KTR,KTR,KOTHUR,SOUTH1,TL,TELANGANA,5
509301,JDC,JDC,JADCHERALA,SOUTH1,TL,TELANGANA,5
515001,XJA,XJA,ANANTAPUR,SOUTH2,AP,ANDHRA PRADESH,5
515002,XJA,XJA,ANANTAPUR,SOUTH2,AP,ANDHRA PRADESH,5
515003,XJA,XJA,ANANTAPUR,SOUTH2,AP,ANDHRA PRADESH,5
515004,XJA,XJA,ANANTAPUR,SOUTH2,AP,ANDHRA PRADESH,5
515005,XJA,XJA,ANANTAPUR,SOUTH2,AP,ANDHRA PRADESH,5
515101,DMV,DMV,DHARMAVARAM,SOUTH2,AP,ANDHRA PRADESH,5
515110,PEU,PEU,PENUKONDA,SOUTH2,AP,ANDHRA PRADESH,5
515122,PEU,PEU,PENUKONDA,SOUTH2,AP,ANDHRA PRADESH,5
515133,PTT,PTT,PUTTAPARTHY,SOUTH2,AP,ANDHRA PRADESH,5
515134,PTT,PTT,PUTTAPARTHY,SOUTH2,AP,ANDHRA PRADESH,5
515144,PTT,PTT,PUTTAPARTHY,SOUTH2,AP,ANDHRA PRADESH,5
515164,PEU,PEU,PENUKONDA,SOUTH2,AP,ANDHRA PRADESH,5
515201,HUR,HUR,HINDUPUR,SOUTH2,AP,ANDHRA PRADESH,5
515202,HUR,HUR,HINDUPUR,SOUTH2,AP,ANDHRA PRADESH,5
515211,HUR,HUR,HINDUPUR,SOUTH2,AP,ANDHRA PRADESH,5
515212,HUR,HUR,HINDUPUR,SOUTH2,AP,ANDHRA PRADESH,5
515231,GTA,GTA,GORANTLA,SOUTH2,KN,KARNATAKA,5
515241,GTA,GTA,GORANTLA,SOUTH2,KN,KARNATAKA,5
515261,HUR,HUR,HINDUPUR,SOUTH2,AP,ANDHRA PRADESH,5
515271,MDT,MDT,MADAKASIRA,SOUTH2,AP,ANDHRA PRADESH,5
515291,MDT,MDT,MADAKASIRA,SOUTH2,AP,ANDHRA PRADESH,5
515301,MDT,MDT,MADAKASIRA,SOUTH2,AP,ANDHRA PRADESH,5
515303,MDT,MDT,MADAKASIRA,SOUTH2,AP,ANDHRA PRADESH,5
515331,HUR,HUR,HINDUPUR,SOUTH2,AP,ANDHRA PRADESH,5
515401,GTY,GTY,GOOTY,SOUTH2,AP,ANDHRA PRADESH,5
515402,GTY,GTY,GOOTY,SOUTH2,AP,ANDHRA PRADESH,5
515405,GTY,GTY,GOOTY,SOUTH2,AP,ANDHRA PRADESH,5
515411,TDI,TDI,TADIPATRI,SOUTH2,AP,ANDHRA PRADESH,5
515413,TDI,TDI,TADIPATRI,SOUTH2,AP,ANDHRA PRADESH,5
515415,TDI,TDI,TADIPATRI,SOUTH2,AP,ANDHRA PRADESH,5
515425,XJA,XJA,ANANTAPUR,SOUTH2,AP,ANDHRA PRADESH,5
515445,TDI,TDI,TADIPATRI,SOUTH2,AP,ANDHRA PRADESH,5
515501,PTT,PTT,PUTTAPARTHY,SOUTH2,AP,ANDHRA PRADESH,5
515541,KDZ,KDZ,KADIRI,SOUTH2,AP,ANDHRA PRADESH,5
515551,KDZ,KDZ,KADIRI,SOUTH2,AP,ANDHRA PRADESH,5
515561,GTA,GTA,GORANTLA,SOUTH2,KN,KARNATAKA,5
515591,KDZ,KDZ,KADIRI,SOUTH2,AP,ANDHRA PRADESH,5
515631,DMV,DMV,DHARMAVARAM,SOUTH2,AP,ANDHRA PRADESH,5
515651,DMV,DMV,DHARMAVARAM,SOUTH2,AP,ANDHRA PRADESH,5
515671,DMV,DMV,DHARMAVARAM,SOUTH2,AP,ANDHRA PRADESH,5
515701,XJA,XJA,ANANTAPUR,SOUTH2,AP,ANDHRA PRADESH,5
515722,XJA,XJA,ANANTAPUR,SOUTH2,AP,ANDHRA PRADESH,5
515741,KYD,KYD,KALYANDURG,SOUTH2,AP,ANDHRA PRADESH,5
515761,KYD,KYD,KALYANDURG,SOUTH2,AP,ANDHRA PRADESH,5
515763,KYD,KYD,KALYANDURG,SOUTH2,AP,ANDHRA PRADESH,5
515767,KYD,KYD,KALYANDURG,SOUTH2,AP,ANDHRA PRADESH,5
515801,GTX,GTX,GUNTAKAL,SOUTH2,AP,ANDHRA PRADESH,5
515803,GTX,GTX,GUNTAKAL,SOUTH2,AP,ANDHRA PRADESH,5
515832,GTX,GTX,GUNTAKAL,SOUTH2,AP,ANDHRA PRADESH,5
515842,GTX,GTX,GUNTAKAL,SOUTH2,AP,ANDHRA PRADESH,5
515865,RDG,RDG,RAYADURG,SOUTH2,AP,ANDHRA PRADESH,5
515867,RDG,RDG,RAYADURG,SOUTH2,AP,ANDHRA PRADESH,5
516001,CUX,CUX,KADAPA,SOUTH1,AP,ANDHRA PRADESH,5
516002,CUX,CUX,KADAPA,SOUTH1,AP,ANDHRA PRADESH,5
516003,CUX,CUX,KADAPA,SOUTH1,AP,ANDHRA PRADESH,5
516004,CUX,CUX,KADAPA,SOUTH1,AP,ANDHRA PRADESH,5
516005,CUX,CUX,KADAPA,SOUTH1,AP,ANDHRA PRADESH,5
516101,RAK,RAK,RAILWAY KODUR,SOUTH1,AP,ANDHRA PRADESH,5
516104,RAP,RAP,RAJAMPET,SOUTH1,AP,ANDHRA PRADESH,5
516105,RAP,RAP,RAJAMPET,SOUTH1,AP,ANDHRA PRADESH,5
516107,RAP,RAP,RAJAMPET,SOUTH1,AP,ANDHRA PRADESH,5
516108,RAP,RAP,RAJAMPET,SOUTH1,AP,ANDHRA PRADESH,5
516110,RAP,RAP,RAJAMPET,SOUTH1,AP,ANDHRA PRADESH,5
516115,RAP,RAP,RAJAMPET,SOUTH1,AP,ANDHRA PRADESH,5
516126,RAP,RAP,RAJAMPET,SOUTH1,AP,ANDHRA PRADESH,5
516127,RAP,RAP,RAJAMPET,SOUTH1,AP,ANDHRA PRADESH,5
516128,RAP,RAP,RAJAMPET,SOUTH1,AP,ANDHRA PRADESH,5
516130,RCT,RCT,RAYACHOTY,SOUTH1,AP,ANDHRA PRADESH,5
516150,RAP,RAP,RAJAMPET,SOUTH1,AP,ANDHRA PRADESH,5
516151,RAP,RAP,RAJAMPET,SOUTH1,AP,ANDHRA PRADESH,5
516152,RAP,RAP,RAJAMPET,SOUTH1,AP,ANDHRA PRADESH,5
516162,CUX,CUX,KADAPA,SOUTH1,AP,ANDHRA PRADESH,5
516163,CUX,CUX,KADAPA,SOUTH1,AP,ANDHRA PRADESH,5
516172,XDP,XDP,PRODDATHUR,SOUTH1,AP,ANDHRA PRADESH,5
516193,BVL,BVL,BADVEL,SOUTH1,AP,ANDHRA PRADESH,5
516203,XDP,XDP,PRODDATHUR,SOUTH1,AP,ANDHRA PRADESH,5
516213,CUX,CUX,KADAPA,SOUTH1,AP,ANDHRA PRADESH,5
516214,RCT,RCT,RAYACHOTY,SOUTH1,AP,ANDHRA PRADESH,5
516215,RCT,RCT,RAYACHOTY,SOUTH1,AP,ANDHRA PRADESH,5
516216,CUX,CUX,KADAPA,SOUTH1,AP,ANDHRA PRADESH,5
516218,CUX,CUX,KADAPA,SOUTH1,AP,ANDHRA PRADESH,5
516227,BVL,BVL,BADVEL,SOUTH1,AP,ANDHRA PRADESH,5
516228,BVL,BVL,BADVEL,SOUTH1,AP,ANDHRA PRADESH,5
516233,BVL,BVL,BADVEL,SOUTH1,AP,ANDHRA PRADESH,5
516237,CUX,CUX,KADAPA,SOUTH1,AP,ANDHRA PRADESH,5
516247,CUX,CUX,KADAPA,SOUTH1,AP,ANDHRA PRADESH,5
516257,RCT,RCT,RAYACHOTY,SOUTH1,AP,ANDHRA PRADESH,5
516267,RCT,RCT,RAYACHOTY,SOUTH1,AP,ANDHRA PRADESH,5
516268,RCT,RCT,RAYACHOTY,SOUTH1,AP,ANDHRA PRADESH,5
516269,RCT,RCT,RAYACHOTY,SOUTH1,AP,ANDHRA PRADESH,5
516270,RCT,RCT,RAYACHOTY,SOUTH1,AP,ANDHRA PRADESH,5
516289,XDP,XDP,PRODDATHUR,SOUTH1,AP,ANDHRA PRADESH,5
516293,CUX,CUX,KADAPA,SOUTH1,AP,ANDHRA PRADESH,5
516309,XDP,XDP,PRODDATHUR,SOUTH1,AP,ANDHRA PRADESH,5
516310,XDP,XDP,PRODDATHUR,SOUTH1,AP,ANDHRA PRADESH,5
516311,XDP,XDP,PRODDATHUR,SOUTH1,AP,ANDHRA PRADESH,5
516312,XDP,XDP,PRODDATHUR,SOUTH1,AP,ANDHRA PRADESH,5
516321,PVD,PVD,PULIVENDULA,SOUTH1,AP,ANDHRA PRADESH,5
516329,PVD,PVD,PULIVENDULA,SOUTH1,AP,ANDHRA PRADESH,5
516339,XDP,XDP,PRODDATHUR,SOUTH1,AP,ANDHRA PRADESH,5
516349,PVD,PVD,PULIVENDULA,SOUTH1,AP,ANDHRA PRADESH,5
516350,PVD,PVD,PULIVENDULA,SOUTH1,AP,ANDHRA PRADESH,5
516355,XDP,XDP,PRODDATHUR,SOUTH1,AP,ANDHRA PRADESH,5
516359,XDP,XDP,PRODDATHUR,SOUTH1,AP,ANDHRA PRADESH,5
516360,XDP,XDP,PRODDATHUR,SOUTH1,AP,ANDHRA PRADESH,5
516361,XDP,XDP,PRODDATHUR,SOUTH1,AP,ANDHRA PRADESH,5
516362,XDP,XDP,PRODDATHUR,SOUTH1,AP,ANDHRA PRADESH,5
516366,XDP,XDP,PRODDATHUR,SOUTH1,AP,ANDHRA PRADESH,5
516390,PVA,PVA,PULIVENDULA,SOUTH1,AP,ANDHRA PRADESH,5
516391,PVA,PVA,PULIVENDULA,SOUTH1,AP,ANDHRA PRADESH,5
516396,PVD,PVD,PULIVENDULA,SOUTH1,AP,ANDHRA PRADESH,5
516401,PVD,PVD,PULIVENDULA,SOUTH1,AP,ANDHRA PRADESH,5
516421,PVD,PVD,PULIVENDULA,SOUTH1,AP,ANDHRA PRADESH,5
516434,XDP,XDP,PRODDATHUR,SOUTH1,AP,ANDHRA PRADESH,5
516454,PVD,PVD,PULIVENDULA,SOUTH1,AP,ANDHRA PRADESH,5
516501,BVL,BVL,BADVEL,SOUTH1,AP,ANDHRA PRADESH,5
516502,BVL,BVL,BADVEL,SOUTH1,AP,ANDHRA PRADESH,5
516504,RCT,RCT,RAYACHOTY,SOUTH1,AP,ANDHRA PRADESH,5
516505,BVL,BVL,BADVEL,SOUTH1,AP,ANDHRA PRADESH,5
517001,CHT,CHT,CHITTOOR,SOUTH1,AP,ANDHRA PRADESH,5
517002,CHT,CHT,CHITTOOR,SOUTH1,AP,ANDHRA PRADESH,5
517003,CHT,CHT,CHITTOOR,SOUTH1,AP,ANDHRA PRADESH,5
517004,CHT,CHT,CHITTOOR,SOUTH1,AP,ANDHRA PRADESH,5
517101,TPT,TPI,TIRUPATI OFFICE,SOUTH1,AP,ANDHRA PRADESH,5
517102,TPT,TPI,TIRUPATI OFFICE,SOUTH1,AP,ANDHRA PRADESH,5
517112,CHT,CHT,CHITTOOR,SOUTH1,AP,ANDHRA PRADESH,5
517113,PIU,PIU,PILERU,SOUTH1,AP,ANDHRA PRADESH,5
517123,PIU,PIU,PILERU,SOUTH1,AP,ANDHRA PRADESH,5
517124,CHT,CHT,CHITTOOR,SOUTH1,AP,ANDHRA PRADESH,5
517125,CHT,CHT,CHITTOOR,SOUTH1,AP,ANDHRA PRADESH,5
517126,CHT,CHT,CHITTOOR,SOUTH1,AP,ANDHRA PRADESH,5
517127,CHT,CHT,CHITTOOR,SOUTH1,AP,ANDHRA PRADESH,5
517128,CHT,CHT,CHITTOOR,SOUTH1,AP,ANDHRA PRADESH,5
517129,CHT,CHT,CHITTOOR,SOUTH1,AP,ANDHRA PRADESH,5
517130,CHT,CHT,CHITTOOR,SOUTH1,AP,ANDHRA PRADESH,5
517131,CHT,CHT,CHITTOOR,SOUTH1,AP,ANDHRA PRADESH,5
517132,CHT,CHT,CHITTOOR,SOUTH1,AP,ANDHRA PRADESH,5
517143,CHT,CHT,CHITTOOR,SOUTH1,AP,ANDHRA PRADESH,5
517152,PIU,PIU,PILERU,SOUTH1,AP,ANDHRA PRADESH,5
517167,CHT,CHT,CHITTOOR,SOUTH1,AP,ANDHRA PRADESH,5
517192,PIU,PIU,PILERU,SOUTH1,AP,ANDHRA PRADESH,5
517193,PIU,PIU,PILERU,SOUTH1,AP,ANDHRA PRADESH,5
517214,PIU,PIU,PILERU,SOUTH1,AP,ANDHRA PRADESH,5
517234,PIU,PIU,PILERU,SOUTH1,AP,ANDHRA PRADESH,5
517247,PMN,PMN,PALAMANER REACH,SOUTH1,AP,ANDHRA PRADESH,5
517305,RCT,RCT,RAYACHOTY,SOUTH1,AP,ANDHRA PRADESH,5
517403,CHT,CHT,CHITTOOR,SOUTH1,AP,ANDHRA PRADESH,5
517408,PMN,PMN,PALAMANER REACH,SOUTH1,AP,ANDHRA PRADESH,5
517415,PMN,PMN,PALAMANER REACH,SOUTH1,AP,ANDHRA PRADESH,5
517416,CHT,CHT,CHITTOOR,SOUTH1,AP,ANDHRA PRADESH,5
517419,CHT,CHT,CHITTOOR,SOUTH1,AP,ANDHRA PRADESH,5
517421,CHT,CHT,CHITTOOR,SOUTH1,AP,ANDHRA PRADESH,5
517422,CHT,CHT,CHITTOOR,SOUTH1,AP,ANDHRA PRADESH,5
517429,PMN,PMN,PALAMANER REACH,SOUTH1,AP,ANDHRA PRADESH,5
517501,TPT,TPI,TIRUPATI OFFICE,SOUTH1,AP,ANDHRA PRADESH,5
517502,TPT,TPI,TIRUPATI OFFICE,SOUTH1,AP,ANDHRA PRADESH,5
517503,TPT,TPI,TIRUPATI OFFICE,SOUTH1,AP,ANDHRA PRADESH,5
517504,TPT,TPI,TIRUPATI OFFICE,SOUTH1,AP,ANDHRA PRADESH,5
517505,TPT,TPI,TIRUPATI OFFICE,SOUTH1,AP,ANDHRA PRADESH,5
517506,TPT,TPI,TIRUPATI OFFICE,SOUTH1,AP,ANDHRA PRADESH,5
517507,TPT,TPI,TIRUPATI OFFICE,SOUTH1,AP,ANDHRA PRADESH,5
517520,TPT,TPI,TIRUPATI OFFICE,SOUTH1,AP,ANDHRA PRADESH,5
517526,TPT,TPI,TIRUPATI OFFICE,SOUTH1,AP,ANDHRA PRADESH,5
517536,KHS,KHS,SRIKALAHASTI REACH,SOUTH1,AP,ANDHRA PRADESH,5
517541,KHS,KHS,SRIKALAHASTI REACH,SOUTH1,AP,ANDHRA PRADESH,5
517551,TPT,TPI,TIRUPATI OFFICE,SOUTH1,AP,ANDHRA PRADESH,5
517561,TPT,TPI,TIRUPATI OFFICE,SOUTH1,AP,ANDHRA PRADESH,5
517569,TPT,TPI,TIRUPATI OFFICE,SOUTH1,AP,ANDHRA PRADESH,5
517571,TPT,TPI,TIRUPATI OFFICE,SOUTH1,AP,ANDHRA PRADESH,5
517581,NGI,NGI,NAGARI,SOUTH1,AP,ANDHRA PRADESH,5
517582,NGI,NGI,NAGARI,SOUTH1,AP,ANDHRA PRADESH,5
517583,NGI,NGI,NAGARI,SOUTH1,AP,ANDHRA PRADESH,5
517584,NGI,NGI,NAGARI,SOUTH1,AP,ANDHRA PRADESH,5
517586,NGI,NGI,NAGARI,SOUTH1,AP,ANDHRA PRADESH,5
517587,NGI,NGI,NAGARI,SOUTH1,AP,ANDHRA PRADESH,5
517588,SCT,SCT,SRICITY,SOUTH1,AP,ANDHRA PRADESH,5
517589,NGI,NGI,NAGARI,SOUTH1,AP,ANDHRA PRADESH,5
517590,NGI,NGI,NAGARI,SOUTH1,AP,ANDHRA PRADESH,5
517591,NGI,NGI,NAGARI,SOUTH1,AP,ANDHRA PRADESH,5
517592,NGI,NGI,NAGARI,SOUTH1,AP,ANDHRA PRADESH,5
517599,SOG,SOG,SHOLINGHUR,SOUTH1,TN,TAMILNADU,5
517640,KHT,KHT,SRIKALAHASTI,SOUTH1,AP,ANDHRA PRADESH,5
517641,KHS,KHS,SRIKALAHASTI REACH,SOUTH1,AP,ANDHRA PRADESH,5
517643,KHS,KHS,SRIKALAHASTI REACH,SOUTH1,AP,ANDHRA PRADESH,5
517644,KHT,KHT,SRIKALAHASTI,SOUTH1,AP,ANDHRA PRADESH,5
517645,KHS,KHS,SRIKALAHASTI REACH,SOUTH1,AP,ANDHRA PRADESH,5
517646,SCT,SCT,SRICITY,SOUTH1,AP,ANDHRA PRADESH,5
518001,KUJ,KUJ,KURNOOL JUNCTION,SOUTH1,AP,ANDHRA PRADESH,5
518002,KUJ,KUJ,KURNOOL JUNCTION,SOUTH1,AP,ANDHRA PRADESH,5
518003,KUJ,KUJ,KURNOOL JUNCTION,SOUTH1,AP,ANDHRA PRADESH,5
518004,KUJ,KUJ,KURNOOL JUNCTION,SOUTH1,AP,ANDHRA PRADESH,5
518005,KUJ,KUJ,KURNOOL JUNCTION,SOUTH1,AP,ANDHRA PRADESH,5
518006,KUZ,KUZ,KURNOOL REACH,SOUTH1,AP,ANDHRA PRADESH,5
518007,KUZ,KUZ,KURNOOL REACH,SOUTH1,AP,ANDHRA PRADESH,5
518010,KUZ,KUZ,KURNOOL REACH,SOUTH1,AP,ANDHRA PRADESH,5
518301,ADQ,ADQ,ADONI,SOUTH1,AP,ANDHRA PRADESH,5
518360,YGU,YGU,YEMMIGANUR REACH,SOUTH1,AP,ANDHRA PRADESH,5
518422,ATM,ATM,ATMAKUR,SOUTH1,AP,ANDHRA PRADESH,5
518501,NAX,NAX,NANDYAL,SOUTH1,AP,ANDHRA PRADESH,5
518502,NAX,NAX,NANDYAL,SOUTH1,AP,ANDHRA PRADESH,5
518543,AGD,AGD,ALLAGADDA,SOUTH1,AP,ANDHRA PRADESH,5
520001,VIJ,VJA,VIJAYAWADA,SOUTH1,AP,ANDHRA PRADESH,5
520002,VIJ,VJC,VIJAYAWADA COUNTER,SOUTH1,AP,ANDHRA PRADESH,5
520003,VIJ,VJA,VIJAYAWADA,SOUTH1,AP,ANDHRA PRADESH,5
520004,VIJ,VJA,VIJAYAWADA,SOUTH1,AP,ANDHRA PRADESH,5
520005,VIJ,VJA,VIJAYAWADA,SOUTH1,AP,ANDHRA PRADESH,5
520006,VIJ,PMA,PATAMATA SERVICE CENTRE,SOUTH1,AP,ANDHRA PRADESH,5
520007,VIJ,PMA,PATAMATA SERVICE CENTRE,SOUTH1,AP,ANDHRA PRADESH,5
520008,VIJ,PMA,PATAMATA SERVICE CENTRE,SOUTH1,AP,ANDHRA PRADESH,5
520009,VIJ,VJA,VIJAYAWADA,SOUTH1,AP,ANDHRA PRADESH,5
520010,VIJ,VJA,VIJAYAWADA,SOUTH1,AP,ANDHRA PRADESH,5
520011,VIJ,VJA,VIJAYAWADA,SOUTH1,AP,ANDHRA PRADESH,5
520012,VIJ,VJA,VIJAYAWADA,SOUTH1,AP,ANDHRA PRADESH,5
520013,VIJ,VJA,VIJAYAWADA,SOUTH1,AP,ANDHRA PRADESH,5
520014,VIJ,VJA,VIJAYAWADA,SOUTH1,AP,ANDHRA PRADESH,5
520015,VIJ,VJA,VIJAYAWADA,SOUTH1,AP,ANDHRA PRADESH,5
521001,MLM,MLM,MACHILIPATNAM,SOUTH1,AP,ANDHRA PRADESH,5
521002,MLM,MLM,MACHILIPATNAM,SOUTH1,AP,ANDHRA PRADESH,5
521101,GNV,GNV,GANNAVARAM,SOUTH1,AP,ANDHRA PRADESH,5
521104,CLQ,CLQ,CHALLAPALLI REACH,SOUTH1,AP,ANDHRA PRADESH,5
521105,HJU,HJU,HANUMAN JUNCTION REACH,SOUTH1,AP,ANDHRA PRADESH,5
521108,VIJ,EKP,ENIKEPADU,SOUTH1,AP,ANDHRA PRADESH,5
521109,HJU,HJU,HANUMAN JUNCTION REACH,SOUTH1,AP,ANDHRA PRADESH,5
521110,HJU,HJU,HANUMAN JUNCTION REACH,SOUTH1,AP,ANDHRA PRADESH,5
521121,AVG,AVG,AVANIGADDA REACH,SOUTH1,AP,ANDHRA PRADESH,5
521137,PKE,PKE,PORANKI REACH,SOUTH1,AP,ANDHRA PRADESH,5
521139,PKE,PKE,PORANKI REACH,SOUTH1,AP,ANDHRA PRADESH,5
521151,CLQ,CLQ,CHALLAPALLI REACH,SOUTH1,AP,ANDHRA PRADESH,5
521165,PMM,PMM,PAMARRU,SOUTH1,AP,ANDHRA PRADESH,5
521175,JGP,JGP,JAGGAIAHPET,SOUTH1,AP,ANDHRA PRADESH,5
521185,NDG,NDG,NANDIGAMA,SOUTH1,AP,ANDHRA PRADESH,5
521201,NUZ,NUZ,NUZVID,SOUTH1,AP,ANDHRA PRADESH,5
521202,NUZ,NUZ,NUZVID,SOUTH1,AP,ANDHRA PRADESH,5
521215,NUF,NUF,NUZIVIDU REACH,SOUTH1,AP,ANDHRA PRADESH,5
521225,VIJ,VJA,VIJAYAWADA,SOUTH1,AP,ANDHRA PRADESH,5
521230,NUF,NUF,NUZIVIDU REACH,SOUTH1,AP,ANDHRA PRADESH,5
521286,HJU,HJU,HANUMAN JUNCTION REACH,SOUTH1,AP,ANDHRA PRADESH,5
521301,GWF,GWF,GUDIWADA REACH,SOUTH1,AP,ANDHRA PRADESH,5
521456,IBP,IBP,IBRAHIMPATAM,SOUTH1,AP,ANDHRA PRADESH,5
522001,GUN,GTU,GUNTUR,SOUTH1,AP,ANDHRA PRADESH,5
522002,GUN,GTU,GUNTUR,SOUTH1,AP,ANDHRA PRADESH,5
522003,GUN,GTU,GUNTUR,SOUTH1,AP,ANDHRA PRADESH,5
522004,GUN,GTU,GUNTUR,SOUTH1,AP,ANDHRA PRADESH,5
522005,GUN,GTU,GUNTUR,SOUTH1,AP,ANDHRA PRADESH,5
522006,GUN,GTU,GUNTUR,SOUTH1,AP,ANDHRA PRADESH,5
522007,GUN,GTU,GUNTUR,SOUTH1,AP,ANDHRA PRADESH,5
522009,GUN,GTU,GUNTUR,SOUTH1,AP,ANDHRA PRADESH,5
522022,GUN,GTU,GUNTUR,SOUTH1,AP,ANDHRA PRADESH,5
522034,GUN,GTU,GUNTUR,SOUTH1,AP,ANDHRA PRADESH,5
522101,BAP,BAP,BAPATLA,SOUTH1,AP,ANDHRA PRADESH,5
522102,BAP,BAP,BAPATLA,SOUTH1,AP,ANDHRA PRADESH,5
522124,POF,POF,PONNUR REACH,SOUTH1,AP,ANDHRA PRADESH,5
522201,TLI,TLI,TENALI,SOUTH1,AP,ANDHRA PRADESH,5
522202,TLI,TLI,TENALI,SOUTH1,AP,ANDHRA PRADESH,5
522262,REP,REP,REPALLE REACH,SOUTH1,AP,ANDHRA PRADESH,5
522263,REP,REP,REPALLE REACH,SOUTH1,AP,ANDHRA PRADESH,5
522265,REP,REP,REPALLE REACH,SOUTH1,AP,ANDHRA PRADESH,5
522314,REP,REP,REPALLE REACH,SOUTH1,AP,ANDHRA PRADESH,5
522403,SAF,SAF,SATTENAPALLI REACH,SOUTH1,AP,ANDHRA PRADESH,5
522413,PGF,PGF,PIDUGURALLA REACH,SOUTH1,AP,ANDHRA PRADESH,5
522501,TAP,TAP,TADEPALLI,SOUTH1,AP,ANDHRA PRADESH,5
522502,TAP,TAP,TADEPALLI,SOUTH1,AP,ANDHRA PRADESH,5
522503,MGL,MGL,MANGALGIRI,SOUTH1,AP,ANDHRA PRADESH,5
522509,GUN,GTU,GUNTUR,SOUTH1,AP,ANDHRA PRADESH,5
522510,MGL,MGL,MANGALGIRI,SOUTH1,AP,ANDHRA PRADESH,5
522601,NAT,NAT,NARSARAOPET,SOUTH1,AP,ANDHRA PRADESH,5
522614,PGF,PGF,PIDUGURALLA REACH,SOUTH1,AP,ANDHRA PRADESH,5
522647,VNK,VNK,VINUKONDA,SOUTH1,AP,ANDHRA PRADESH,5
523001,OGF,OGF,ONGOLE REACH,SOUTH1,AP,ANDHRA PRADESH,5
523002,OGF,OGF,ONGOLE REACH,SOUTH1,AP,ANDHRA PRADESH,5
523115,KVI,KVI,KAVALI,SOUTH1,AP,ANDHRA PRADESH,5
523155,CLA,CLA,CHIRALA,SOUTH1,AP,ANDHRA PRADESH,5
523157,CLA,CLA,CHIRALA,SOUTH1,AP,ANDHRA PRADESH,5
523201,MPV,MPV,MUPPAVARAM REACH,SOUTH1,AP,ANDHRA PRADESH,5
523211,OGF,OGF,ONGOLE REACH,SOUTH1,AP,ANDHRA PRADESH,5
523247,DRF,DRF,DARSI REACH,SOUTH1,AP,ANDHRA PRADESH,5
523262,OGF,OGF,ONGOLE REACH,SOUTH1,AP,ANDHRA PRADESH,5
523274,OGF,OGF,ONGOLE REACH,SOUTH1,AP,ANDHRA PRADESH,5
523301,PCF,PCF,PARCHOOR REACH,SOUTH1,AP,ANDHRA PRADESH,5
523316,MRF,MRF,MARKAPUR REACH,SOUTH1,AP,ANDHRA PRADESH,5
523333,CUM,CUM,CUMBUM,SOUTH1,AP,ANDHRA PRADESH,5
524001,RLN,RLN,NELLORE,SOUTH1,AP,ANDHRA PRADESH,5
524002,RLN,RLN,NELLORE,SOUTH1,AP,ANDHRA PRADESH,5
524003,RLN,RLN,NELLORE,SOUTH1,AP,ANDHRA PRADESH,5
524004,RLN,RLN,NELLORE,SOUTH1,AP,ANDHRA PRADESH,5
524005,RLN,RLN,NELLORE,SOUTH1,AP,ANDHRA PRADESH,5
524101,GUX,GUX,GUDUR,SOUTH1,AP,ANDHRA PRADESH,5
524121,SUT,SUT,SULLURPETA,SOUTH1,AP,ANDHRA PRADESH,5
524126,NVY,NVY,NAYUDUPET,SOUTH1,AP,ANDHRA PRADESH,5
524129,KHS,KHS,SRIKALAHASTI REACH,SOUTH1,AP,ANDHRA PRADESH,5
524137,RUP,RUP,RAJUPALEM REACH,SOUTH1,AP,ANDHRA PRADESH,5
524142,KVI,KVI,KAVALI,SOUTH1,AP,ANDHRA PRADESH,5
524152,KVI,KVI,KAVALI,SOUTH1,AP,ANDHRA PRADESH,5
524201,KVI,KVI,KAVALI,SOUTH1,AP,ANDHRA PRADESH,5
524202,KVI,KVI,KAVALI,SOUTH1,AP,ANDHRA PRADESH,5
524203,KVI,KVI,KAVALI,SOUTH1,AP,ANDHRA PRADESH,5
524221,VJM,VJM,VINJAMUR REACH,SOUTH1,AP,ANDHRA PRADESH,5
524222,VJM,VJM,VINJAMUR REACH,SOUTH1,AP,ANDHRA PRADESH,5
524223,KVI,KVI,KAVALI,SOUTH1,AP,ANDHRA PRADESH,5
524224,VJM,VJM,VINJAMUR REACH,SOUTH1,AP,ANDHRA PRADESH,5
524227,VJM,VJM,VINJAMUR REACH,SOUTH1,AP,ANDHRA PRADESH,5
524228,VJM,VJM,VINJAMUR REACH,SOUTH1,AP,ANDHRA PRADESH,5
524230,VJM,VJM,VINJAMUR REACH,SOUTH1,AP,ANDHRA PRADESH,5
524234,AMK,AMK,ATMAKUR REACH,SOUTH1,AP,ANDHRA PRADESH,5
524239,VJM,VJM,VINJAMUR REACH,SOUTH1,AP,ANDHRA PRADESH,5
524240,RUP,RUP,RAJUPALEM REACH,SOUTH1,AP,ANDHRA PRADESH,5
524301,AMK,AMK,ATMAKUR REACH,SOUTH1,AP,ANDHRA PRADESH,5
524303,AMK,AMK,ATMAKUR REACH,SOUTH1,AP,ANDHRA PRADESH,5
524304,AMK,AMK,ATMAKUR REACH,SOUTH1,AP,ANDHRA PRADESH,5
524305,RLN,RLN,NELLORE,SOUTH1,AP,ANDHRA PRADESH,5
524307,AMK,AMK,ATMAKUR REACH,SOUTH1,AP,ANDHRA PRADESH,5
524308,AMK,AMK,ATMAKUR REACH,SOUTH1,AP,ANDHRA PRADESH,5
524309,AMK,AMK,ATMAKUR REACH,SOUTH1,AP,ANDHRA PRADESH,5
524311,RLN,RLN,NELLORE,SOUTH1,AP,ANDHRA PRADESH,5
524313,RLN,RLN,NELLORE,SOUTH1,AP,ANDHRA PRADESH,5
524315,RUP,RUP,RAJUPALEM REACH,SOUTH1,AP,ANDHRA PRADESH,5
524316,RUP,RUP,RAJUPALEM REACH,SOUTH1,AP,ANDHRA PRADESH,5
524317,RUP,RUP,RAJUPALEM REACH,SOUTH1,AP,ANDHRA PRADESH,5
524318,RUP,RUP,RAJUPALEM REACH,SOUTH1,AP,ANDHRA PRADESH,5
524319,RUP,RUP,RAJUPALEM REACH,SOUTH1,AP,ANDHRA PRADESH,5
524320,RLN,RLN,NELLORE,SOUTH1,AP,ANDHRA PRADESH,5
524322,AMK,AMK,ATMAKUR REACH,SOUTH1,AP,ANDHRA PRADESH,5
524341,AMK,AMK,ATMAKUR REACH,SOUTH1,AP,ANDHRA PRADESH,5
524344,RLN,RLN,NELLORE,SOUTH1,AP,ANDHRA PRADESH,5
524346,RLN,RLN,NELLORE,SOUTH1,AP,ANDHRA PRADESH,5
524366,RUP,RUP,RAJUPALEM REACH,SOUTH1,AP,ANDHRA PRADESH,5
524401,SUT,SUT,SULLURPETA,SOUTH1,AP,ANDHRA PRADESH,5
524405,GUD,GUD,GUDUR REACH,SOUTH1,AP,ANDHRA PRADESH,5
524410,GUD,GUD,GUDUR REACH,SOUTH1,AP,ANDHRA PRADESH,5
524411,GUD,GUD,GUDUR REACH,SOUTH1,AP,ANDHRA PRADESH,5
524412,GUD,GUD,GUDUR REACH,SOUTH1,AP,ANDHRA PRADESH,5
524413,GUD,GUD,GUDUR REACH,SOUTH1,AP,ANDHRA PRADESH,5
524415,GUD,GUD,GUDUR REACH,SOUTH1,AP,ANDHRA PRADESH,5
524421,NVY,NVY,NAYUDUPET,SOUTH1,AP,ANDHRA PRADESH,5
530001,VZG,VSP,VISHAKAPATNAM,SOUTH1,AP,ANDHRA PRADESH,5
530002,VZG,VSP,VISHAKAPATNAM,SOUTH1,AP,ANDHRA PRADESH,5
530003,VZG,MVP,MUVVALAVANIPALEM,SOUTH1,AP,ANDHRA PRADESH,5
530004,VZG,VSP,VISHAKAPATNAM,SOUTH1,AP,ANDHRA PRADESH,5
530005,VZG,GWK,GAJUWAKA,SOUTH1,AP,ANDHRA PRADESH,5
530006,VZG,NKR,NAD KOTHA ROAD,SOUTH1,AP,ANDHRA PRADESH,5
530007,VZG,NKR,NAD KOTHA ROAD,SOUTH1,AP,ANDHRA PRADESH,5
530008,VZG,NKR,NAD KOTHA ROAD,SOUTH1,AP,ANDHRA PRADESH,5
530009,VZG,NKR,NAD KOTHA ROAD,SOUTH1,AP,ANDHRA PRADESH,5
530010,VZG,MVP,MUVVALAVANIPALEM,SOUTH1,AP,ANDHRA PRADESH,5
530011,VZG,GWK,GAJUWAKA,SOUTH1,AP,ANDHRA PRADESH,5
530012,VZG,GWK,GAJUWAKA,SOUTH1,AP,ANDHRA PRADESH,5
530013,VZG,MVP,MUVVALAVANIPALEM,SOUTH1,AP,ANDHRA PRADESH,5
530014,VZG,GWK,GAJUWAKA,SOUTH1,AP,ANDHRA PRADESH,5
530015,VZG,GWK,GAJUWAKA,SOUTH1,AP,ANDHRA PRADESH,5
530016,VZG,VSP,VISHAKAPATNAM,SOUTH1,AP,ANDHRA PRADESH,5
530017,VZG,MVP,MUVVALAVANIPALEM,SOUTH1,AP,ANDHRA PRADESH,5
530018,VZG,NKR,NAD KOTHA ROAD,SOUTH1,AP,ANDHRA PRADESH,5
530020,VZG,VSP,VISHAKAPATNAM,SOUTH1,AP,ANDHRA PRADESH,5
530021,VZG,VSP,VISHAKAPATNAM,SOUTH1,AP,ANDHRA PRADESH,5
530022,VZG,MVP,MUVVALAVANIPALEM,SOUTH1,AP,ANDHRA PRADESH,5
530023,VZG,MVP,MUVVALAVANIPALEM,SOUTH1,AP,ANDHRA PRADESH,5
530024,VZG,VSP,VISHAKAPATNAM,SOUTH1,AP,ANDHRA PRADESH,5
530025,VZG,GWK,GAJUWAKA,SOUTH1,AP,ANDHRA PRADESH,5
530026,VZG,GWK,GAJUWAKA,SOUTH1,AP,ANDHRA PRADESH,5
530027,VZG,NKR,NAD KOTHA ROAD,SOUTH1,AP,ANDHRA PRADESH,5
530028,VZG,NKR,NAD KOTHA ROAD,SOUTH1,AP,ANDHRA PRADESH,5
530029,VZG,NKR,NAD KOTHA ROAD,SOUTH1,AP,ANDHRA PRADESH,5
530032,PWA,PWD,PARWADA,SOUTH1,AP,ANDHRA PRADESH,5
530035,VZG,VSP,VISHAKAPATNAM,SOUTH1,AP,ANDHRA PRADESH,5
530037,VZG,NKR,NAD KOTHA ROAD,SOUTH1,AP,ANDHRA PRADESH,5
530040,VZG,MVP,MUVVALAVANIPALEM,SOUTH1,AP,ANDHRA PRADESH,5
530041,VZG,MVP,MUVVALAVANIPALEM,SOUTH1,AP,ANDHRA PRADESH,5
530042,MDF,MDF,MADHURAWADA REACH,SOUTH1,AP,ANDHRA PRADESH,5
530043,VZG,MVP,MUVVALAVANIPALEM,SOUTH1,AP,ANDHRA PRADESH,5
530044,VZG,GWK,GAJUWAKA,SOUTH1,AP,ANDHRA PRADESH,5
530045,MDF,MDF,MADHURAWADA REACH,SOUTH1,AP,ANDHRA PRADESH,5
530046,PWA,PWD,PARWADA,SOUTH1,AP,ANDHRA PRADESH,5
530047,VZG,NKR,NAD KOTHA ROAD,SOUTH1,AP,ANDHRA PRADESH,5
530048,QTF,QTF,KOTTURU REACH,SOUTH1,AP,ANDHRA PRADESH,5
530049,GJX,GJX,GAJUWAKA REACH,SOUTH1,AP,ANDHRA PRADESH,5
530051,VZG,NKR,NAD KOTHA ROAD,SOUTH1,AP,ANDHRA PRADESH,5
530053,GJX,GJX,GAJUWAKA REACH,SOUTH1,AP,ANDHRA PRADESH,5
531001,ANP,ANP,ANAKAPALLE,SOUTH1,AP,ANDHRA PRADESH,5
531011,VZG,ACT,ATCHUTAPURAM,SOUTH1,AP,ANDHRA PRADESH,5
531019,PWA,PWD,PARWADA,SOUTH1,AP,ANDHRA PRADESH,5
531020,PWA,PWD,PARWADA,SOUTH1,AP,ANDHRA PRADESH,5
531021,PWA,PWD,PARWADA,SOUTH1,AP,ANDHRA PRADESH,5
531033,VZG,ACT,ATCHUTAPURAM,SOUTH1,AP,ANDHRA PRADESH,5
531061,VZG,ACT,ATCHUTAPURAM,SOUTH1,AP,ANDHRA PRADESH,5
531116,NRF,NRF,NARSIPATNAM REACH,SOUTH1,AP,ANDHRA PRADESH,5
531126,TUU,TUU,TUNI,SOUTH1,AP,ANDHRA PRADESH,5
531162,GJF,GJF,GAJAPATHINAGARAM REACH,SOUTH1,AP,ANDHRA PRADESH,5
531163,GJF,GJF,GAJAPATHINAGARAM REACH,SOUTH1,AP,ANDHRA PRADESH,5
531173,PDT,PDT,PENDURTHY,SOUTH1,AP,ANDHRA PRADESH,5
532001,SKM,SKM,SRIKAKULAM,SOUTH1,AP,ANDHRA PRADESH,5
532005,SKM,SKM,SRIKAKULAM,SOUTH1,AP,ANDHRA PRADESH,5
532127,GRV,GRV,GARIVIDI REACH,SOUTH1,AP,ANDHRA PRADESH,5
532185,AAF,AAF,AMADALAVALASA REACH,SOUTH1,AP,ANDHRA PRADESH,5
532195,TEQ,TEQ,TEKKALI REACH,SOUTH1,AP,ANDHRA PRADESH,5
532201,TEQ,TEQ,TEKKALI REACH,SOUTH1,AP,ANDHRA PRADESH,5
532212,TEQ,TEQ,TEKKALI REACH,SOUTH1,AP,ANDHRA PRADESH,5
532221,PLS,PLS,PALASA,SOUTH1,AP,ANDHRA PRADESH,5
532222,PLS,PLS,PALASA,SOUTH1,AP,ANDHRA PRADESH,5
532405,AAF,AAF,AMADALAVALASA REACH,SOUTH1,AP,ANDHRA PRADESH,5
532406,AAF,AAF,AMADALAVALASA REACH,SOUTH1,AP,ANDHRA PRADESH,5
532409,PYD,PYD,PYDIBHEEMAVARAM,SOUTH1,AP,ANDHRA PRADESH,5
532421,AAF,AAF,AMADALAVALASA REACH,SOUTH1,AP,ANDHRA PRADESH,5
532464,YIN,YIN,YANAM,SOUTH1,AP,ANDHRA PRADESH,5
533001,KAK,KID,KAKINADA,SOUTH1,AP,ANDHRA PRADESH,5
533002,KAK,KID,KAKINADA,SOUTH1,AP,ANDHRA PRADESH,5
533003,KAK,KID,KAKINADA,SOUTH1,AP,ANDHRA PRADESH,5
533004,KAK,KID,KAKINADA,SOUTH1,AP,ANDHRA PRADESH,5
533005,KAK,KID,KAKINADA,SOUTH1,AP,ANDHRA PRADESH,5
533006,KAK,KID,KAKINADA,SOUTH1,AP,ANDHRA PRADESH,5
533007,KAK,KID,KAKINADA,SOUTH1,AP,ANDHRA PRADESH,5
533008,KAK,KID,KAKINADA,SOUTH1,AP,ANDHRA PRADESH,5
533016,KAK,KID,KAKINADA,SOUTH1,AP,ANDHRA PRADESH,5
533101,RJY,RJY,RAJAHMAHENDRAVARAM,SOUTH1,AP,ANDHRA PRADESH,5
533102,RJN,RJN,RAJANAGARAM REACH,SOUTH1,AP,ANDHRA PRADESH,5
533103,RJY,RJY,RAJAHMAHENDRAVARAM,SOUTH1,AP,ANDHRA PRADESH,5
533104,RJY,RJY,RAJAHMAHENDRAVARAM,SOUTH1,AP,ANDHRA PRADESH,5
533105,RJY,RJY,RAJAHMAHENDRAVARAM,SOUTH1,AP,ANDHRA PRADESH,5
533106,RJY,RJY,RAJAHMAHENDRAVARAM,SOUTH1,AP,ANDHRA PRADESH,5
533107,KIY,KIY,KADIYAM REACH,SOUTH1,AP,ANDHRA PRADESH,5
533125,KIY,KIY,KADIYAM REACH,SOUTH1,AP,ANDHRA PRADESH,5
533126,KIY,KIY,KADIYAM REACH,SOUTH1,AP,ANDHRA PRADESH,5
533216,MMU,MMU,MUMMIDIVARAM REACH,SOUTH1,AP,ANDHRA PRADESH,5
533242,MMU,MMU,MUMMIDIVARAM REACH,SOUTH1,AP,ANDHRA PRADESH,5
533291,RJN,RJN,RAJANAGARAM REACH,SOUTH1,AP,ANDHRA PRADESH,5
533294,RJN,RJN,RAJANAGARAM REACH,SOUTH1,AP,ANDHRA PRADESH,5
533296,RJN,RJN,RAJANAGARAM REACH,SOUTH1,AP,ANDHRA PRADESH,5
533342,APH,APH,ANAPARTHI,SOUTH1,AP,ANDHRA PRADESH,5
533345,APH,APH,ANAPARTHI,SOUTH1,AP,ANDHRA PRADESH,5
533346,APH,APH,ANAPARTHI,SOUTH1,AP,ANDHRA PRADESH,5
533401,TUU,TUU,TUNI,SOUTH1,AP,ANDHRA PRADESH,5
533406,PTY,PTY,PITHAPURAM REACH,SOUTH1,AP,ANDHRA PRADESH,5
533444,KAU,KAU,KATTIPUDI,SOUTH1,AP,ANDHRA PRADESH,5
533445,PTY,PTY,PITHAPURAM REACH,SOUTH1,AP,ANDHRA PRADESH,5
533450,PTY,PTY,PITHAPURAM REACH,SOUTH1,AP,ANDHRA PRADESH,5
533464,YIN,YIN,YANAM,SOUTH1,AP,ANDHRA PRADESH,5
534001,ELF,ELF,ELURU REACH,SOUTH1,AP,ANDHRA PRADESH,5
534002,ELU,ELU,ELURU,SOUTH1,AP,ANDHRA PRADESH,5
534003,ELU,ELU,ELURU,SOUTH1,AP,ANDHRA PRADESH,5
534005,ELF,ELF,ELURU REACH,SOUTH1,AP,ANDHRA PRADESH,5
534006,ELU,ELU,ELURU,SOUTH1,AP,ANDHRA PRADESH,5
534007,ELF,ELF,ELURU REACH,SOUTH1,AP,ANDHRA PRADESH,5
534101,TPQ,TPQ,TADEPALLIGUDEM REACH,SOUTH1,AP,ANDHRA PRADESH,5
534102,TPQ,TPQ,TADEPALLIGUDEM REACH,SOUTH1,AP,ANDHRA PRADESH,5
534201,BMW,BMW,BHIMAVARAM,SOUTH1,AP,ANDHRA PRADESH,5
534202,BMW,BMW,BHIMAVARAM,SOUTH1,AP,ANDHRA PRADESH,5
534203,BMW,BMW,BHIMAVARAM,SOUTH1,AP,ANDHRA PRADESH,5
534204,BMW,BMW,BHIMAVARAM,SOUTH1,AP,ANDHRA PRADESH,5
534211,TAN,TAN,TANUKU,SOUTH1,AP,ANDHRA PRADESH,5
534260,PLZ,PLZ,PALAKOLLU REACH,SOUTH1,AP,ANDHRA PRADESH,5
534275,NSP,NSP,NARSAPUR,SOUTH1,AP,ANDHRA PRADESH,5
534301,NDV,NDV,NIDADAVOLE REACH,SOUTH1,AP,ANDHRA PRADESH,5
534350,NDV,NDV,NIDADAVOLE REACH,SOUTH1,AP,ANDHRA PRADESH,5
534460,STP,STP,SATHUPALLI REACH,SOUTH1,TL,TELANGANA,5
535001,VZM,VZM,VIZIANAGARAM,SOUTH1,AP,ANDHRA PRADESH,5
535002,VZN,VZN,VIZIANAGARAM TOWN 2,SOUTH1,AP,ANDHRA PRADESH,5
535101,GRV,GRV,GARIVIDI REACH,SOUTH1,AP,ANDHRA PRADESH,5
535128,GRV,GRV,GARIVIDI REACH,SOUTH1,AP,ANDHRA PRADESH,5
535204,PYD,PYD,PYDIBHEEMAVARAM,SOUTH1,AP,ANDHRA PRADESH,5
535217,GRV,GRV,GARIVIDI REACH,SOUTH1,AP,ANDHRA PRADESH,5
535501,PRF,PRF,PARVATHIPURAM REACH,SOUTH1,AP,ANDHRA PRADESH,5
535502,PRF,PRF,PARVATHIPURAM REACH,SOUTH1,AP,ANDHRA PRADESH,5
560001,BLR,TRT,TRINITY,SOUTH2,KN,KARNATAKA,5
560002,BLR,PET,CENTRAL DEPOT,SOUTH2,KN,KARNATAKA,5
560003,BLR,YES,YESHWANTPUR,SOUTH2,KN,KARNATAKA,5
560004,BLR,JNR,JAYANAGAR,SOUTH2,KN,KARNATAKA,5
560005,BLR,CGM,CUNNINGHAM,SOUTH2,KN,KARNATAKA,5
560006,BLR,RTN,R T NAGAR SERVICE CENTRE,SOUTH2,KN,KARNATAKA,5
560007,BLR,ULS,ULSOOR,SOUTH2,KN,KARNATAKA,5
560008,BLR,INR,INDIRA NAGAR COUNTER,SOUTH2,KN,KARNATAKA,5
560009,BLR,INF,INF SERVICE CENTRE,SOUTH2,KN,KARNATAKA,5
560010,BLR,YES,YESHWANTPUR,SOUTH2,KN,KARNATAKA,5
560011,BLR,JNR,JAYANAGAR,SOUTH2,KN,KARNATAKA,5
560012,BLR,YES,YESHWANTPUR,SOUTH2,KN,KARNATAKA,5
560013,BLR,PNY,PEENYA,SOUTH2,KN,KARNATAKA,5
560014,BLR,PNY,PEENYA,SOUTH2,KN,KARNATAKA,5
560015,BLR,PNY,PEENYA,SOUTH2,KN,KARNATAKA,5
560016,BLR,RNM,RAM MURTHY NAGAR,SOUTH2,KN,KARNATAKA,5
560017,BLR,APT,AIRPORT SERVICE CENTRE,SOUTH2,KN,KARNATAKA,5
560018,BLR,JNR,JAYANAGAR,SOUTH2,KN,KARNATAKA,5
560019,BLR,JNR,JAYANAGAR,SOUTH2,KN,KARNATAKA,5
560020,BLR,INF,INF SERVICE CENTRE,SOUTH2,KN,KARNATAKA,5
560021,BLR,YES,YESHWANTPUR,SOUTH2,KN,KARNATAKA,5
560022,BLR,YES,YESHWANTPUR,SOUTH2,KN,KARNATAKA,5
560023,BLR,BSW,BASWESHWAR NAGAR,SOUTH2,KN,KARNATAKA,5
560024,BLR,MYT,MANYATHA TECH PARK,SOUTH2,KN,KARNATAKA,5
560025,BLR,ULS,ULSOOR,SOUTH2,KN,KARNATAKA,5
560026,BLR,BSK,BANASHANKARI,SOUTH2,KN,KARNATAKA,5
560027,BLR,PET,CENTRAL DEPOT,SOUTH2,KN,KARNATAKA,5
560028,BLR,JNR,JAYANAGAR,SOUTH2,KN,KARNATAKA,5
560029,BLR,BXZ,BANNERGHATA,SOUTH2,KN,KARNATAKA,5
560030,BLR,KML,KORAMANGALA,SOUTH2,KN,KARNATAKA,5
560031,BLR,PNY,PEENYA,SOUTH2,KN,KARNATAKA,5
560032,BLR,RTN,R T NAGAR SERVICE CENTRE,SOUTH2,KN,KARNATAKA,5
560033,BLR,CGM,CUNNINGHAM,SOUTH2,KN,KARNATAKA,5
560034,BLR,KML,KORAMANGALA,SOUTH2,KN,KARNATAKA,5
560035,BLR,SPR,SARJAPUR ROAD,SOUTH2,KN,KARNATAKA,5
560036,BLR,TCP,THAMBU CHETTY PALYA,SOUTH2,KN,KARNATAKA,5
560037,BLR,MHX,MARATHALLI,SOUTH2,KN,KARNATAKA,5
560038,BLR,INR,INDIRA NAGAR COUNTER,SOUTH2,KN,KARNATAKA,5
560039,BLR,RRN,RAJARAJESHWARI NAGAR,SOUTH2,KN,KARNATAKA,5
560040,BLR,BSW,BASWESHWAR NAGAR,SOUTH2,KN,KARNATAKA,5
560041,BLR,JNR,JAYANAGAR,SOUTH2,KN,KARNATAKA,5
560042,BLR,ULS,ULSOOR,SOUTH2,KN,KARNATAKA,5
560043,BLR,CGM,CUNNINGHAM,SOUTH2,KN,KARNATAKA,5
560044,BLR,BSW,BASWESHWAR NAGAR,SOUTH2,KN,KARNATAKA,5
560045,BLR,MYT,MANYATHA TECH PARK,SOUTH2,KN,KARNATAKA,5
560046,BLR,RTN,R T NAGAR SERVICE CENTRE,SOUTH2,KN,KARNATAKA,5
560047,BLR,KML,KORAMANGALA,SOUTH2,KN,KARNATAKA,5
560048,BLR,MIA,MAHADEVAPURA INDUS. AREA,SOUTH2,KN,KARNATAKA,5
560049,BLR,TCP,THAMBU CHETTY PALYA,SOUTH2,KN,KARNATAKA,5
560050,BLR,BSK,BANASHANKARI,SOUTH2,KN,KARNATAKA,5
560051,BLR,TRT,TRINITY,SOUTH2,KN,KARNATAKA,5
560052,BLR,INF,INF SERVICE CENTRE,SOUTH2,KN,KARNATAKA,5
560053,BLR,PET,CENTRAL DEPOT,SOUTH2,KN,KARNATAKA,5
560054,BLR,YES,YESHWANTPUR,SOUTH2,KN,KARNATAKA,5
560055,BLR,YES,YESHWANTPUR,SOUTH2,KN,KARNATAKA,5
560056,BLR,RRN,RAJARAJESHWARI NAGAR,SOUTH2,KN,KARNATAKA,5
560057,BLR,PNY,PEENYA,SOUTH2,KN,KARNATAKA,5
560058,BLR,PNY,PEENYA,SOUTH2,KN,KARNATAKA,5
560059,BLR,RRN,RAJARAJESHWARI NAGAR,SOUTH2,KN,KARNATAKA,5
560060,BLR,RRN,RAJARAJESHWARI NAGAR,SOUTH2,KN,KARNATAKA,5
560061,BLR,BSK,BANASHANKARI,SOUTH2,KN,KARNATAKA,5
560062,BLR,SRN,BLR ETAIL PROCESSING UNIT,SOUTH2,KN,KARNATAKA,5
560063,BLR,YEL,YELAHANKA,SOUTH2,KN,KARNATAKA,5
560064,BLR,YEL,YELAHANKA,SOUTH2,KN,KARNATAKA,5
560065,BLR,YEL,YELAHANKA,SOUTH2,KN,KARNATAKA,5
560066,BLR,ITP,INTERNATIONAL TECH PARK,SOUTH2,KN,KARNATAKA,5
560067,BLR,SKY,SOUKYA ROAD,SOUTH2,KN,KARNATAKA,5
560068,BLR,HSR,HSR LAYOUT,SOUTH2,KN,KARNATAKA,5
560069,BLR,JNR,JAYANAGAR,SOUTH2,KN,KARNATAKA,5
560070,BLR,JNR,JAYANAGAR,SOUTH2,KN,KARNATAKA,5
560071,BLR,EGL,EMBASSY GOLF LINK,SOUTH2,KN,KARNATAKA,5
560072,BLR,BSW,BASWESHWAR NAGAR,SOUTH2,KN,KARNATAKA,5
560073,BLR,NLM,NELAMANGALA,SOUTH2,KN,KARNATAKA,5
560074,XBD,XBD,BIDADI,SOUTH2,KN,KARNATAKA,5
560075,BLR,NTS,NEW THIPPASANDRA,SOUTH2,KN,KARNATAKA,5
560076,BLR,BXZ,BANNERGHATA,SOUTH2,KN,KARNATAKA,5
560077,BLR,MYT,MANYATHA TECH PARK,SOUTH2,KN,KARNATAKA,5
560078,BLR,JPN,J P NAGAR SERVICE CENTRE,SOUTH2,KN,KARNATAKA,5
560079,BLR,BSW,BASWESHWAR NAGAR,SOUTH2,KN,KARNATAKA,5
560080,BLR,YES,YESHWANTPUR,SOUTH2,KN,KARNATAKA,5
560081,BLR,BXZ,BANNERGHATA,SOUTH2,KN,KARNATAKA,5
560082,BLR,JNR,JAYANAGAR,SOUTH2,KN,KARNATAKA,5
560083,BLR,JIG,JIGANI - OPS FROM ELE/BLR,SOUTH2,KN,KARNATAKA,5
560084,BLR,CGM,CUNNINGHAM,SOUTH2,KN,KARNATAKA,5
560085,BLR,BSK,BANASHANKARI,SOUTH2,KN,KARNATAKA,5
560086,BLR,BSW,BASWESHWAR NAGAR,SOUTH2,KN,KARNATAKA,5
560087,BLR,PNR,PNR SERVICE CENTRE,SOUTH2,KN,KARNATAKA,5
560088,DDP,DDP,DODBALLAPURA,SOUTH2,KN,KARNATAKA,5
560089,DDP,DDP,DODBALLAPURA,SOUTH2,KN,KARNATAKA,5
560090,BLR,PEC,PEENYA E-TAIL,SOUTH2,KN,KARNATAKA,5
560091,BLR,PNY,PEENYA,SOUTH2,KN,KARNATAKA,5
560092,BLR,YEL,YELAHANKA,SOUTH2,KN,KARNATAKA,5
560093,BLR,NTS,NEW THIPPASANDRA,SOUTH2,KN,KARNATAKA,5
560094,BLR,YES,YESHWANTPUR,SOUTH2,KN,KARNATAKA,5
560095,BLR,KML,KORAMANGALA,SOUTH2,KN,KARNATAKA,5
560096,BLR,PNY,PEENYA,SOUTH2,KN,KARNATAKA,5
560097,BLR,PNY,PEENYA,SOUTH2,KN,KARNATAKA,5
560098,BLR,RRN,RAJARAJESHWARI NAGAR,SOUTH2,KN,KARNATAKA,5
560099,BLR,ELE,ELECTRONIC CITY,SOUTH2,KN,KARNATAKA,5
560100,BLR,ELC,ELECTRONIC CITY COUNTER,SOUTH2,KN,KARNATAKA,5
560102,BLR,SPR,SARJAPUR ROAD,SOUTH2,KN,KARNATAKA,5
560103,BLR,PNR,PNR SERVICE CENTRE,SOUTH2,KN,KARNATAKA,5
560104,BLR,BSW,BASWESHWAR NAGAR,SOUTH2,KN,KARNATAKA,5
560105,BLR,JIG,JIGANI - OPS FROM ELE/BLR,SOUTH2,KN,KARNATAKA,5
560106,BLR,YEL,YELAHANKA,SOUTH2,KN,KARNATAKA,5
560107,BLR,PNY,PEENYA,SOUTH2,KN,KARNATAKA,5
560108,BLR,SRN,BLR ETAIL PROCESSING UNIT,SOUTH2,KN,KARNATAKA,5
560109,BLR,SRN,BLR ETAIL PROCESSING UNIT,SOUTH2,KN,KARNATAKA,5
560110,BLR,RRN,RAJARAJESHWARI NAGAR,SOUTH2,KN,KARNATAKA,5
560111,BLR,JPN,J P NAGAR SERVICE CENTRE,SOUTH2,KN,KARNATAKA,5
560112,BLR,PNY,PEENYA,SOUTH2,KN,KARNATAKA,5
560300,DVH,DVH,DEVANHALLI,SOUTH2,KN,KARNATAKA,5
560500,BLR,ELC,ELECTRONIC CITY COUNTER,SOUTH2,KN,KARNATAKA,5
561111,BLR,SMR,ST. MARKS..,SOUTH2,KN,KARNATAKA,5
561201,XBD,XBD,BIDADI,SOUTH2,KN,KARNATAKA,5
561202,PGA,PGA,PAVAGADA,SOUTH2,KN,KARNATAKA,5
561203,DDP,DDP,DODBALLAPURA,SOUTH2,KN,KARNATAKA,5
561205,DDP,DDP,DODBALLAPURA,SOUTH2,KN,KARNATAKA,5
561206,GOW,GOW,GAURIBIDANUR,SOUTH2,KN,KARNATAKA,5
561207,BGI,BGI,BAGEPALLI,SOUTH2,KN,KARNATAKA,5
561208,GOW,GOW,GAURIBIDANUR,SOUTH2,KN,KARNATAKA,5
561210,GOW,GOW,GAURIBIDANUR,SOUTH2,KN,KARNATAKA,5
561211,GOW,GOW,GAURIBIDANUR,SOUTH2,KN,KARNATAKA,5
561212,BGI,BGI,BAGEPALLI,SOUTH2,KN,KARNATAKA,5
561213,GOW,GOW,GAURIBIDANUR,SOUTH2,KN,KARNATAKA,5
562101,CHP,CHP,CHIKBALLAPUR,SOUTH2,KN,KARNATAKA,5
562103,CHP,CHP,CHIKBALLAPUR,SOUTH2,KN,KARNATAKA,5
562105,CHP,CHP,CHIKBALLAPUR,SOUTH2,KN,KARNATAKA,5
562106,BLR,JIG,JIGANI - OPS FROM ELE/BLR,SOUTH2,KN,KARNATAKA,5
562107,BLR,ELE,ELECTRONIC CITY,SOUTH2,KN,KARNATAKA,5
562109,XBD,XBD,BIDADI,SOUTH2,KN,KARNATAKA,5
562110,DVH,DVH,DEVANHALLI,SOUTH2,KN,KARNATAKA,5
562112,HRL,HRL,HAROHALLI,SOUTH2,KN,KARNATAKA,5
562114,HSK,HSK,HOSKOTE,SOUTH2,KN,KARNATAKA,5
562120,CNN,CNN,CHANNAPATNA,SOUTH2,KN,KARNATAKA,5
562122,HSK,HSK,HOSKOTE,SOUTH2,KN,KARNATAKA,5
562123,BLR,NLM,NELAMANGALA,SOUTH2,KN,KARNATAKA,5
562125,BLR,SJR,SARJAPURA,SOUTH2,KN,KARNATAKA,5
562129,DVH,DVH,DEVANHALLI,SOUTH2,KN,KARNATAKA,5
562130,NLZ,NLZ,TAVAREKERE,SOUTH2,KN,KARNATAKA,5
562132,NLZ,NLZ,TAVAREKERE,SOUTH2,KN,KARNATAKA,5
562149,DVH,DVH,DEVANHALLI,SOUTH2,KN,KARNATAKA,5
562157,BLR,YEL,YELAHANKA,SOUTH2,KN,KARNATAKA,5
562159,CNN,CNN,CHANNAPATNA,SOUTH2,KN,KARNATAKA,5
562160,CNN,CNN,CHANNAPATNA,SOUTH2,KN,KARNATAKA,5
562161,CNN,CNN,CHANNAPATNA,SOUTH2,KN,KARNATAKA,5
562162,BLR,NLM,NELAMANGALA,SOUTH2,KN,KARNATAKA,5
562163,DDP,DDP,DODBALLAPURA,SOUTH2,KN,KARNATAKA,5
563101,KOL,KOL,KOLAR,SOUTH2,KN,KARNATAKA,5
563102,KOL,KOL,KOLAR,SOUTH2,KN,KARNATAKA,5
563103,KOL,KOL,KOLAR,SOUTH2,KN,KARNATAKA,5
563113,KGF,KGF,KOLAR GOLD FIELDS,SOUTH2,KN,KARNATAKA,5
563115,KGF,KGF,KOLAR GOLD FIELDS,SOUTH2,KN,KARNATAKA,5
563116,MBL,MBL,MULBAGAL,SOUTH2,KN,KARNATAKA,5
563117,KGF,KGF,KOLAR GOLD FIELDS,SOUTH2,KN,KARNATAKA,5
563118,KGF,KGF,KOLAR GOLD FIELDS,SOUTH2,KN,KARNATAKA,5
563119,KGF,KGF,KOLAR GOLD FIELDS,SOUTH2,KN,KARNATAKA,5
563120,KGF,KGF,KOLAR GOLD FIELDS,SOUTH2,KN,KARNATAKA,5
563121,KGF,KGF,KOLAR GOLD FIELDS,SOUTH2,KN,KARNATAKA,5
563122,KGF,KGF,KOLAR GOLD FIELDS,SOUTH2,KN,KARNATAKA,5
563125,CHM,CHM,CHINTHAMANI,SOUTH2,KN,KARNATAKA,5
563128,CHM,CHM,CHINTHAMANI,SOUTH2,KN,KARNATAKA,5
563130,MLU,MLU,MALUR,SOUTH2,KN,KARNATAKA,5
563131,MBL,MBL,MULBAGAL,SOUTH2,KN,KARNATAKA,5
563133,NSA,NSA,NARASAPURA,SOUTH2,KN,KARNATAKA,5
563333,BLR,FKM,MALUR ETAIL RTO,SOUTH2,KN,KARNATAKA,5
566669,BLR,KMB,KOTAK MAHINDRA BANK (RTO),SOUTH2,KN,KARNATAKA,5
570001,MYS,JLB,JLB SERVICE CENTRE,SOUTH2,KN,KARNATAKA,5
570002,MYS,HEB,HEBAL ROAD  CENTRE,SOUTH2,KN,KARNATAKA,5
570003,MYS,HEB,HEBAL ROAD  CENTRE,SOUTH2,KN,KARNATAKA,5
570004,MYS,JLB,JLB SERVICE CENTRE,SOUTH2,KN,KARNATAKA,5
570005,MYS,JLB,JLB SERVICE CENTRE,SOUTH2,KN,KARNATAKA,5
570006,MYS,JLB,JLB SERVICE CENTRE,SOUTH2,KN,KARNATAKA,5
570007,MYS,MYR,MYSURU RURAL,SOUTH2,KN,KARNATAKA,5
570008,MYS,JLB,JLB SERVICE CENTRE,SOUTH2,KN,KARNATAKA,5
570009,MYS,JLB,JLB SERVICE CENTRE,SOUTH2,KN,KARNATAKA,5
570010,MYS,MYR,MYSURU RURAL,SOUTH2,KN,KARNATAKA,5
570011,MYS,MYR,MYSURU RURAL,SOUTH2,KN,KARNATAKA,5
570012,MYS,HEB,HEBAL ROAD  CENTRE,SOUTH2,KN,KARNATAKA,5
570013,MYS,JLB,JLB SERVICE CENTRE,SOUTH2,KN,KARNATAKA,5
570014,MYS,JLB,JLB SERVICE CENTRE,SOUTH2,KN,KARNATAKA,5
570015,MYS,JLB,JLB SERVICE CENTRE,SOUTH2,KN,KARNATAKA,5
570016,MYS,HEB,HEBAL ROAD  CENTRE,SOUTH2,KN,KARNATAKA,5
570017,MYS,HEB,HEBAL ROAD  CENTRE,SOUTH2,KN,KARNATAKA,5
570018,MYS,HEB,HEBAL ROAD  CENTRE,SOUTH2,KN,KARNATAKA,5
570019,MYS,MYR,MYSURU RURAL,SOUTH2,KN,KARNATAKA,5
570020,MYS,HEB,HEBAL ROAD  CENTRE,SOUTH2,KN,KARNATAKA,5
570021,MYS,JLB,JLB SERVICE CENTRE,SOUTH2,KN,KARNATAKA,5
570022,MYS,JLB,JLB SERVICE CENTRE,SOUTH2,KN,KARNATAKA,5
570023,MYS,JLB,JLB SERVICE CENTRE,SOUTH2,KN,KARNATAKA,5
570024,MYS,JLB,JLB SERVICE CENTRE,SOUTH2,KN,KARNATAKA,5
570025,MYS,JLB,JLB SERVICE CENTRE,SOUTH2,KN,KARNATAKA,5
570026,MYS,HEB,HEBAL ROAD  CENTRE,SOUTH2,KN,KARNATAKA,5
570027,MYS,HEB,HEBAL ROAD  CENTRE,SOUTH2,KN,KARNATAKA,5
570028,MYS,MYR,MYSURU RURAL,SOUTH2,KN,KARNATAKA,5
570029,MYS,MYR,MYSURU RURAL,SOUTH2,KN,KARNATAKA,5
570030,MYS,HEB,HEBAL ROAD  CENTRE,SOUTH2,KN,KARNATAKA,5
570031,MYS,JLB,JLB SERVICE CENTRE,SOUTH2,KN,KARNATAKA,5
570301,NJD,NJD,KAVALANDE,SOUTH2,KN,KARNATAKA,5
571101,TNP,TNP,T NARASIPURA,SOUTH2,KN,KARNATAKA,5
571103,HUN,HUN,HUNSUR,SOUTH2,KN,KARNATAKA,5
571104,KSH,KSH,KUSHALNAGAR,SOUTH2,KN,KARNATAKA,5
571105,HUN,HUN,HUNSUR,SOUTH2,KN,KARNATAKA,5
571106,HUN,HUN,HUNSUR,SOUTH2,KN,KARNATAKA,5
571107,KSH,KSH,KUSHALNAGAR,SOUTH2,KN,KARNATAKA,5
571109,NJD,NJD,KAVALANDE,SOUTH2,KN,KARNATAKA,5
571110,TNP,TNP,T NARASIPURA,SOUTH2,KN,KARNATAKA,5
571111,NJD,NJD,KAVALANDE,SOUTH2,KN,KARNATAKA,5
571114,HUN,HUN,HUNSUR,SOUTH2,KN,KARNATAKA,5
571115,CMR,CMR,CHAMRAJNAGAR,SOUTH2,KN,KARNATAKA,5
571116,HUN,HUN,HUNSUR,SOUTH2,KN,KARNATAKA,5
571117,CMR,CMR,CHAMRAJNAGAR,SOUTH2,KN,KARNATAKA,5
571118,NJD,NJD,KAVALANDE,SOUTH2,KN,KARNATAKA,5
571119,NJD,NJD,KAVALANDE,SOUTH2,KN,KARNATAKA,5
571120,TNP,TNP,T NARASIPURA,SOUTH2,KN,KARNATAKA,5
571121,HUN,HUN,HUNSUR,SOUTH2,KN,KARNATAKA,5
571122,TNP,TNP,T NARASIPURA,SOUTH2,KN,KARNATAKA,5
571123,NJD,NJD,KAVALANDE,SOUTH2,KN,KARNATAKA,5
571124,TNP,TNP,T NARASIPURA,SOUTH2,KN,KARNATAKA,5
571127,CMR,CMR,CHAMRAJNAGAR,SOUTH2,KN,KARNATAKA,5
571128,CMR,CMR,CHAMRAJNAGAR,SOUTH2,KN,KARNATAKA,5
571129,NJD,NJD,KAVALANDE,SOUTH2,KN,KARNATAKA,5
571130,MYS,HEB,HEBAL ROAD  CENTRE,SOUTH2,KN,KARNATAKA,5
571186,MYS,HEB,HEBAL ROAD  CENTRE,SOUTH2,KN,KARNATAKA,5
571189,HUN,HUN,HUNSUR,SOUTH2,KN,KARNATAKA,5
571201,MDK,MDK,MADIKERE,SOUTH2,KN,KARNATAKA,5
571213,GNK,GNK,GONIGOPPA,SOUTH2,KN,KARNATAKA,5
571214,MDK,MDK,MADIKERE,SOUTH2,KN,KARNATAKA,5
571215,GNK,GNK,GONIGOPPA,SOUTH2,KN,KARNATAKA,5
571216,GNK,GNK,GONIGOPPA,SOUTH2,KN,KARNATAKA,5
571217,GNK,GNK,GONIGOPPA,SOUTH2,KN,KARNATAKA,5
571218,GNK,GNK,GONIGOPPA,SOUTH2,KN,KARNATAKA,5
571219,GNK,GNK,GONIGOPPA,SOUTH2,KN,KARNATAKA,5
571231,SWP,SWP,SOMWERPET,SOUTH2,KN,KARNATAKA,5
571232,KSH,KSH,KUSHALNAGAR,SOUTH2,KN,KARNATAKA,5
571233,KSH,KSH,KUSHALNAGAR,SOUTH2,KN,KARNATAKA,5
571234,KSH,KSH,KUSHALNAGAR,SOUTH2,KN,KARNATAKA,5
571235,SWP,SWP,SOMWERPET,SOUTH2,KN,KARNATAKA,5
571236,SWP,SWP,SOMWERPET,SOUTH2,KN,KARNATAKA,5
571237,KSH,KSH,KUSHALNAGAR,SOUTH2,KN,KARNATAKA,5
571248,KSH,KSH,KUSHALNAGAR,SOUTH2,KN,KARNATAKA,5
571251,SWP,SWP,SOMWERPET,SOUTH2,KN,KARNATAKA,5
571301,NJD,NJD,KAVALANDE,SOUTH2,KN,KARNATAKA,5
571302,NJD,NJD,KAVALANDE,SOUTH2,KN,KARNATAKA,5
571304,NJD,NJD,KAVALANDE,SOUTH2,KN,KARNATAKA,5
571311,NJD,NJD,KAVALANDE,SOUTH2,KN,KARNATAKA,5
571312,NJD,NJD,KAVALANDE,SOUTH2,KN,KARNATAKA,5
571313,CMR,CMR,CHAMRAJNAGAR,SOUTH2,KN,KARNATAKA,5
571314,NJD,NJD,KAVALANDE,SOUTH2,KN,KARNATAKA,5
571315,NJD,NJD,KAVALANDE,SOUTH2,KN,KARNATAKA,5
571320,KEG,KEG,KOLLEGALA,SOUTH2,KN,KARNATAKA,5
571325,NJD,NJD,KAVALANDE,SOUTH2,KN,KARNATAKA,5
571342,CMR,CMR,CHAMRAJNAGAR,SOUTH2,KN,KARNATAKA,5
571401,MDY,MDY,MANDYA,SOUTH2,KN,KARNATAKA,5
571402,MDY,MDY,MANDYA,SOUTH2,KN,KARNATAKA,5
571403,MDY,MDY,MANDYA,SOUTH2,KN,KARNATAKA,5
571404,MDY,MDY,MANDYA,SOUTH2,KN,KARNATAKA,5
571405,MDY,MDY,MANDYA,SOUTH2,KN,KARNATAKA,5
571415,SNP,SNP,SRIRANGAPATNA,SOUTH2,KN,KARNATAKA,5
571416,MDY,MDY,MANDYA,SOUTH2,KN,KARNATAKA,5
571418,NBC,NBC,NAGAMANGALA,SOUTH2,KN,KARNATAKA,5
571419,MRR,MRR,MADDUR,SOUTH2,KN,KARNATAKA,5
571422,MRR,MRR,MADDUR,SOUTH2,KN,KARNATAKA,5
571423,KRE,KRE,K R PETE,SOUTH2,KN,KARNATAKA,5
571425,MRR,MRR,MADDUR,SOUTH2,KN,KARNATAKA,5
571426,KRE,KRE,K R PETE,SOUTH2,KN,KARNATAKA,5
571427,SNP,SNP,SRIRANGAPATNA,SOUTH2,KN,KARNATAKA,5
571428,MRR,MRR,MADDUR,SOUTH2,KN,KARNATAKA,5
571429,MRR,MRR,MADDUR,SOUTH2,KN,KARNATAKA,5
571430,MRR,MRR,MADDUR,SOUTH2,KN,KARNATAKA,5
571431,KRE,KRE,K R PETE,SOUTH2,KN,KARNATAKA,5
571432,NBC,NBC,NAGAMANGALA,SOUTH2,KN,KARNATAKA,5
571433,MRR,MRR,MADDUR,SOUTH2,KN,KARNATAKA,5
571434,SNP,SNP,SRIRANGAPATNA,SOUTH2,KN,KARNATAKA,5
571435,SNP,SNP,SRIRANGAPATNA,SOUTH2,KN,KARNATAKA,5
571436,KRE,KRE,K R PETE,SOUTH2,KN,KARNATAKA,5
571438,SNP,SNP,SRIRANGAPATNA,SOUTH2,KN,KARNATAKA,5
571439,KEG,KEG,KOLLEGALA,SOUTH2,KN,KARNATAKA,5
571440,KEG,KEG,KOLLEGALA,SOUTH2,KN,KARNATAKA,5
571441,CMR,CMR,CHAMRAJNAGAR,SOUTH2,KN,KARNATAKA,5
571442,KEG,KEG,KOLLEGALA,SOUTH2,KN,KARNATAKA,5
571443,KEG,KEG,KOLLEGALA,SOUTH2,KN,KARNATAKA,5
571445,NBC,NBC,NAGAMANGALA,SOUTH2,KN,KARNATAKA,5
571446,MDY,MDY,MANDYA,SOUTH2,KN,KARNATAKA,5
571448,NBC,NBC,NAGAMANGALA,SOUTH2,KN,KARNATAKA,5
571450,MDY,MDY,MANDYA,SOUTH2,KN,KARNATAKA,5
571455,KRE,KRE,K R PETE,SOUTH2,KN,KARNATAKA,5
571457,KEG,KEG,KOLLEGALA,SOUTH2,KN,KARNATAKA,5
571463,TNP,TNP,T NARASIPURA,SOUTH2,KN,KARNATAKA,5
571476,MRR,MRR,MADDUR,SOUTH2,KN,KARNATAKA,5
571477,SNP,SNP,SRIRANGAPATNA,SOUTH2,KN,KARNATAKA,5
571478,MDY,MDY,MANDYA,SOUTH2,KN,KARNATAKA,5
571501,CNN,CNN,CHANNAPATNA,SOUTH2,KN,KARNATAKA,5
571511,CNN,CNN,CHANNAPATNA,SOUTH2,KN,KARNATAKA,5
571602,HUN,HUN,HUNSUR,SOUTH2,KN,KARNATAKA,5
571603,HUN,HUN,HUNSUR,SOUTH2,KN,KARNATAKA,5
571604,HUN,HUN,HUNSUR,SOUTH2,KN,KARNATAKA,5
571605,KRE,KRE,K R PETE,SOUTH2,KN,KARNATAKA,5
571606,SNP,SNP,SRIRANGAPATNA,SOUTH2,KN,KARNATAKA,5
571607,SNP,SNP,SRIRANGAPATNA,SOUTH2,KN,KARNATAKA,5
571610,HUN,HUN,HUNSUR,SOUTH2,KN,KARNATAKA,5
571617,HUN,HUN,HUNSUR,SOUTH2,KN,KARNATAKA,5
571802,NBC,NBC,NAGAMANGALA,SOUTH2,KN,KARNATAKA,5
571811,NBC,NBC,NAGAMANGALA,SOUTH2,KN,KARNATAKA,5
571812,KRE,KRE,K R PETE,SOUTH2,KN,KARNATAKA,5
572101,TUM,TUM,TUMAKURU,SOUTH2,KN,KARNATAKA,5
572102,TUM,TUM,TUMAKURU,SOUTH2,KN,KARNATAKA,5
572103,TUM,TUM,TUMAKURU,SOUTH2,KN,KARNATAKA,5
572104,TUM,TUM,TUMAKURU,SOUTH2,KN,KARNATAKA,5
572105,TUM,TUM,TUMAKURU,SOUTH2,KN,KARNATAKA,5
572106,TUM,TUM,TUMAKURU,SOUTH2,KN,KARNATAKA,5
572107,TUM,TUM,TUMAKURU,SOUTH2,KN,KARNATAKA,5
572108,TUM,TUM,TUMAKURU,SOUTH2,KN,KARNATAKA,5
572111,KUY,KUY,KUNIGAL,SOUTH2,KN,KARNATAKA,5
572112,IRA,IRA,SIRA,SOUTH2,KN,KARNATAKA,5
572114,GNT,GNT,TIPTUR,SOUTH2,KN,KARNATAKA,5
572118,KUY,KUY,KUNIGAL,SOUTH2,KN,KARNATAKA,5
572122,KUY,KUY,KUNIGAL,SOUTH2,KN,KARNATAKA,5
572128,TUM,TUM,TUMAKURU,SOUTH2,KN,KARNATAKA,5
572130,KUY,KUY,KUNIGAL,SOUTH2,KN,KARNATAKA,5
572137,IRA,IRA,SIRA,SOUTH2,KN,KARNATAKA,5
572138,TUM,TUM,TUMAKURU,SOUTH2,KN,KARNATAKA,5
572140,TUM,TUM,TUMAKURU,SOUTH2,KN,KARNATAKA,5
572168,TUM,TUM,TUMAKURU,SOUTH2,KN,KARNATAKA,5
572201,GNT,GNT,TIPTUR,SOUTH2,KN,KARNATAKA,5
573101,HBE,HBE,BELUR,SOUTH2,KN,KARNATAKA,5
573102,AKD,AKD,ARAKALGUDU,SOUTH2,KN,KARNATAKA,5
573103,ASK,ASK,ARSIKERE,SOUTH2,KN,KARNATAKA,5
573111,CNP,CNP,CHANNRAYAPATNA,SOUTH2,KN,KARNATAKA,5
573112,KDD,KDD,KADUR,SOUTH2,KN,KARNATAKA,5
573115,HBE,HBE,BELUR,SOUTH2,KN,KARNATAKA,5
573116,CNP,CNP,CHANNRAYAPATNA,SOUTH2,KN,KARNATAKA,5
573118,HAS,HAS,HASSAN,SOUTH2,KN,KARNATAKA,5
573120,HAS,HAS,HASSAN,SOUTH2,KN,KARNATAKA,5
573121,HBE,HBE,BELUR,SOUTH2,KN,KARNATAKA,5
573124,CNP,CNP,CHANNRAYAPATNA,SOUTH2,KN,KARNATAKA,5
573128,HAS,HAS,HASSAN,SOUTH2,KN,KARNATAKA,5
573130,AKD,AKD,ARAKALGUDU,SOUTH2,KN,KARNATAKA,5
573131,CNP,CNP,CHANNRAYAPATNA,SOUTH2,KN,KARNATAKA,5
573133,AKD,AKD,ARAKALGUDU,SOUTH2,KN,KARNATAKA,5
573134,SKL,SKL,SAKLESHPUR,SOUTH2,KN,KARNATAKA,5
573135,CNP,CNP,CHANNRAYAPATNA,SOUTH2,KN,KARNATAKA,5
573165,SKL,SKL,SAKLESHPUR,SOUTH2,KN,KARNATAKA,5
573201,HAS,HAS,HASSAN,SOUTH2,KN,KARNATAKA,5
573202,HAS,HAS,HASSAN,SOUTH2,KN,KARNATAKA,5
573210,HNP,HNP,HOLENARSIPURA,SOUTH2,KN,KARNATAKA,5
573211,HNP,HNP,HOLENARSIPURA,SOUTH2,KN,KARNATAKA,5
573212,HAS,HAS,HASSAN,SOUTH2,KN,KARNATAKA,5
573215,HBE,HBE,BELUR,SOUTH2,KN,KARNATAKA,5
573216,HBE,HBE,BELUR,SOUTH2,KN,KARNATAKA,5
573217,HAS,HAS,HASSAN,SOUTH2,KN,KARNATAKA,5
573219,HAS,HAS,HASSAN,SOUTH2,KN,KARNATAKA,5
573220,HAS,HAS,HASSAN,SOUTH2,KN,KARNATAKA,5
573225,HAS,HAS,HASSAN,SOUTH2,KN,KARNATAKA,5
573226,HAS,HAS,HASSAN,SOUTH2,KN,KARNATAKA,5
574101,HBR,HBR,HEBRI,SOUTH2,KN,KARNATAKA,5
574102,MPL,MPL,MANIPAL,SOUTH2,KN,KARNATAKA,5
574103,MKI,MKI,MULKY,SOUTH2,KN,KARNATAKA,5
574104,MDD,MDD,MOODBIDRI,SOUTH2,KN,KARNATAKA,5
574105,MPL,MPL,MANIPAL,SOUTH2,KN,KARNATAKA,5
574106,MKI,MKI,MULKY,SOUTH2,KN,KARNATAKA,5
574108,HBR,HBR,HEBRI,SOUTH2,KN,KARNATAKA,5
574110,MDD,MDD,MOODBIDRI,SOUTH2,KN,KARNATAKA,5
574111,MKI,MKI,MULKY,SOUTH2,KN,KARNATAKA,5
574112,MKI,MKI,MULKY,SOUTH2,KN,KARNATAKA,5
574113,MKI,MKI,MULKY,SOUTH2,KN,KARNATAKA,5
574115,MPL,MPL,MANIPAL,SOUTH2,KN,KARNATAKA,5
574116,MKI,MKI,MULKY,SOUTH2,KN,KARNATAKA,5
574117,MKI,MKI,MULKY,SOUTH2,KN,KARNATAKA,5
574118,MPL,MPL,MANIPAL,SOUTH2,KN,KARNATAKA,5
574119,MKI,MKI,MULKY,SOUTH2,KN,KARNATAKA,5
574122,MDD,MDD,MOODBIDRI,SOUTH2,KN,KARNATAKA,5
574141,MKI,MKI,MULKY,SOUTH2,KN,KARNATAKA,5
574143,BCR,BCR,B C ROAD,SOUTH2,KN,KARNATAKA,5
574144,MDD,MDD,MOODBIDRI,SOUTH2,KN,KARNATAKA,5
574146,MKI,MKI,MULKY,SOUTH2,KN,KARNATAKA,5
574150,MKI,MKI,MULKY,SOUTH2,KN,KARNATAKA,5
574151,MDD,MDD,MOODBIDRI,SOUTH2,KN,KARNATAKA,5
574153,MAG,MAG,MANGALAGANGOTHRI,SOUTH2,KN,KARNATAKA,5
574154,MKI,MKI,MULKY,SOUTH2,KN,KARNATAKA,5
574161,MLR,ATV,ATTAVARA SERVICE CENTRE,SOUTH2,KN,KARNATAKA,5
574194,MLR,ATV,ATTAVARA SERVICE CENTRE,SOUTH2,KN,KARNATAKA,5
574197,MDD,MDD,MOODBIDRI,SOUTH2,KN,KARNATAKA,5
574198,UPY,UPY,UPPINANGADY,SOUTH2,KN,KARNATAKA,5
574199,MAG,MAG,MANGALAGANGOTHRI,SOUTH2,KN,KARNATAKA,5
574201,PUT,PUT,PUTTUR,SOUTH2,KN,KARNATAKA,5
574202,PUT,PUT,PUTTUR,SOUTH2,KN,KARNATAKA,5
574203,PUT,PUT,PUTTUR,SOUTH2,KN,KARNATAKA,5
574210,PUT,PUT,PUTTUR,SOUTH2,KN,KARNATAKA,5
574211,BCR,BCR,B C ROAD,SOUTH2,KN,KARNATAKA,5
574212,SLA,SLA,SULLIA,SOUTH2,KN,KARNATAKA,5
574213,MDD,MDD,MOODBIDRI,SOUTH2,KN,KARNATAKA,5
574214,UJR,UJR,UJIRE,SOUTH2,KN,KARNATAKA,5
574216,UJR,UJR,UJIRE,SOUTH2,KN,KARNATAKA,5
574217,UJR,UJR,UJIRE,SOUTH2,KN,KARNATAKA,5
574218,SLA,SLA,SULLIA,SOUTH2,KN,KARNATAKA,5
574219,BCR,BCR,B C ROAD,SOUTH2,KN,KARNATAKA,5
574220,PUT,PUT,PUTTUR,SOUTH2,KN,KARNATAKA,5
574221,UPY,UPY,UPPINANGADY,SOUTH2,KN,KARNATAKA,5
574222,BCR,BCR,B C ROAD,SOUTH2,KN,KARNATAKA,5
574223,PUT,PUT,PUTTUR,SOUTH2,KN,KARNATAKA,5
574224,UJR,UJR,UJIRE,SOUTH2,KN,KARNATAKA,5
574225,MDD,MDD,MOODBIDRI,SOUTH2,KN,KARNATAKA,5
574226,MDD,MDD,MOODBIDRI,SOUTH2,KN,KARNATAKA,5
574227,MDD,MDD,MOODBIDRI,SOUTH2,KN,KARNATAKA,5
574228,UJR,UJR,UJIRE,SOUTH2,KN,KARNATAKA,5
574229,UPY,UPY,UPPINANGADY,SOUTH2,KN,KARNATAKA,5
574230,UPY,UPY,UPPINANGADY,SOUTH2,KN,KARNATAKA,5
574231,BCR,BCR,B C ROAD,SOUTH2,KN,KARNATAKA,5
574232,SLA,SLA,SULLIA,SOUTH2,KN,KARNATAKA,5
574233,UJR,UJR,UJIRE,SOUTH2,KN,KARNATAKA,5
574237,MDD,MDD,MOODBIDRI,SOUTH2,KN,KARNATAKA,5
574238,SLA,SLA,SULLIA,SOUTH2,KN,KARNATAKA,5
574239,SLA,SLA,SULLIA,SOUTH2,KN,KARNATAKA,5
574240,UJR,UJR,UJIRE,SOUTH2,KN,KARNATAKA,5
574241,UPY,UPY,UPPINANGADY,SOUTH2,KN,KARNATAKA,5
574242,UJR,UJR,UJIRE,SOUTH2,KN,KARNATAKA,5
574243,BCR,BCR,B C ROAD,SOUTH2,KN,KARNATAKA,5
574244,MPL,MPL,MANIPAL,SOUTH2,KN,KARNATAKA,5
574248,SLA,SLA,SULLIA,SOUTH2,KN,KARNATAKA,5
574253,BCR,BCR,B C ROAD,SOUTH2,KN,KARNATAKA,5
574259,PUT,PUT,PUTTUR,SOUTH2,KN,KARNATAKA,5
574265,BCR,BCR,B C ROAD,SOUTH2,KN,KARNATAKA,5
574267,MDD,MDD,MOODBIDRI,SOUTH2,KN,KARNATAKA,5
574274,MDD,MDD,MOODBIDRI,SOUTH2,KN,KARNATAKA,5
574285,UPY,UPY,UPPINANGADY,SOUTH2,KN,KARNATAKA,5
574313,PUT,PUT,PUTTUR,SOUTH2,KN,KARNATAKA,5
574314,SLA,SLA,SULLIA,SOUTH2,KN,KARNATAKA,5
574324,BCR,BCR,B C ROAD,SOUTH2,KN,KARNATAKA,5
574325,UPY,UPY,UPPINANGADY,SOUTH2,KN,KARNATAKA,5
574326,UPY,UPY,UPPINANGADY,SOUTH2,KN,KARNATAKA,5
574327,SLA,SLA,SULLIA,SOUTH2,KN,KARNATAKA,5
575001,MLR,ATV,ATTAVARA SERVICE CENTRE,SOUTH2,KN,KARNATAKA,5
575002,MLR,ATV,ATTAVARA SERVICE CENTRE,SOUTH2,KN,KARNATAKA,5
575003,MLR,ATV,ATTAVARA SERVICE CENTRE,SOUTH2,KN,KARNATAKA,5
575004,MLR,ATV,ATTAVARA SERVICE CENTRE,SOUTH2,KN,KARNATAKA,5
575005,MLR,ATV,ATTAVARA SERVICE CENTRE,SOUTH2,KN,KARNATAKA,5
575006,MLR,ATV,ATTAVARA SERVICE CENTRE,SOUTH2,KN,KARNATAKA,5
575007,MLR,ATV,ATTAVARA SERVICE CENTRE,SOUTH2,KN,KARNATAKA,5
575008,MLR,ATV,ATTAVARA SERVICE CENTRE,SOUTH2,KN,KARNATAKA,5
575009,MLR,ATV,ATTAVARA SERVICE CENTRE,SOUTH2,KN,KARNATAKA,5
575010,MLR,MGC,MANGALORE COUNTER,SOUTH2,KN,KARNATAKA,5
575011,MLR,MGC,MANGALORE COUNTER,SOUTH2,KN,KARNATAKA,5
575012,MLR,ATV,ATTAVARA SERVICE CENTRE,SOUTH2,KN,KARNATAKA,5
575013,MLR,MGC,MANGALORE COUNTER,SOUTH2,KN,KARNATAKA,5
575014,MLR,MGC,MANGALORE COUNTER,SOUTH2,KN,KARNATAKA,5
575015,MLR,ATV,ATTAVARA SERVICE CENTRE,SOUTH2,KN,KARNATAKA,5
575016,MLR,ATV,ATTAVARA SERVICE CENTRE,SOUTH2,KN,KARNATAKA,5
575017,MAG,MAG,MANGALAGANGOTHRI,SOUTH2,KN,KARNATAKA,5
575018,MAG,MAG,MANGALAGANGOTHRI,SOUTH2,KN,KARNATAKA,5
575019,MLR,MGC,MANGALORE COUNTER,SOUTH2,KN,KARNATAKA,5
575020,MAG,MAG,MANGALAGANGOTHRI,SOUTH2,KN,KARNATAKA,5
575021,MLR,MGC,MANGALORE COUNTER,SOUTH2,KN,KARNATAKA,5
575022,MAG,MAG,MANGALAGANGOTHRI,SOUTH2,KN,KARNATAKA,5
575023,MAG,MAG,MANGALAGANGOTHRI,SOUTH2,KN,KARNATAKA,5
575025,MLR,MGC,MANGALORE COUNTER,SOUTH2,KN,KARNATAKA,5
575026,MLR,MGC,MANGALORE COUNTER,SOUTH2,KN,KARNATAKA,5
575028,MLR,ATV,ATTAVARA SERVICE CENTRE,SOUTH2,KN,KARNATAKA,5
575029,MLR,ATV,ATTAVARA SERVICE CENTRE,SOUTH2,KN,KARNATAKA,5
575030,MLR,MGC,MANGALORE COUNTER,SOUTH2,KN,KARNATAKA,5
576001,MPL,MPL,MANIPAL,SOUTH2,KN,KARNATAKA,5
576101,MPL,MPL,MANIPAL,SOUTH2,KN,KARNATAKA,5
576102,MPL,MPL,MANIPAL,SOUTH2,KN,KARNATAKA,5
576103,MPL,MPL,MANIPAL,SOUTH2,KN,KARNATAKA,5
576104,MPL,MPL,MANIPAL,SOUTH2,KN,KARNATAKA,5
576105,MPL,MPL,MANIPAL,SOUTH2,KN,KARNATAKA,5
576106,MPL,MPL,MANIPAL,SOUTH2,KN,KARNATAKA,5
576107,MPL,MPL,MANIPAL,SOUTH2,KN,KARNATAKA,5
576108,MPL,MPL,MANIPAL,SOUTH2,KN,KARNATAKA,5
576111,MKI,MKI,MULKY,SOUTH2,KN,KARNATAKA,5
576112,HBR,HBR,HEBRI,SOUTH2,KN,KARNATAKA,5
576113,MPL,MPL,MANIPAL,SOUTH2,KN,KARNATAKA,5
576114,MPL,MPL,MANIPAL,SOUTH2,KN,KARNATAKA,5
576115,MPL,MPL,MANIPAL,SOUTH2,KN,KARNATAKA,5
576120,MPL,MPL,MANIPAL,SOUTH2,KN,KARNATAKA,5
576121,MDD,MDD,MOODBIDRI,SOUTH2,KN,KARNATAKA,5
576122,MPL,MPL,MANIPAL,SOUTH2,KN,KARNATAKA,5
576125,MPL,MPL,MANIPAL,SOUTH2,KN,KARNATAKA,5
576201,KNA,KNA,KUNDAPURA,SOUTH2,KN,KARNATAKA,5
576210,KNA,KNA,KUNDAPURA,SOUTH2,KN,KARNATAKA,5
576211,KNA,KNA,KUNDAPURA,SOUTH2,KN,KARNATAKA,5
576212,HBR,HBR,HEBRI,SOUTH2,KN,KARNATAKA,5
576213,KNA,KNA,KUNDAPURA,SOUTH2,KN,KARNATAKA,5
576214,BTK,BTK,BHATKAL,SOUTH2,KN,KARNATAKA,5
576216,KNA,KNA,KUNDAPURA,SOUTH2,KN,KARNATAKA,5
576217,KNA,KNA,KUNDAPURA,SOUTH2,KN,KARNATAKA,5
576218,KNA,KNA,KUNDAPURA,SOUTH2,KN,KARNATAKA,5
576221,KNA,KNA,KUNDAPURA,SOUTH2,KN,KARNATAKA,5
576222,KNA,KNA,KUNDAPURA,SOUTH2,KN,KARNATAKA,5
576223,HBR,HBR,HEBRI,SOUTH2,KN,KARNATAKA,5
576224,KNA,KNA,KUNDAPURA,SOUTH2,KN,KARNATAKA,5
576225,KNA,KNA,KUNDAPURA,SOUTH2,KN,KARNATAKA,5
576226,KNA,KNA,KUNDAPURA,SOUTH2,KN,KARNATAKA,5
576228,BTK,BTK,BHATKAL,SOUTH2,KN,KARNATAKA,5
576229,KNA,KNA,KUNDAPURA,SOUTH2,KN,KARNATAKA,5
576230,KNA,KNA,KUNDAPURA,SOUTH2,KN,KARNATAKA,5
576231,KNA,KNA,KUNDAPURA,SOUTH2,KN,KARNATAKA,5
576232,BTK,BTK,BHATKAL,SOUTH2,KN,KARNATAKA,5
576233,KNA,KNA,KUNDAPURA,SOUTH2,KN,KARNATAKA,5
576234,HBR,HBR,HEBRI,SOUTH2,KN,KARNATAKA,5
576235,KNA,KNA,KUNDAPURA,SOUTH2,KN,KARNATAKA,5
576247,KNA,KNA,KUNDAPURA,SOUTH2,KN,KARNATAKA,5
576257,KNA,KNA,KUNDAPURA,SOUTH2,KN,KARNATAKA,5
576282,KNA,KNA,KUNDAPURA,SOUTH2,KN,KARNATAKA,5
576283,KNA,KNA,KUNDAPURA,SOUTH2,KN,KARNATAKA,5
577001,DGE,DGE,DAVANGERE,SOUTH2,KN,KARNATAKA,5
577002,DGE,DGE,DAVANGERE,SOUTH2,KN,KARNATAKA,5
577003,DGE,DGE,DAVANGERE,SOUTH2,KN,KARNATAKA,5
577004,DGE,DGE,DAVANGERE,SOUTH2,KN,KARNATAKA,5
577005,DGE,DGE,DAVANGERE,SOUTH2,KN,KARNATAKA,5
577006,DGE,DGE,DAVANGERE,SOUTH2,KN,KARNATAKA,5
577101,CHK,CHK,CHIKKAMAGALURU,SOUTH2,KN,KARNATAKA,5
577102,CHK,CHK,CHIKKAMAGALURU,SOUTH2,KN,KARNATAKA,5
577111,MDE,MDE,MUDIGERE,SOUTH2,KN,KARNATAKA,5
577113,MDE,MDE,MUDIGERE,SOUTH2,KN,KARNATAKA,5
577115,BHA,BHA,BHADRAVATHI,SOUTH2,KN,KARNATAKA,5
577116,KDD,KDD,KADUR,SOUTH2,KN,KARNATAKA,5
577132,MDE,MDE,MUDIGERE,SOUTH2,KN,KARNATAKA,5
577133,CHK,CHK,CHIKKAMAGALURU,SOUTH2,KN,KARNATAKA,5
577135,KDD,KDD,KADUR,SOUTH2,KN,KARNATAKA,5
577168,CHK,CHK,CHIKKAMAGALURU,SOUTH2,KN,KARNATAKA,5
577175,KDD,KDD,KADUR,SOUTH2,KN,KARNATAKA,5
577201,SHM,SHM,SHIVAMOGGA,SOUTH2,KN,KARNATAKA,5
577202,SHM,SHM,SHIVAMOGGA,SOUTH2,KN,KARNATAKA,5
577203,SHM,SHM,SHIVAMOGGA,SOUTH2,KN,KARNATAKA,5
577204,SHM,SHM,SHIVAMOGGA,SOUTH2,KN,KARNATAKA,5
577205,SHM,SHM,SHIVAMOGGA,SOUTH2,KN,KARNATAKA,5
577213,CNA,CNA,CHANNAGIRI,SOUTH2,KN,KARNATAKA,5
577214,SKP,SKP,SHIKARIPUR,SOUTH2,KN,KARNATAKA,5
577222,SHM,SHM,SHIVAMOGGA,SOUTH2,KN,KARNATAKA,5
577229,BHA,BHA,BHADRAVATHI,SOUTH2,KN,KARNATAKA,5
577232,TRI,TRI,THIRTHAHALLI,SOUTH2,KN,KARNATAKA,5
577245,BHA,BHA,BHADRAVATHI,SOUTH2,KN,KARNATAKA,5
577301,BHA,BHA,BHADRAVATHI,SOUTH2,KN,KARNATAKA,5
577302,BHA,BHA,BHADRAVATHI,SOUTH2,KN,KARNATAKA,5
577303,BHA,BHA,BHADRAVATHI,SOUTH2,KN,KARNATAKA,5
577401,GNS,GNS,GANDHINAGAR SAGAR,SOUTH2,KN,KARNATAKA,5
577411,TRI,TRI,THIRTHAHALLI,SOUTH2,KN,KARNATAKA,5
577412,GNS,GNS,GANDHINAGAR SAGAR,SOUTH2,KN,KARNATAKA,5
577413,SOB,SOB,SORABHA,SOUTH2,KN,KARNATAKA,5
577414,TRI,TRI,THIRTHAHALLI,SOUTH2,KN,KARNATAKA,5
577415,TRI,TRI,THIRTHAHALLI,SOUTH2,KN,KARNATAKA,5
577416,SHM,SHM,SHIVAMOGGA,SOUTH2,KN,KARNATAKA,5
577417,GNS,GNS,GANDHINAGAR SAGAR,SOUTH2,KN,KARNATAKA,5
577422,TRI,TRI,THIRTHAHALLI,SOUTH2,KN,KARNATAKA,5
577424,TRI,TRI,THIRTHAHALLI,SOUTH2,KN,KARNATAKA,5
577427,SKP,SKP,SHIKARIPUR,SOUTH2,KN,KARNATAKA,5
577429,SOB,SOB,SORABHA,SOUTH2,KN,KARNATAKA,5
577430,GNS,GNS,GANDHINAGAR SAGAR,SOUTH2,KN,KARNATAKA,5
577432,TRI,TRI,THIRTHAHALLI,SOUTH2,KN,KARNATAKA,5
577434,SOB,SOB,SORABHA,SOUTH2,KN,KARNATAKA,5
577435,GNS,GNS,GANDHINAGAR SAGAR,SOUTH2,KN,KARNATAKA,5
577501,CTX,CTX,CHITRADURGA,SOUTH2,KN,KARNATAKA,5
577502,CTX,CTX,CHITRADURGA,SOUTH2,KN,KARNATAKA,5
577511,HRI,HRI,HIRIYUR,SOUTH2,KN,KARNATAKA,5
577516,HAR,HAR,HARIHAR,SOUTH2,KN,KARNATAKA,5
577517,CTX,CTX,CHITRADURGA,SOUTH2,KN,KARNATAKA,5
577520,CTX,CTX,CHITRADURGA,SOUTH2,KN,KARNATAKA,5
577521,CTX,CTX,CHITRADURGA,SOUTH2,KN,KARNATAKA,5
577522,CLK,CLK,CHALLAKERE,SOUTH2,KN,KARNATAKA,5
577524,CTX,CTX,CHITRADURGA,SOUTH2,KN,KARNATAKA,5
577526,HLK,HLK,HOLALKERE,SOUTH2,KN,KARNATAKA,5
577527,HDG,HDG,HOSADURGA,SOUTH2,KN,KARNATAKA,5
577532,HRI,HRI,HIRIYUR,SOUTH2,KN,KARNATAKA,5
577536,CLK,CLK,CHALLAKERE,SOUTH2,KN,KARNATAKA,5
577537,CLK,CLK,CHALLAKERE,SOUTH2,KN,KARNATAKA,5
577538,CLK,CLK,CHALLAKERE,SOUTH2,KN,KARNATAKA,5
577541,CTX,CTX,CHITRADURGA,SOUTH2,KN,KARNATAKA,5
577543,CLK,CLK,CHALLAKERE,SOUTH2,KN,KARNATAKA,5
577544,CNA,CNA,CHANNAGIRI,SOUTH2,KN,KARNATAKA,5
577545,HRI,HRI,HIRIYUR,SOUTH2,KN,KARNATAKA,5
577548,KDD,KDD,KADUR,SOUTH2,KN,KARNATAKA,5
577551,CNA,CNA,CHANNAGIRI,SOUTH2,KN,KARNATAKA,5
577555,CTX,CTX,CHITRADURGA,SOUTH2,KN,KARNATAKA,5
577556,DGE,DGE,DAVANGERE,SOUTH2,KN,KARNATAKA,5
577558,HRI,HRI,HIRIYUR,SOUTH2,KN,KARNATAKA,5
577566,DGE,DGE,DAVANGERE,SOUTH2,KN,KARNATAKA,5
577598,HRI,HRI,HIRIYUR,SOUTH2,KN,KARNATAKA,5
577599,HRI,HRI,HIRIYUR,SOUTH2,KN,KARNATAKA,5
577601,HAR,HAR,HARIHAR,SOUTH2,KN,KARNATAKA,5
577602,HAR,HAR,HARIHAR,SOUTH2,KN,KARNATAKA,5
580001,DWD,DWD,DHARWAD,SOUTH2,KN,KARNATAKA,5
580002,DWD,DWD,DHARWAD,SOUTH2,KN,KARNATAKA,5
580003,DWD,DWD,DHARWAD,SOUTH2,KN,KARNATAKA,5
580004,DWD,DWD,DHARWAD,SOUTH2,KN,KARNATAKA,5
580005,DWD,DWD,DHARWAD,SOUTH2,KN,KARNATAKA,5
580006,DWD,DWD,DHARWAD,SOUTH2,KN,KARNATAKA,5
580007,DWD,DWD,DHARWAD,SOUTH2,KN,KARNATAKA,5
580008,DWD,DWD,DHARWAD,SOUTH2,KN,KARNATAKA,5
580009,DWD,DWD,DHARWAD,SOUTH2,KN,KARNATAKA,5
580010,DWD,DWD,DHARWAD,SOUTH2,KN,KARNATAKA,5
580011,DWD,DWD,DHARWAD,SOUTH2,KN,KARNATAKA,5
580020,HBL,GRD,HUBLI SERVICE CENTRE,SOUTH2,KN,KARNATAKA,5
580021,HBL,GRD,HUBLI SERVICE CENTRE,SOUTH2,KN,KARNATAKA,5
580022,HBL,GRD,HUBLI SERVICE CENTRE,SOUTH2,KN,KARNATAKA,5
580023,HBL,GRD,HUBLI SERVICE CENTRE,SOUTH2,KN,KARNATAKA,5
580024,HBL,GRD,HUBLI SERVICE CENTRE,SOUTH2,KN,KARNATAKA,5
580025,HBL,GRD,HUBLI SERVICE CENTRE,SOUTH2,KN,KARNATAKA,5
580026,HBL,GRD,HUBLI SERVICE CENTRE,SOUTH2,KN,KARNATAKA,5
580028,HBL,GRD,HUBLI SERVICE CENTRE,SOUTH2,KN,KARNATAKA,5
580029,HBL,GRD,HUBLI SERVICE CENTRE,SOUTH2,KN,KARNATAKA,5
580030,HBL,GRD,HUBLI SERVICE CENTRE,SOUTH2,KN,KARNATAKA,5
580031,HBL,GRD,HUBLI SERVICE CENTRE,SOUTH2,KN,KARNATAKA,5
580032,HBL,GRD,HUBLI SERVICE CENTRE,SOUTH2,KN,KARNATAKA,5
580112,DWD,DWD,DHARWAD,SOUTH2,KN,KARNATAKA,5
580114,HBL,GRD,HUBLI SERVICE CENTRE,SOUTH2,KN,KARNATAKA,5
580118,DWD,DWD,DHARWAD,SOUTH2,KN,KARNATAKA,5
581101,HGL,HGL,HANGAL,SOUTH2,KN,KARNATAKA,5
581102,HGL,HGL,HANGAL,SOUTH2,KN,KARNATAKA,5
581103,DAN,DAN,DANDELI,SOUTH2,KN,KARNATAKA,5
581104,HGL,HGL,HANGAL,SOUTH2,KN,KARNATAKA,5
581105,DWD,DWD,DHARWAD,SOUTH2,KN,KARNATAKA,5
581106,HAV,HAV,HAVERI,SOUTH2,KN,KARNATAKA,5
581108,RNN,RNN,RANEBENNUR,SOUTH2,KN,KARNATAKA,5
581109,HKR,HKR,HIREKERUR,SOUTH2,KN,KARNATAKA,5
581110,HAV,HAV,HAVERI,SOUTH2,KN,KARNATAKA,5
581111,HKR,HKR,HIREKERUR,SOUTH2,KN,KARNATAKA,5
581112,HAV,HAV,HAVERI,SOUTH2,KN,KARNATAKA,5
581115,RNN,RNN,RANEBENNUR,SOUTH2,KN,KARNATAKA,5
581116,HKR,HKR,HIREKERUR,SOUTH2,KN,KARNATAKA,5
581118,HAV,HAV,HAVERI,SOUTH2,KN,KARNATAKA,5
581119,RNN,RNN,RANEBENNUR,SOUTH2,KN,KARNATAKA,5
581120,HAV,HAV,HAVERI,SOUTH2,KN,KARNATAKA,5
581123,HAR,HAR,HARIHAR,SOUTH2,KN,KARNATAKA,5
581126,HAV,HAV,HAVERI,SOUTH2,KN,KARNATAKA,5
581128,HAV,HAV,HAVERI,SOUTH2,KN,KARNATAKA,5
581145,RNN,RNN,RANEBENNUR,SOUTH2,KN,KARNATAKA,5
581148,HAV,HAV,HAVERI,SOUTH2,KN,KARNATAKA,5
581193,MUG,MUG,MUNDGOD,SOUTH2,KN,KARNATAKA,5
581197,MUG,MUG,MUNDGOD,SOUTH2,KN,KARNATAKA,5
581198,HAV,HAV,HAVERI,SOUTH2,KN,KARNATAKA,5
581199,HGL,HGL,HANGAL,SOUTH2,KN,KARNATAKA,5
581201,DWD,DWD,DHARWAD,SOUTH2,KN,KARNATAKA,5
581202,MUG,MUG,MUNDGOD,SOUTH2,KN,KARNATAKA,5
581203,HGL,HGL,HANGAL,SOUTH2,KN,KARNATAKA,5
581206,DWD,DWD,DHARWAD,SOUTH2,KN,KARNATAKA,5
581208,RNN,RNN,RANEBENNUR,SOUTH2,KN,KARNATAKA,5
581210,HKR,HKR,HIREKERUR,SOUTH2,KN,KARNATAKA,5
581211,RNN,RNN,RANEBENNUR,SOUTH2,KN,KARNATAKA,5
581212,MUG,MUG,MUNDGOD,SOUTH2,KN,KARNATAKA,5
581213,RNN,RNN,RANEBENNUR,SOUTH2,KN,KARNATAKA,5
581301,KAW,KAW,KARWAR,SOUTH2,KN,KARNATAKA,5
581302,KAW,KAW,KARWAR,SOUTH2,KN,KARNATAKA,5
581303,KAW,KAW,KARWAR,SOUTH2,KN,KARNATAKA,5
581304,KAW,KAW,KARWAR,SOUTH2,KN,KARNATAKA,5
581305,KAW,KAW,KARWAR,SOUTH2,KN,KARNATAKA,5
581306,KAW,KAW,KARWAR,SOUTH2,KN,KARNATAKA,5
581307,KAW,KAW,KARWAR,SOUTH2,KN,KARNATAKA,5
581308,KAW,KAW,KARWAR,SOUTH2,KN,KARNATAKA,5
581314,AKL,AKL,ANKOLA,SOUTH2,KN,KARNATAKA,5
581316,AKL,AKL,ANKOLA,SOUTH2,KN,KARNATAKA,5
581320,BTK,BTK,BHATKAL,SOUTH2,KN,KARNATAKA,5
581321,AKL,AKL,ANKOLA,SOUTH2,KN,KARNATAKA,5
581323,HNR,HNR,HONNAVARA,SOUTH2,KN,KARNATAKA,5
581324,KAW,KAW,KARWAR,SOUTH2,KN,KARNATAKA,5
581325,DAN,DAN,DANDELI,SOUTH2,KN,KARNATAKA,5
581327,HNR,HNR,HONNAVARA,SOUTH2,KN,KARNATAKA,5
581329,HAY,HAY,HALIYAL,SOUTH2,KN,KARNATAKA,5
581330,HNR,HNR,HONNAVARA,SOUTH2,KN,KARNATAKA,5
581332,HNR,HNR,HONNAVARA,SOUTH2,KN,KARNATAKA,5
581334,HNR,HNR,HONNAVARA,SOUTH2,KN,KARNATAKA,5
581335,HNR,HNR,HONNAVARA,SOUTH2,KN,KARNATAKA,5
581341,HNR,HNR,HONNAVARA,SOUTH2,KN,KARNATAKA,5
581342,HNR,HNR,HONNAVARA,SOUTH2,KN,KARNATAKA,5
581343,HNR,HNR,HONNAVARA,SOUTH2,KN,KARNATAKA,5
581345,KAW,KAW,KARWAR,SOUTH2,KN,KARNATAKA,5
581348,HNR,HNR,HONNAVARA,SOUTH2,KN,KARNATAKA,5
581349,MUG,MUG,MUNDGOD,SOUTH2,KN,KARNATAKA,5
581350,BTK,BTK,BHATKAL,SOUTH2,KN,KARNATAKA,5
581351,HNR,HNR,HONNAVARA,SOUTH2,KN,KARNATAKA,5
581352,KAW,KAW,KARWAR,SOUTH2,KN,KARNATAKA,5
581353,AKL,AKL,ANKOLA,SOUTH2,KN,KARNATAKA,5
581354,BTK,BTK,BHATKAL,SOUTH2,KN,KARNATAKA,5
581357,AKL,AKL,ANKOLA,SOUTH2,KN,KARNATAKA,5
581360,KAW,KAW,KARWAR,SOUTH2,KN,KARNATAKA,5
581361,HNR,HNR,HONNAVARA,SOUTH2,KN,KARNATAKA,5
581362,HNR,HNR,HONNAVARA,SOUTH2,KN,KARNATAKA,5
581396,KAW,KAW,KARWAR,SOUTH2,KN,KARNATAKA,5
581400,KAW,KAW,KARWAR,SOUTH2,KN,KARNATAKA,5
581401,SIS,SIS,SIRSI,SOUTH2,KN,KARNATAKA,5
581402,SIS,SIS,SIRSI,SOUTH2,KN,KARNATAKA,5
581411,MUG,MUG,MUNDGOD,SOUTH2,KN,KARNATAKA,5
581421,BTK,BTK,BHATKAL,SOUTH2,KN,KARNATAKA,5
582101,GAB,GAB,GADAG-BETIGERI,SOUTH2,KN,KARNATAKA,5
582102,GAB,GAB,GADAG-BETIGERI,SOUTH2,KN,KARNATAKA,5
582103,GAB,GAB,GADAG-BETIGERI,SOUTH2,KN,KARNATAKA,5
582201,GAB,GAB,GADAG-BETIGERI,SOUTH2,KN,KARNATAKA,5
582205,GAB,GAB,GADAG-BETIGERI,SOUTH2,KN,KARNATAKA,5
583101,YBL,YBL,BALLARI,SOUTH2,KN,KARNATAKA,5
583102,YBL,YBL,BALLARI,SOUTH2,KN,KARNATAKA,5
583103,YBL,YBL,BALLARI,SOUTH2,KN,KARNATAKA,5
583104,YBL,YBL,BALLARI,SOUTH2,KN,KARNATAKA,5
583105,YBL,YBL,BALLARI,SOUTH2,KN,KARNATAKA,5
583111,YBL,YBL,BALLARI,SOUTH2,KN,KARNATAKA,5
583113,GVH,GVH,GANGAVATHI,SOUTH2,KN,KARNATAKA,5
583114,SGP,SGP,SIRUGUPPA,SOUTH2,KN,KARNATAKA,5
583115,YBL,YBL,BALLARI,SOUTH2,KN,KARNATAKA,5
583116,YBL,YBL,BALLARI,SOUTH2,KN,KARNATAKA,5
583117,YBL,YBL,BALLARI,SOUTH2,KN,KARNATAKA,5
583120,SGP,SGP,SIRUGUPPA,SOUTH2,KN,KARNATAKA,5
583121,SGP,SGP,SIRUGUPPA,SOUTH2,KN,KARNATAKA,5
583122,SGP,SGP,SIRUGUPPA,SOUTH2,KN,KARNATAKA,5
583123,TRG,TRG,TORANAGAL,SOUTH2,KN,KARNATAKA,5
583129,TRG,TRG,TORANAGAL,SOUTH2,KN,KARNATAKA,5
583132,GVH,GVH,GANGAVATHI,SOUTH2,KN,KARNATAKA,5
583152,YBL,YBL,BALLARI,SOUTH2,KN,KARNATAKA,5
583201,HSP,HSP,HOSAPETE,SOUTH2,KN,KARNATAKA,5
583202,HSP,HSP,HOSAPETE,SOUTH2,KN,KARNATAKA,5
583203,HSP,HSP,HOSAPETE,SOUTH2,KN,KARNATAKA,5
583204,HSP,HSP,HOSAPETE,SOUTH2,KN,KARNATAKA,5
583211,HSP,HSP,HOSAPETE,SOUTH2,KN,KARNATAKA,5
583215,HSP,HSP,HOSAPETE,SOUTH2,KN,KARNATAKA,5
583221,HSP,HSP,HOSAPETE,SOUTH2,KN,KARNATAKA,5
583222,HSP,HSP,HOSAPETE,SOUTH2,KN,KARNATAKA,5
583223,HSP,HSP,HOSAPETE,SOUTH2,KN,KARNATAKA,5
583225,HSP,HSP,HOSAPETE,SOUTH2,KN,KARNATAKA,5
583227,GVH,GVH,GANGAVATHI,SOUTH2,KN,KARNATAKA,5
583228,KOP,KOP,KOPPAL,SOUTH2,KN,KARNATAKA,5
583229,SND,SND,SINDHNUR,SOUTH2,KN,KARNATAKA,5
583230,KOP,KOP,KOPPAL,SOUTH2,KN,KARNATAKA,5
583231,KOP,KOP,KOPPAL,SOUTH2,KN,KARNATAKA,5
583233,HSP,HSP,HOSAPETE,SOUTH2,KN,KARNATAKA,5
583234,HSP,HSP,HOSAPETE,SOUTH2,KN,KARNATAKA,5
583238,KOP,KOP,KOPPAL,SOUTH2,KN,KARNATAKA,5
583239,HSP,HSP,HOSAPETE,SOUTH2,KN,KARNATAKA,5
583268,GVH,GVH,GANGAVATHI,SOUTH2,KN,KARNATAKA,5
583275,TRG,TRG,TORANAGAL,SOUTH2,KN,KARNATAKA,5
583276,HSP,HSP,HOSAPETE,SOUTH2,KN,KARNATAKA,5
583286,HSP,HSP,HOSAPETE,SOUTH2,KN,KARNATAKA,5
584101,RCR,RCR,RAICHUR,SOUTH2,KN,KARNATAKA,5
584102,RCR,RCR,RAICHUR,SOUTH2,KN,KARNATAKA,5
584103,RCR,RCR,RAICHUR,SOUTH2,KN,KARNATAKA,5
584104,RCR,RCR,RAICHUR,SOUTH2,KN,KARNATAKA,5
584115,LGR,LGR,LINGASUGAR,SOUTH2,KN,KARNATAKA,5
584118,SRV,SRV,SIRWAR,SOUTH2,KN,KARNATAKA,5
584122,LGR,LGR,LINGASUGAR,SOUTH2,KN,KARNATAKA,5
584123,SRV,SRV,SIRWAR,SOUTH2,KN,KARNATAKA,5
584124,SND,SND,SINDHNUR,SOUTH2,KN,KARNATAKA,5
584125,LGR,LGR,LINGASUGAR,SOUTH2,KN,KARNATAKA,5
584128,SND,SND,SINDHNUR,SOUTH2,KN,KARNATAKA,5
584129,SRV,SRV,SIRWAR,SOUTH2,KN,KARNATAKA,5
584132,SND,SND,SINDHNUR,SOUTH2,KN,KARNATAKA,5
584134,RCR,RCR,RAICHUR,SOUTH2,KN,KARNATAKA,5
584135,RCR,RCR,RAICHUR,SOUTH2,KN,KARNATAKA,5
584138,SND,SND,SINDHNUR,SOUTH2,KN,KARNATAKA,5
584143,SRV,SRV,SIRWAR,SOUTH2,KN,KARNATAKA,5
584167,SND,SND,SINDHNUR,SOUTH2,KN,KARNATAKA,5
584170,RCR,RCR,RAICHUR,SOUTH2,KN,KARNATAKA,5
584202,RCR,RCR,RAICHUR,SOUTH2,KN,KARNATAKA,5
585101,GUL,GUL,KALABURAGI,SOUTH1,KN,KARNATAKA,5
585102,GUL,GUL,KALABURAGI,SOUTH1,KN,KARNATAKA,5
585103,GUL,GUL,KALABURAGI,SOUTH1,KN,KARNATAKA,5
585104,GUL,GUL,KALABURAGI,SOUTH1,KN,KARNATAKA,5
585105,GUL,GUL,KALABURAGI,SOUTH1,KN,KARNATAKA,5
585201,YDR,YDR,YADGIR,SOUTH2,KN,KARNATAKA,5
585202,YDR,YDR,YADGIR,SOUTH2,KN,KARNATAKA,5
585221,YDR,YDR,YADGIR,SOUTH2,KN,KARNATAKA,5
585222,SDF,SDF,SEDAM REACH,SOUTH1,KN,KARNATAKA,5
585223,SHU,SHU,SHAHPUR,SOUTH2,KN,KARNATAKA,5
585225,WDF,WDF,WADI REACH,SOUTH1,KN,KARNATAKA,5
585287,SHU,SHU,SHAHPUR,SOUTH2,KN,KARNATAKA,5
585327,BSV,BSV,BASAVKALYAN REACH,SOUTH1,KN,KARNATAKA,5
585330,HUF,HUF,HUMNABAD REACH,SOUTH1,KN,KARNATAKA,5
585401,BID,BID,BIDAR,SOUTH1,KN,KARNATAKA,5
585402,BID,BID,BIDAR,SOUTH1,KN,KARNATAKA,5
585403,BID,BID,BIDAR,SOUTH1,KN,KARNATAKA,5
586101,BIJ,BIJ,VIJAYAPURA,SOUTH2,KN,KARNATAKA,5
586102,BIJ,BIJ,VIJAYAPURA,SOUTH2,KN,KARNATAKA,5
586103,BIJ,BIJ,VIJAYAPURA,SOUTH2,KN,KARNATAKA,5
586104,BIJ,BIJ,VIJAYAPURA,SOUTH2,KN,KARNATAKA,5
586105,BIJ,BIJ,VIJAYAPURA,SOUTH2,KN,KARNATAKA,5
586106,BIJ,BIJ,VIJAYAPURA,SOUTH2,KN,KARNATAKA,5
586107,BIJ,BIJ,VIJAYAPURA,SOUTH2,KN,KARNATAKA,5
586108,BIJ,BIJ,VIJAYAPURA,SOUTH2,KN,KARNATAKA,5
586109,BIJ,BIJ,VIJAYAPURA,SOUTH2,KN,KARNATAKA,5
586128,SDG,SDG,SINDAGI,SOUTH2,KN,KARNATAKA,5
586130,BIJ,BIJ,VIJAYAPURA,SOUTH2,KN,KARNATAKA,5
586202,SDG,SDG,SINDAGI,SOUTH2,KN,KARNATAKA,5
586209,IDN,IDN,INDI,SOUTH2,KN,KARNATAKA,5
586212,MBQ,MBQ,MUDDEBIHAL,SOUTH2,KN,KARNATAKA,5
587101,BAG,BAG,BAGALKOT,SOUTH2,KN,KARNATAKA,5
587102,BAG,BAG,BAGALKOT,SOUTH2,KN,KARNATAKA,5
587103,BAG,BAG,BAGALKOT,SOUTH2,KN,KARNATAKA,5
587104,BAG,BAG,BAGALKOT,SOUTH2,KN,KARNATAKA,5
587111,BIL,BIL,BILLGI,SOUTH2,KN,KARNATAKA,5
587113,MUH,MUH,MUDHOL,SOUTH2,KN,KARNATAKA,5
587114,BDM,BDM,BADAMI,SOUTH2,KN,KARNATAKA,5
587116,BIL,BIL,BILLGI,SOUTH2,KN,KARNATAKA,5
587118,IKL,IKL,ILKAL,SOUTH2,KN,KARNATAKA,5
587119,JAM,JAM,JAMKHANDI,SOUTH2,KN,KARNATAKA,5
587122,MUH,MUH,MUDHOL,SOUTH2,KN,KARNATAKA,5
587124,IKL,IKL,ILKAL,SOUTH2,KN,KARNATAKA,5
587125,IKL,IKL,ILKAL,SOUTH2,KN,KARNATAKA,5
587154,IKL,IKL,ILKAL,SOUTH2,KN,KARNATAKA,5
587201,BDM,BDM,BADAMI,SOUTH2,KN,KARNATAKA,5
587203,BDM,BDM,BADAMI,SOUTH2,KN,KARNATAKA,5
587204,BAG,BAG,BAGALKOT,SOUTH2,KN,KARNATAKA,5
587205,BDM,BDM,BADAMI,SOUTH2,KN,KARNATAKA,5
587301,JAM,JAM,JAMKHANDI,SOUTH2,KN,KARNATAKA,5
587311,BNT,BNT,BANAHATTI,SOUTH2,KN,KARNATAKA,5
587312,BNT,BNT,BANAHATTI,SOUTH2,KN,KARNATAKA,5
587313,MUH,MUH,MUDHOL,SOUTH2,KN,KARNATAKA,5
587314,BNT,BNT,BANAHATTI,SOUTH2,KN,KARNATAKA,5
587315,BNT,BNT,BANAHATTI,SOUTH2,KN,KARNATAKA,5
587316,BNT,BNT,BANAHATTI,SOUTH2,KN,KARNATAKA,5
590001,IXG,IXG,BELAGAVI,SOUTH2,KN,KARNATAKA,5
590002,IXG,IXG,BELAGAVI,SOUTH2,KN,KARNATAKA,5
590003,IXG,IXG,BELAGAVI,SOUTH2,KN,KARNATAKA,5
590004,IXG,IXG,BELAGAVI,SOUTH2,KN,KARNATAKA,5
590005,IXG,IXG,BELAGAVI,SOUTH2,KN,KARNATAKA,5
590006,IXG,IXG,BELAGAVI,SOUTH2,KN,KARNATAKA,5
590007,IXG,IXG,BELAGAVI,SOUTH2,KN,KARNATAKA,5
590008,IXG,IXG,BELAGAVI,SOUTH2,KN,KARNATAKA,5
590009,IXG,IXG,BELAGAVI,SOUTH2,KN,KARNATAKA,5
590010,IXG,IXG,BELAGAVI,SOUTH2,KN,KARNATAKA,5
590011,IXG,IXG,BELAGAVI,SOUTH2,KN,KARNATAKA,5
590012,IXG,IXG,BELAGAVI,SOUTH2,KN,KARNATAKA,5
590013,IXG,IXG,BELAGAVI,SOUTH2,KN,KARNATAKA,5
590014,IXG,IXG,BELAGAVI,SOUTH2,KN,KARNATAKA,5
590015,IXG,IXG,BELAGAVI,SOUTH2,KN,KARNATAKA,5
590016,IXG,IXG,BELAGAVI,SOUTH2,KN,KARNATAKA,5
590017,IXG,IXG,BELAGAVI,SOUTH2,KN,KARNATAKA,5
590018,IXG,IXG,BELAGAVI,SOUTH2,KN,KARNATAKA,5
590019,IXG,IXG,BELAGAVI,SOUTH2,KN,KARNATAKA,5
590543,IXG,IXG,BELAGAVI,SOUTH2,KN,KARNATAKA,5
591102,BLG,BLG,BAILHONGAL,SOUTH2,KN,KARNATAKA,5
591104,BLG,BLG,BAILHONGAL,SOUTH2,KN,KARNATAKA,5
591107,GKK,GKK,GOKAK,SOUTH2,KN,KARNATAKA,5
591108,IXG,IXG,BELAGAVI,SOUTH2,KN,KARNATAKA,5
591112,BLG,BLG,BAILHONGAL,SOUTH2,KN,KARNATAKA,5
591113,IXG,IXG,BELAGAVI,SOUTH2,KN,KARNATAKA,5
591115,BLG,BLG,BAILHONGAL,SOUTH2,KN,KARNATAKA,5
591118,BLG,BLG,BAILHONGAL,SOUTH2,KN,KARNATAKA,5
591121,BLG,BLG,BAILHONGAL,SOUTH2,KN,KARNATAKA,5
591124,IXG,IXG,BELAGAVI,SOUTH2,KN,KARNATAKA,5
591125,BLG,BLG,BAILHONGAL,SOUTH2,KN,KARNATAKA,5
591126,BLG,BLG,BAILHONGAL,SOUTH2,KN,KARNATAKA,5
591153,BLG,BLG,BAILHONGAL,SOUTH2,KN,KARNATAKA,5
591181,IXG,IXG,BELAGAVI,SOUTH2,KN,KARNATAKA,5
591201,CKD,CKD,CHIKKODI,SOUTH2,KN,KARNATAKA,5
591211,NIP,NIP,NIPANI,SOUTH2,KN,KARNATAKA,5
591212,ATN,ATN,ATHANI,SOUTH2,KN,KARNATAKA,5
591214,NIP,NIP,NIPANI,SOUTH2,KN,KARNATAKA,5
591218,GKK,GKK,GOKAK,SOUTH2,KN,KARNATAKA,5
591219,NIP,NIP,NIPANI,SOUTH2,KN,KARNATAKA,5
591220,BNT,BNT,BANAHATTI,SOUTH2,KN,KARNATAKA,5
591224,GKK,GKK,GOKAK,SOUTH2,KN,KARNATAKA,5
591227,GKK,GKK,GOKAK,SOUTH2,KN,KARNATAKA,5
591229,NIP,NIP,NIPANI,SOUTH2,KN,KARNATAKA,5
591230,ATN,ATN,ATHANI,SOUTH2,KN,KARNATAKA,5
591232,ATN,ATN,ATHANI,SOUTH2,KN,KARNATAKA,5
591233,GKK,GKK,GOKAK,SOUTH2,KN,KARNATAKA,5
591237,NIP,NIP,NIPANI,SOUTH2,KN,KARNATAKA,5
591239,CKD,CKD,CHIKKODI,SOUTH2,KN,KARNATAKA,5
591241,NIP,NIP,NIPANI,SOUTH2,KN,KARNATAKA,5
591242,CKD,CKD,CHIKKODI,SOUTH2,KN,KARNATAKA,5
591244,CKD,CKD,CHIKKODI,SOUTH2,KN,KARNATAKA,5
591247,CKD,CKD,CHIKKODI,SOUTH2,KN,KARNATAKA,5
591263,NIP,NIP,NIPANI,SOUTH2,KN,KARNATAKA,5
591304,ATN,ATN,ATHANI,SOUTH2,KN,KARNATAKA,5
591306,GKK,GKK,GOKAK,SOUTH2,KN,KARNATAKA,5
591307,GKK,GKK,GOKAK,SOUTH2,KN,KARNATAKA,5
591308,GKK,GKK,GOKAK,SOUTH2,KN,KARNATAKA,5
591312,GKK,GKK,GOKAK,SOUTH2,KN,KARNATAKA,5
591344,GKK,GKK,GOKAK,SOUTH2,KN,KARNATAKA,5
599991,HYD,HIC,HYD ICICI,SOUTH1,TL,TELANGANA,5
600001,MAA,PAR,PARRYS,SOUTH1,TN,TAMILNADU,5
600002,MAA,EGM,EGMORE,SOUTH1,TN,TAMILNADU,5
600003,MAA,PAR,PARRYS,SOUTH1,TN,TAMILNADU,5
600004,MAA,ALW,ALWARPET,SOUTH1,TN,TAMILNADU,5
600005,MAA,EGM,EGMORE,SOUTH1,TN,TAMILNADU,5
600006,MAA,EGM,EGMORE,SOUTH1,TN,TAMILNADU,5
600007,MAA,PWK,PURASAWALKAM,SOUTH1,TN,TAMILNADU,5
600008,MAA,MPC,MPC SERVICE CENTRE,SOUTH1,TN,TAMILNADU,5
600009,MAA,PAR,PARRYS,SOUTH1,TN,TAMILNADU,5
600010,MAA,STR,LAKE AREA NUNGAMBAKKAM,SOUTH1,TN,TAMILNADU,5
600011,MAA,PBR,PERAMBUR,SOUTH1,TN,TAMILNADU,5
600012,MAA,KLY,KELLYS,SOUTH1,TN,TAMILNADU,5
600013,MAA,PAR,PARRYS,SOUTH1,TN,TAMILNADU,5
600014,MAA,WRC,WHITES ROAD,SOUTH1,TN,TAMILNADU,5
600015,MAA,NDM,NANDANAM,SOUTH1,TN,TAMILNADU,5
600016,MAA,GND,GUINDY,SOUTH1,TN,TAMILNADU,5
600017,MAA,TNR,TNAGAR SERVICE CENTRE,SOUTH1,TN,TAMILNADU,5
600018,MAA,ALW,ALWARPET,SOUTH1,TN,TAMILNADU,5
600019,MAA,MLI,MANALI SERVICE CENTRE,SOUTH1,TN,TAMILNADU,5
600020,MAA,AYR,ADYAR,SOUTH1,TN,TAMILNADU,5
600021,MAA,PAR,PARRYS,SOUTH1,TN,TAMILNADU,5
600022,MAA,GND,GUINDY,SOUTH1,TN,TAMILNADU,5
600023,MAA,KLY,KELLYS,SOUTH1,TN,TAMILNADU,5
600024,MAA,VPL,VADAPALANI,SOUTH1,TN,TAMILNADU,5
600025,MAA,NDM,NANDANAM,SOUTH1,TN,TAMILNADU,5
600026,MAA,VPL,VADAPALANI,SOUTH1,TN,TAMILNADU,5
600027,MAA,GND,GUINDY,SOUTH1,TN,TAMILNADU,5
600028,MAA,ALW,ALWARPET,SOUTH1,TN,TAMILNADU,5
600029,MAA,STR,LAKE AREA NUNGAMBAKKAM,SOUTH1,TN,TAMILNADU,5
600030,MAA,STR,LAKE AREA NUNGAMBAKKAM,SOUTH1,TN,TAMILNADU,5
600031,MAA,STR,LAKE AREA NUNGAMBAKKAM,SOUTH1,TN,TAMILNADU,5
600032,MAA,GND,GUINDY,SOUTH1,TN,TAMILNADU,5
600033,MAA,TNR,TNAGAR SERVICE CENTRE,SOUTH1,TN,TAMILNADU,5
600034,MAA,STR,LAKE AREA NUNGAMBAKKAM,SOUTH1,TN,TAMILNADU,5
600035,MAA,NDM,NANDANAM,SOUTH1,TN,TAMILNADU,5
600036,MAA,AYR,ADYAR,SOUTH1,TN,TAMILNADU,5
600037,MAA,ANR,ANNA NAGAR,SOUTH1,TN,TAMILNADU,5
600038,MAA,ANR,ANNA NAGAR,SOUTH1,TN,TAMILNADU,5
600039,MAA,PBR,PERAMBUR,SOUTH1,TN,TAMILNADU,5
600040,MAA,ANR,ANNA NAGAR,SOUTH1,TN,TAMILNADU,5
600041,MAA,AYR,ADYAR,SOUTH1,TN,TAMILNADU,5
600042,MAA,VEL,VELACHERY,SOUTH1,TN,TAMILNADU,5
600043,MAA,CMT,CHROMPET,SOUTH1,TN,TAMILNADU,5
600044,MAA,CMT,CHROMPET,SOUTH1,TN,TAMILNADU,5
600045,MAA,TBM,TAMBARAM,SOUTH1,TN,TAMILNADU,5
600046,MAA,CMT,CHROMPET,SOUTH1,TN,TAMILNADU,5
600047,MAA,CMT,CHROMPET,SOUTH1,TN,TAMILNADU,5
600048,MRM,MMC,SRM COLLEGE,SOUTH1,TN,TAMILNADU,5
600049,MAA,ANR,ANNA NAGAR,SOUTH1,TN,TAMILNADU,5
600050,MAA,AMB,AMBATTUR,SOUTH1,TN,TAMILNADU,5
600051,MAA,PBR,PERAMBUR,SOUTH1,TN,TAMILNADU,5
600052,RHS,RHS,REDHILLS,SOUTH1,TN,TAMILNADU,5
600053,MAA,AMB,AMBATTUR,SOUTH1,TN,TAMILNADU,5
600054,MAA,AVD,AVADI,SOUTH1,TN,TAMILNADU,5
600055,TUR,TUR,THIRUNINRAVUR,SOUTH1,TN,TAMILNADU,5
600056,MAA,PLI,PORUR,SOUTH1,TN,TAMILNADU,5
600057,MAA,MLI,MANALI SERVICE CENTRE,SOUTH1,TN,TAMILNADU,5
600058,MAA,AMB,AMBATTUR,SOUTH1,TN,TAMILNADU,5
600059,MAA,CMT,CHROMPET,SOUTH1,TN,TAMILNADU,5
600060,MAA,PBR,PERAMBUR,SOUTH1,TN,TAMILNADU,5
600061,MAA,GND,GUINDY,SOUTH1,TN,TAMILNADU,5
600062,MAA,AVD,AVADI,SOUTH1,TN,TAMILNADU,5
600063,MAA,TBM,TAMBARAM,SOUTH1,TN,TAMILNADU,5
600064,MAA,CMT,CHROMPET,SOUTH1,TN,TAMILNADU,5
600065,MAA,AVD,AVADI,SOUTH1,TN,TAMILNADU,5
600066,MAA,PBR,PERAMBUR,SOUTH1,TN,TAMILNADU,5
600067,RHS,RHS,REDHILLS,SOUTH1,TN,TAMILNADU,5
600068,MAA,MLI,MANALI SERVICE CENTRE,SOUTH1,TN,TAMILNADU,5
600069,MDU,MDU,MANGADU,SOUTH1,TN,TAMILNADU,5
600070,MAA,CMT,CHROMPET,SOUTH1,TN,TAMILNADU,5
600071,MAA,AVD,AVADI,SOUTH1,TN,TAMILNADU,5
600072,TUR,TUR,THIRUNINRAVUR,SOUTH1,TN,TAMILNADU,5
600073,MAA,SLY,SELAIYUR,SOUTH1,TN,TAMILNADU,5
600074,MAA,CMT,CHROMPET,SOUTH1,TN,TAMILNADU,5
600075,MAA,CMT,CHROMPET,SOUTH1,TN,TAMILNADU,5
600076,MAA,AMB,AMBATTUR,SOUTH1,TN,TAMILNADU,5
600077,MAA,PLI,PORUR,SOUTH1,TN,TAMILNADU,5
600078,MAA,GND,GUINDY,SOUTH1,TN,TAMILNADU,5
600079,MAA,PAR,PARRYS,SOUTH1,TN,TAMILNADU,5
600080,MAA,AMB,AMBATTUR,SOUTH1,TN,TAMILNADU,5
600081,MAA,MLI,MANALI SERVICE CENTRE,SOUTH1,TN,TAMILNADU,5
600082,MAA,PBR,PERAMBUR,SOUTH1,TN,TAMILNADU,5
600083,MAA,TNR,TNAGAR SERVICE CENTRE,SOUTH1,TN,TAMILNADU,5
600084,MAA,PWK,PURASAWALKAM,SOUTH1,TN,TAMILNADU,5
600085,MAA,AYR,ADYAR,SOUTH1,TN,TAMILNADU,5
600086,MAA,ALW,ALWARPET,SOUTH1,TN,TAMILNADU,5
600087,MAA,VPL,VADAPALANI,SOUTH1,TN,TAMILNADU,5
600088,MAA,VEL,VELACHERY,SOUTH1,TN,TAMILNADU,5
600089,MAA,GND,GUINDY,SOUTH1,TN,TAMILNADU,5
600090,MAA,AYR,ADYAR,SOUTH1,TN,TAMILNADU,5
600091,MAA,VEL,VELACHERY,SOUTH1,TN,TAMILNADU,5
600092,MAA,VPL,VADAPALANI,SOUTH1,TN,TAMILNADU,5
600093,MAA,VPL,VADAPALANI,SOUTH1,TN,TAMILNADU,5
600094,MAA,STR,LAKE AREA NUNGAMBAKKAM,SOUTH1,TN,TAMILNADU,5
600095,MAA,ANR,ANNA NAGAR,SOUTH1,TN,TAMILNADU,5
600096,MAA,PEG,PERUNGUDI,SOUTH1,TN,TAMILNADU,5
600097,MAA,PEG,PERUNGUDI,SOUTH1,TN,TAMILNADU,5
600098,MAA,AMB,AMBATTUR,SOUTH1,TN,TAMILNADU,5
600099,MAA,PBR,PERAMBUR,SOUTH1,TN,TAMILNADU,5
600100,PKN,PKN,PALLIKARNAI,SOUTH1,TN,TAMILNADU,5
600101,MAA,AMB,AMBATTUR,SOUTH1,TN,TAMILNADU,5
600102,MAA,ANR,ANNA NAGAR,SOUTH1,TN,TAMILNADU,5
600103,MAA,MLI,MANALI SERVICE CENTRE,SOUTH1,TN,TAMILNADU,5
600104,MAA,PAR,PARRYS,SOUTH1,TN,TAMILNADU,5
600105,MAA,MPC,MPC SERVICE CENTRE,SOUTH1,TN,TAMILNADU,5
600106,MAA,STR,LAKE AREA NUNGAMBAKKAM,SOUTH1,TN,TAMILNADU,5
600107,MAA,ANR,ANNA NAGAR,SOUTH1,TN,TAMILNADU,5
600108,MAA,PAR,PARRYS,SOUTH1,TN,TAMILNADU,5
600109,MAA,AVD,AVADI,SOUTH1,TN,TAMILNADU,5
600110,MAA,PBR,PERAMBUR,SOUTH1,TN,TAMILNADU,5
600111,MAA,STR,LAKE AREA NUNGAMBAKKAM,SOUTH1,TN,TAMILNADU,5
600112,MAA,PAR,PARRYS,SOUTH1,TN,TAMILNADU,5
600113,MAA,AYR,ADYAR,SOUTH1,TN,TAMILNADU,5
600114,MAA,GND,GUINDY,SOUTH1,TN,TAMILNADU,5
600115,MAA,AYR,ADYAR,SOUTH1,TN,TAMILNADU,5
600116,MAA,MGM,MUGALIVAKKAM,SOUTH1,TN,TAMILNADU,5
600117,MAA,CMT,CHROMPET,SOUTH1,TN,TAMILNADU,5
600118,MAA,PBR,PERAMBUR,SOUTH1,TN,TAMILNADU,5
600119,SHX,SHX,SHOLINGANALLUR,SOUTH1,TN,TAMILNADU,5
600120,MIN,MIN,MINJUR,SOUTH1,TN,TAMILNADU,5
600122,MDU,MDU,MANGADU,SOUTH1,TN,TAMILNADU,5
600123,MDU,MDU,MANGADU,SOUTH1,TN,TAMILNADU,5
600124,TUR,TUR,THIRUNINRAVUR,SOUTH1,TN,TAMILNADU,5
600125,MAA,MGM,MUGALIVAKKAM,SOUTH1,TN,TAMILNADU,5
600126,MAA,SLY,SELAIYUR,SOUTH1,TN,TAMILNADU,5
600127,KLM,KLM,KELAMBAKKAM,SOUTH1,TN,TAMILNADU,5
600128,MDU,MDU,MANGADU,SOUTH1,TN,TAMILNADU,5
600129,PKF,PKF,KOVILAMBAKKAM,SOUTH1,TN,TAMILNADU,5
600130,SHX,SHX,SHOLINGANALLUR,SOUTH1,TN,TAMILNADU,5
600132,MAA,CMT,CHROMPET,SOUTH1,TN,TAMILNADU,5
601101,PIF,PIF,PERIYAPALAYAM REACH,SOUTH1,TN,TAMILNADU,5
601102,PIF,PIF,PERIYAPALAYAM REACH,SOUTH1,TN,TAMILNADU,5
601103,PIF,PIF,PERIYAPALAYAM REACH,SOUTH1,TN,TAMILNADU,5
601201,GPD,GPD,GUMMIDIPOONDI,SOUTH1,TN,TAMILNADU,5
601202,PNF,PNF,PONNERI,SOUTH1,TN,TAMILNADU,5
601203,MIN,MIN,MINJUR,SOUTH1,TN,TAMILNADU,5
601204,PIF,PIF,PERIYAPALAYAM REACH,SOUTH1,TN,TAMILNADU,5
601205,PNF,PNF,PONNERI,SOUTH1,TN,TAMILNADU,5
601206,PNF,PNF,PONNERI,SOUTH1,TN,TAMILNADU,5
601301,URF,URF,URAPAKKAM REACH,SOUTH1,TN,TAMILNADU,5
602000,SPD,DIC,DELL INDIA CHENNAI,SOUTH1,TN,TAMILNADU,5
602001,TVF,TVF,TIRUVALLUR REACH,SOUTH1,TN,TAMILNADU,5
602002,TVF,TVF,TIRUVALLUR REACH,SOUTH1,TN,TAMILNADU,5
602003,TVF,TVF,TIRUVALLUR REACH,SOUTH1,TN,TAMILNADU,5
602021,TVF,TVF,TIRUVALLUR REACH,SOUTH1,TN,TAMILNADU,5
602023,TVF,TVF,TIRUVALLUR REACH,SOUTH1,TN,TAMILNADU,5
602024,TUR,TUR,THIRUNINRAVUR,SOUTH1,TN,TAMILNADU,5
602025,TUR,TUR,THIRUNINRAVUR,SOUTH1,TN,TAMILNADU,5
602026,PIF,PIF,PERIYAPALAYAM REACH,SOUTH1,TN,TAMILNADU,5
602105,SPD,SPM,SRIPERUMBUDUR,SOUTH1,TN,TAMILNADU,5
602106,SPD,SPM,SRIPERUMBUDUR,SOUTH1,TN,TAMILNADU,5
602108,PBF,PBF,PERAMBAKKAM,SOUTH1,TN,TAMILNADU,5
602117,SPD,SPM,SRIPERUMBUDUR,SOUTH1,TN,TAMILNADU,5
603001,TKF,TKF,TIRUKALUKUNDRAM REACH,SOUTH1,TN,TAMILNADU,5
603002,TKF,TKF,TIRUKALUKUNDRAM REACH,SOUTH1,TN,TAMILNADU,5
603003,TKF,TKF,TIRUKALUKUNDRAM REACH,SOUTH1,TN,TAMILNADU,5
603004,MRM,MMN,MARAIMALAI NAGAR,SOUTH1,TN,TAMILNADU,5
603101,TKF,TKF,TIRUKALUKUNDRAM REACH,SOUTH1,TN,TAMILNADU,5
603103,KLM,KLM,KELAMBAKKAM,SOUTH1,TN,TAMILNADU,5
603104,MBM,MBM,MAHABALIPURAM,SOUTH1,TN,TAMILNADU,5
603105,MBM,MBM,MAHABALIPURAM,SOUTH1,TN,TAMILNADU,5
603109,TKF,TKF,TIRUKALUKUNDRAM REACH,SOUTH1,TN,TAMILNADU,5
603110,KLM,KLM,KELAMBAKKAM,SOUTH1,TN,TAMILNADU,5
603111,TKF,TKF,TIRUKALUKUNDRAM REACH,SOUTH1,TN,TAMILNADU,5
603112,KLG,KLG,KOVALAM,SOUTH1,TN,TAMILNADU,5
603127,TKF,TKF,TIRUKALUKUNDRAM REACH,SOUTH1,TN,TAMILNADU,5
603201,ACP,ACP,ACHIRAPAKKAM,SOUTH1,TN,TAMILNADU,5
603202,MRM,MMC,SRM COLLEGE,SOUTH1,TN,TAMILNADU,5
603203,MRM,MMC,SRM COLLEGE,SOUTH1,TN,TAMILNADU,5
603204,MRM,MMN,MARAIMALAI NAGAR,SOUTH1,TN,TAMILNADU,5
603209,MRM,MMN,MARAIMALAI NAGAR,SOUTH1,TN,TAMILNADU,5
603210,URF,URF,URAPAKKAM REACH,SOUTH1,TN,TAMILNADU,5
603211,URF,URF,URAPAKKAM REACH,SOUTH1,TN,TAMILNADU,5
603232,MAA,HBD,HDFC DR.CARDS,SOUTH1,TN,TAMILNADU,5
603301,ACP,ACP,ACHIRAPAKKAM,SOUTH1,TN,TAMILNADU,5
603302,ACP,ACP,ACHIRAPAKKAM,SOUTH1,TN,TAMILNADU,5
603303,ACP,ACP,ACHIRAPAKKAM,SOUTH1,TN,TAMILNADU,5
603304,ACP,ACP,ACHIRAPAKKAM,SOUTH1,TN,TAMILNADU,5
603306,ACP,ACP,ACHIRAPAKKAM,SOUTH1,TN,TAMILNADU,5
603309,ACP,ACP,ACHIRAPAKKAM,SOUTH1,TN,TAMILNADU,5
603310,ACP,ACP,ACHIRAPAKKAM,SOUTH1,TN,TAMILNADU,5
603311,ACP,ACP,ACHIRAPAKKAM,SOUTH1,TN,TAMILNADU,5
603313,ACP,ACP,ACHIRAPAKKAM,SOUTH1,TN,TAMILNADU,5
603319,ACP,ACP,ACHIRAPAKKAM,SOUTH1,TN,TAMILNADU,5
603401,ACP,ACP,ACHIRAPAKKAM,SOUTH1,TN,TAMILNADU,5
604001,TNV,TNV,TINDIVANAM,SOUTH1,TN,TAMILNADU,5
604002,TNV,TNV,TINDIVANAM,SOUTH1,TN,TAMILNADU,5
604151,KIT,KIT,KILPENNATHUR,SOUTH1,TN,TAMILNADU,5
604152,KIT,KIT,KILPENNATHUR,SOUTH1,TN,TAMILNADU,5
604153,KIT,KIT,KILPENNATHUR,SOUTH1,TN,TAMILNADU,5
604201,KIT,KIT,KILPENNATHUR,SOUTH1,TN,TAMILNADU,5
604202,KIT,KIT,KILPENNATHUR,SOUTH1,TN,TAMILNADU,5
604204,KIT,KIT,KILPENNATHUR,SOUTH1,TN,TAMILNADU,5
604205,KIT,KIT,KILPENNATHUR,SOUTH1,TN,TAMILNADU,5
604210,KIT,KIT,KILPENNATHUR,SOUTH1,TN,TAMILNADU,5
604303,PUG,PUG,PILLAYARKUPPAM,SOUTH1,PN,PONDICHERRY,5
604503,ANE,ANE,ARANI,SOUTH1,TN,TAMILNADU,5
604504,ANE,ANE,ARANI,SOUTH1,TN,TAMILNADU,5
604601,KIT,KIT,KILPENNATHUR,SOUTH1,TN,TAMILNADU,5
605001,PON,PUD,PUDUCHERRY,SOUTH1,PN,PONDICHERRY,5
605002,PON,PUD,PUDUCHERRY,SOUTH1,PN,PONDICHERRY,5
605003,PON,PUD,PUDUCHERRY,SOUTH1,PN,PONDICHERRY,5
605004,PON,PUD,PUDUCHERRY,SOUTH1,PN,PONDICHERRY,5
605005,PON,PUD,PUDUCHERRY,SOUTH1,PN,PONDICHERRY,5
605006,PON,PUD,PUDUCHERRY,SOUTH1,PN,PONDICHERRY,5
605007,PON,PUD,PUDUCHERRY,SOUTH1,PN,PONDICHERRY,5
605008,PON,PUD,PUDUCHERRY,SOUTH1,PN,PONDICHERRY,5
605009,PON,PUD,PUDUCHERRY,SOUTH1,PN,PONDICHERRY,5
605010,PON,PUD,PUDUCHERRY,SOUTH1,PN,PONDICHERRY,5
605011,PON,PUD,PUDUCHERRY,SOUTH1,PN,PONDICHERRY,5
605012,PON,PUD,PUDUCHERRY,SOUTH1,PN,PONDICHERRY,5
605013,PON,PUD,PUDUCHERRY,SOUTH1,PN,PONDICHERRY,5
605014,PON,PUD,PUDUCHERRY,SOUTH1,PN,PONDICHERRY,5
605101,PON,PUD,PUDUCHERRY,SOUTH1,PN,PONDICHERRY,5
605102,PON,PUD,PUDUCHERRY,SOUTH1,PN,PONDICHERRY,5
605104,PON,PUD,PUDUCHERRY,SOUTH1,PN,PONDICHERRY,5
605105,PON,PUD,PUDUCHERRY,SOUTH1,PN,PONDICHERRY,5
605106,PON,PUD,PUDUCHERRY,SOUTH1,PN,PONDICHERRY,5
605107,PON,PUD,PUDUCHERRY,SOUTH1,PN,PONDICHERRY,5
605108,VPR,VPR,VILLUPURAM,SOUTH1,TN,TAMILNADU,5
605109,PON,PUD,PUDUCHERRY,SOUTH1,PN,PONDICHERRY,5
605110,PON,PUD,PUDUCHERRY,SOUTH1,PN,PONDICHERRY,5
605111,PON,PUD,PUDUCHERRY,SOUTH1,PN,PONDICHERRY,5
605201,KIT,KIT,KILPENNATHUR,SOUTH1,TN,TAMILNADU,5
605401,VPR,VPR,VILLUPURAM,SOUTH1,TN,TAMILNADU,5
605501,PUG,PUG,PILLAYARKUPPAM,SOUTH1,PN,PONDICHERRY,5
605502,PON,PUD,PUDUCHERRY,SOUTH1,PN,PONDICHERRY,5
605602,VPR,VPR,VILLUPURAM,SOUTH1,TN,TAMILNADU,5
605604,VPR,VPR,VILLUPURAM,SOUTH1,TN,TAMILNADU,5
605606,VPR,VPR,VILLUPURAM,SOUTH1,TN,TAMILNADU,5
605701,TKU,TKU,THIRUKOILUR,SOUTH1,TN,TAMILNADU,5
605751,TKU,TKU,THIRUKOILUR,SOUTH1,TN,TAMILNADU,5
605752,TKU,TKU,THIRUKOILUR,SOUTH1,TN,TAMILNADU,5
605754,TKU,TKU,THIRUKOILUR,SOUTH1,TN,TAMILNADU,5
605755,TKU,TKU,THIRUKOILUR,SOUTH1,TN,TAMILNADU,5
605756,TKU,TKU,THIRUKOILUR,SOUTH1,TN,TAMILNADU,5
605757,TKU,TKU,THIRUKOILUR,SOUTH1,TN,TAMILNADU,5
605758,TKU,TKU,THIRUKOILUR,SOUTH1,TN,TAMILNADU,5
605759,TKU,TKU,THIRUKOILUR,SOUTH1,TN,TAMILNADU,5
605766,TKU,TKU,THIRUKOILUR,SOUTH1,TN,TAMILNADU,5
605802,TKU,TKU,THIRUKOILUR,SOUTH1,TN,TAMILNADU,5
605803,TKU,TKU,THIRUKOILUR,SOUTH1,TN,TAMILNADU,5
606001,VUD,VUD,VIRUDHACHALAM,SOUTH1,TN,TAMILNADU,5
606003,VUD,VUD,VIRUDHACHALAM,SOUTH1,TN,TAMILNADU,5
606102,ULP,ULP,ULUNDURPET,SOUTH1,TN,TAMILNADU,5
606103,VUD,VUD,VIRUDHACHALAM,SOUTH1,TN,TAMILNADU,5
606104,ULP,ULP,ULUNDURPET,SOUTH1,TN,TAMILNADU,5
606105,VUD,VUD,VIRUDHACHALAM,SOUTH1,TN,TAMILNADU,5
606106,VUD,VUD,VIRUDHACHALAM,SOUTH1,TN,TAMILNADU,5
606107,ULP,ULP,ULUNDURPET,SOUTH1,TN,TAMILNADU,5
606108,PER,PER,PERAMBALUR,SOUTH2,TN,TAMILNADU,5
606109,TSL,TSL,THALAIVASAL,SOUTH2,TN,TAMILNADU,5
606110,VUD,VUD,VIRUDHACHALAM,SOUTH1,TN,TAMILNADU,5
606111,VUD,VUD,VIRUDHACHALAM,SOUTH1,TN,TAMILNADU,5
606115,ULP,ULP,ULUNDURPET,SOUTH1,TN,TAMILNADU,5
606202,KKC,KKC,KALLAKURCHI,SOUTH1,TN,TAMILNADU,5
606207,TSL,TSL,THALAIVASAL,SOUTH2,TN,TAMILNADU,5
606301,TSL,TSL,THALAIVASAL,SOUTH2,TN,TAMILNADU,5
606302,VUD,VUD,VIRUDHACHALAM,SOUTH1,TN,TAMILNADU,5
606304,VUD,VUD,VIRUDHACHALAM,SOUTH1,TN,TAMILNADU,5
606601,TIW,TIW,TIRUVANNAMALAI,SOUTH1,TN,TAMILNADU,5
606602,TIW,TIW,TIRUVANNAMALAI,SOUTH1,TN,TAMILNADU,5
606603,TIW,TIW,TIRUVANNAMALAI,SOUTH1,TN,TAMILNADU,5
606604,TIW,TIW,TIRUVANNAMALAI,SOUTH1,TN,TAMILNADU,5
606611,KIT,KIT,KILPENNATHUR,SOUTH1,TN,TAMILNADU,5
606701,CNM,CNM,CHENGAM,SOUTH1,TN,TAMILNADU,5
606702,CNM,CNM,CHENGAM,SOUTH1,TN,TAMILNADU,5
606703,CNM,CNM,CHENGAM,SOUTH1,TN,TAMILNADU,5
606704,CNM,CNM,CHENGAM,SOUTH1,TN,TAMILNADU,5
606705,CNM,CNM,CHENGAM,SOUTH1,TN,TAMILNADU,5
606706,CNM,CNM,CHENGAM,SOUTH1,TN,TAMILNADU,5
606709,CNM,CNM,CHENGAM,SOUTH1,TN,TAMILNADU,5
606710,CNM,CNM,CHENGAM,SOUTH1,TN,TAMILNADU,5
606752,KIT,KIT,KILPENNATHUR,SOUTH1,TN,TAMILNADU,5
606801,ANE,ANE,ARANI,SOUTH1,TN,TAMILNADU,5
606804,TKU,TKU,THIRUKOILUR,SOUTH1,TN,TAMILNADU,5
606806,TKU,TKU,THIRUKOILUR,SOUTH1,TN,TAMILNADU,5
606808,KIT,KIT,KILPENNATHUR,SOUTH1,TN,TAMILNADU,5
606811,TKU,TKU,THIRUKOILUR,SOUTH1,TN,TAMILNADU,5
606902,ANE,ANE,ARANI,SOUTH1,TN,TAMILNADU,5
606903,ANE,ANE,ARANI,SOUTH1,TN,TAMILNADU,5
606905,ANE,ANE,ARANI,SOUTH1,TN,TAMILNADU,5
606907,ANE,ANE,ARANI,SOUTH1,TN,TAMILNADU,5
606908,CNM,CNM,CHENGAM,SOUTH1,TN,TAMILNADU,5
607001,CUD,CUD,CUDDALORE,SOUTH1,TN,TAMILNADU,5
607002,CUD,CUD,CUDDALORE,SOUTH1,TN,TAMILNADU,5
607003,CUD,CUD,CUDDALORE,SOUTH1,TN,TAMILNADU,5
607004,CUD,CUD,CUDDALORE,SOUTH1,TN,TAMILNADU,5
607005,CUD,CUD,CUDDALORE,SOUTH1,TN,TAMILNADU,5
607006,CUG,CUG,KONDUR,SOUTH1,TN,TAMILNADU,5
607102,CUG,CUG,KONDUR,SOUTH1,TN,TAMILNADU,5
607103,NEY,NEY,NEYVELI,SOUTH1,TN,TAMILNADU,5
607104,CUG,CUG,KONDUR,SOUTH1,TN,TAMILNADU,5
607105,CUD,CUD,CUDDALORE,SOUTH1,TN,TAMILNADU,5
607106,XUT,XUT,PANRUTI,SOUTH1,TN,TAMILNADU,5
607108,XUT,XUT,PANRUTI,SOUTH1,TN,TAMILNADU,5
607109,CUG,CUG,KONDUR,SOUTH1,TN,TAMILNADU,5
607112,CUG,CUG,KONDUR,SOUTH1,TN,TAMILNADU,5
607201,ULP,ULP,ULUNDURPET,SOUTH1,TN,TAMILNADU,5
607202,ULP,ULP,ULUNDURPET,SOUTH1,TN,TAMILNADU,5
607204,ULP,ULP,ULUNDURPET,SOUTH1,TN,TAMILNADU,5
607301,NEY,NEY,NEYVELI,SOUTH1,TN,TAMILNADU,5
607302,NEY,NEY,NEYVELI,SOUTH1,TN,TAMILNADU,5
607303,NEY,NEY,NEYVELI,SOUTH1,TN,TAMILNADU,5
607308,NEY,NEY,NEYVELI,SOUTH1,TN,TAMILNADU,5
607401,CUG,CUG,KONDUR,SOUTH1,TN,TAMILNADU,5
607402,PON,PUD,PUDUCHERRY,SOUTH1,PN,PONDICHERRY,5
607403,PUG,PUG,PILLAYARKUPPAM,SOUTH1,PN,PONDICHERRY,5
607801,NEY,NEY,NEYVELI,SOUTH1,TN,TAMILNADU,5
607802,NEY,NEY,NEYVELI,SOUTH1,TN,TAMILNADU,5
607803,NEY,NEY,NEYVELI,SOUTH1,TN,TAMILNADU,5
607804,NEY,NEY,NEYVELI,SOUTH1,TN,TAMILNADU,5
607805,NEY,NEY,NEYVELI,SOUTH1,TN,TAMILNADU,5
607807,NEY,NEY,NEYVELI,SOUTH1,TN,TAMILNADU,5
608001,CDM,CDM,CHIDAMBARAM,SOUTH1,TN,TAMILNADU,5
608002,CDM,CDM,CHIDAMBARAM,SOUTH1,TN,TAMILNADU,5
608102,CDM,CDM,CHIDAMBARAM,SOUTH1,TN,TAMILNADU,5
608201,BUG,BUG,BUVANAGIRI,SOUTH1,TN,TAMILNADU,5
608301,BUG,BUG,BUVANAGIRI,SOUTH1,TN,TAMILNADU,5
608302,BUG,BUG,BUVANAGIRI,SOUTH1,TN,TAMILNADU,5
608303,BUG,BUG,BUVANAGIRI,SOUTH1,TN,TAMILNADU,5
608305,BUG,BUG,BUVANAGIRI,SOUTH1,TN,TAMILNADU,5
608401,CDM,CDM,CHIDAMBARAM,SOUTH1,TN,TAMILNADU,5
608501,BUG,BUG,BUVANAGIRI,SOUTH1,TN,TAMILNADU,5
608502,CDM,CDM,CHIDAMBARAM,SOUTH1,TN,TAMILNADU,5
608601,BUG,BUG,BUVANAGIRI,SOUTH1,TN,TAMILNADU,5
608602,BUG,BUG,BUVANAGIRI,SOUTH1,TN,TAMILNADU,5
608701,BUG,BUG,BUVANAGIRI,SOUTH1,TN,TAMILNADU,5
608702,BUG,BUG,BUVANAGIRI,SOUTH1,TN,TAMILNADU,5
608704,BUG,BUG,BUVANAGIRI,SOUTH1,TN,TAMILNADU,5
608888,MAA,SCC,STANDARD CHARTERED BANK,SOUTH1,TN,TAMILNADU,5
609001,IYL,IYL,MYLADUTHURAI,SOUTH2,TN,TAMILNADU,5
609002,IYL,IYL,MYLADUTHURAI,SOUTH2,TN,TAMILNADU,5
609003,IYL,IYL,MYLADUTHURAI,SOUTH2,TN,TAMILNADU,5
609101,SKI,SKI,SIRKALI,SOUTH1,TN,TAMILNADU,5
609102,SKI,SKI,SIRKALI,SOUTH1,TN,TAMILNADU,5
609104,SKI,SKI,SIRKALI,SOUTH1,TN,TAMILNADU,5
609105,SBK,SBK,SEMBANARKOIL,SOUTH1,TN,TAMILNADU,5
609106,SKI,SKI,SIRKALI,SOUTH1,TN,TAMILNADU,5
609107,SKI,SKI,SIRKALI,SOUTH1,TN,TAMILNADU,5
609108,SKI,SKI,SIRKALI,SOUTH1,TN,TAMILNADU,5
609109,SKI,SKI,SIRKALI,SOUTH1,TN,TAMILNADU,5
609110,SKI,SKI,SIRKALI,SOUTH1,TN,TAMILNADU,5
609111,SKI,SKI,SIRKALI,SOUTH1,TN,TAMILNADU,5
609112,SKI,SKI,SIRKALI,SOUTH1,TN,TAMILNADU,5
609113,SKI,SKI,SIRKALI,SOUTH1,TN,TAMILNADU,5
609115,SKI,SKI,SIRKALI,SOUTH1,TN,TAMILNADU,5
609116,SKI,SKI,SIRKALI,SOUTH1,TN,TAMILNADU,5
609301,SBK,SBK,SEMBANARKOIL,SOUTH1,TN,TAMILNADU,5
609302,SBK,SBK,SEMBANARKOIL,SOUTH1,TN,TAMILNADU,5
609303,SBK,SBK,SEMBANARKOIL,SOUTH1,TN,TAMILNADU,5
609304,SBK,SBK,SEMBANARKOIL,SOUTH1,TN,TAMILNADU,5
609306,SBK,SBK,SEMBANARKOIL,SOUTH1,TN,TAMILNADU,5
609307,SBK,SBK,SEMBANARKOIL,SOUTH1,TN,TAMILNADU,5
609309,SBK,SBK,SEMBANARKOIL,SOUTH1,TN,TAMILNADU,5
609310,SBK,SBK,SEMBANARKOIL,SOUTH1,TN,TAMILNADU,5
609311,SBK,SBK,SEMBANARKOIL,SOUTH1,TN,TAMILNADU,5
609312,SBK,SBK,SEMBANARKOIL,SOUTH1,TN,TAMILNADU,5
609313,SBK,SBK,SEMBANARKOIL,SOUTH1,TN,TAMILNADU,5
609314,SBK,SBK,SEMBANARKOIL,SOUTH1,TN,TAMILNADU,5
609402,SBK,SBK,SEMBANARKOIL,SOUTH1,TN,TAMILNADU,5
609503,TIZ,TIZ,TIRUVARUR,SOUTH2,TN,TAMILNADU,5
609601,KKI,KKI,KARAIKAL,SOUTH1,TN,TAMILNADU,5
609602,KKI,KKI,KARAIKAL,SOUTH1,TN,TAMILNADU,5
609603,KKI,KKI,KARAIKAL,SOUTH1,TN,TAMILNADU,5
609604,KKI,KKI,KARAIKAL,SOUTH1,TN,TAMILNADU,5
609605,KKI,KKI,KARAIKAL,SOUTH1,TN,TAMILNADU,5
609606,KKI,KKI,KARAIKAL,SOUTH1,TN,TAMILNADU,5
609607,KKI,KKI,KARAIKAL,SOUTH1,TN,TAMILNADU,5
609609,KKI,KKI,KARAIKAL,SOUTH1,TN,TAMILNADU,5
609702,KKI,KKI,KARAIKAL,SOUTH1,TN,TAMILNADU,5
609703,KKI,KKI,KARAIKAL,SOUTH1,TN,TAMILNADU,5
610001,TIZ,TIZ,TIRUVARUR,SOUTH2,TN,TAMILNADU,5
610002,TIZ,TIZ,TIRUVARUR,SOUTH2,TN,TAMILNADU,5
610003,TIZ,TIZ,TIRUVARUR,SOUTH2,TN,TAMILNADU,5
610004,TIZ,TIZ,TIRUVARUR,SOUTH2,TN,TAMILNADU,5
610005,TIZ,TIZ,TIRUVARUR,SOUTH2,TN,TAMILNADU,5
610051,TIZ,TIZ,TIRUVARUR,SOUTH2,TN,TAMILNADU,5
610101,TIZ,TIZ,TIRUVARUR,SOUTH2,TN,TAMILNADU,5
610103,TIZ,TIZ,TIRUVARUR,SOUTH2,TN,TAMILNADU,5
610105,TIZ,TIZ,TIRUVARUR,SOUTH2,TN,TAMILNADU,5
610106,TIZ,TIZ,TIRUVARUR,SOUTH2,TN,TAMILNADU,5
610109,TIZ,TIZ,TIRUVARUR,SOUTH2,TN,TAMILNADU,5
610202,TTP,TTP,THIRUTHURAIPOONDI,SOUTH2,TN,TAMILNADU,5
610203,TTP,TTP,THIRUTHURAIPOONDI,SOUTH2,TN,TAMILNADU,5
610207,TTP,TTP,THIRUTHURAIPOONDI,SOUTH2,TN,TAMILNADU,5
610210,TTP,TTP,THIRUTHURAIPOONDI,SOUTH2,TN,TAMILNADU,5
610211,TTP,TTP,THIRUTHURAIPOONDI,SOUTH2,TN,TAMILNADU,5
611101,TIZ,TIZ,TIRUVARUR,SOUTH2,TN,TAMILNADU,5
611105,TIZ,TIZ,TIRUVARUR,SOUTH2,TN,TAMILNADU,5
611112,TIZ,TIZ,TIRUVARUR,SOUTH2,TN,TAMILNADU,5
612001,KMK,KMK,KUMBAKONAM,SOUTH2,TN,TAMILNADU,5
612002,KMK,KMK,KUMBAKONAM,SOUTH2,TN,TAMILNADU,5
612101,KMK,KMK,KUMBAKONAM,SOUTH2,TN,TAMILNADU,5
612103,KMK,KMK,KUMBAKONAM,SOUTH2,TN,TAMILNADU,5
612104,KMK,KMK,KUMBAKONAM,SOUTH2,TN,TAMILNADU,5
612105,KMK,KMK,KUMBAKONAM,SOUTH2,TN,TAMILNADU,5
612204,KMK,KMK,KUMBAKONAM,SOUTH2,TN,TAMILNADU,5
612301,KMK,KMK,KUMBAKONAM,SOUTH2,TN,TAMILNADU,5
612303,KMK,KMK,KUMBAKONAM,SOUTH2,TN,TAMILNADU,5
612602,KMK,KMK,KUMBAKONAM,SOUTH2,TN,TAMILNADU,5
612702,KMK,KMK,KUMBAKONAM,SOUTH2,TN,TAMILNADU,5
612703,KMK,KMK,KUMBAKONAM,SOUTH2,TN,TAMILNADU,5
612803,IRG,IRG,MANNARGUDI,SOUTH2,TN,TAMILNADU,5
612804,KMK,KMK,KUMBAKONAM,SOUTH2,TN,TAMILNADU,5
612901,JKM,JKM,JAYANKONDAM,SOUTH2,TN,TAMILNADU,5
612902,JKM,JKM,JAYANKONDAM,SOUTH2,TN,TAMILNADU,5
612903,JKM,JKM,JAYANKONDAM,SOUTH2,TN,TAMILNADU,5
613001,TJV,TJV,THANJAVUR,SOUTH2,TN,TAMILNADU,5
613002,TJV,TJV,THANJAVUR,SOUTH2,TN,TAMILNADU,5
613003,TJV,TJV,THANJAVUR,SOUTH2,TN,TAMILNADU,5
613004,TJV,TJV,THANJAVUR,SOUTH2,TN,TAMILNADU,5
613005,TJV,TJV,THANJAVUR,SOUTH2,TN,TAMILNADU,5
613006,TJV,TJV,THANJAVUR,SOUTH2,TN,TAMILNADU,5
613007,TJV,TJV,THANJAVUR,SOUTH2,TN,TAMILNADU,5
613008,TJV,TJV,THANJAVUR,SOUTH2,TN,TAMILNADU,5
613009,TJV,TJV,THANJAVUR,SOUTH2,TN,TAMILNADU,5
613010,TJV,TJV,THANJAVUR,SOUTH2,TN,TAMILNADU,5
613101,TJV,TJV,THANJAVUR,SOUTH2,TN,TAMILNADU,5
613104,TJV,TJV,THANJAVUR,SOUTH2,TN,TAMILNADU,5
613205,TJV,TJV,THANJAVUR,SOUTH2,TN,TAMILNADU,5
613303,TJV,TJV,THANJAVUR,SOUTH2,TN,TAMILNADU,5
613401,TJV,TJV,THANJAVUR,SOUTH2,TN,TAMILNADU,5
613403,TJV,TJV,THANJAVUR,SOUTH2,TN,TAMILNADU,5
613601,TJV,TJV,THANJAVUR,SOUTH2,TN,TAMILNADU,5
613704,TIZ,TIZ,TIRUVARUR,SOUTH2,TN,TAMILNADU,5
614001,IRG,IRG,MANNARGUDI,SOUTH2,TN,TAMILNADU,5
614010,IRG,IRG,MANNARGUDI,SOUTH2,TN,TAMILNADU,5
614013,IRG,IRG,MANNARGUDI,SOUTH2,TN,TAMILNADU,5
614014,IRG,IRG,MANNARGUDI,SOUTH2,TN,TAMILNADU,5
614015,IRG,IRG,MANNARGUDI,SOUTH2,TN,TAMILNADU,5
614016,IRG,IRG,MANNARGUDI,SOUTH2,TN,TAMILNADU,5
614017,IRG,IRG,MANNARGUDI,SOUTH2,TN,TAMILNADU,5
614018,IRG,IRG,MANNARGUDI,SOUTH2,TN,TAMILNADU,5
614020,IRG,IRG,MANNARGUDI,SOUTH2,TN,TAMILNADU,5
614101,IRG,IRG,MANNARGUDI,SOUTH2,TN,TAMILNADU,5
614201,TJV,TJV,THANJAVUR,SOUTH2,TN,TAMILNADU,5
614202,TJV,TJV,THANJAVUR,SOUTH2,TN,TAMILNADU,5
614203,KMK,KMK,KUMBAKONAM,SOUTH2,TN,TAMILNADU,5
614205,KMK,KMK,KUMBAKONAM,SOUTH2,TN,TAMILNADU,5
614206,TJV,TJV,THANJAVUR,SOUTH2,TN,TAMILNADU,5
614207,KMK,KMK,KUMBAKONAM,SOUTH2,TN,TAMILNADU,5
614208,KMK,KMK,KUMBAKONAM,SOUTH2,TN,TAMILNADU,5
614302,KMK,KMK,KUMBAKONAM,SOUTH2,TN,TAMILNADU,5
614303,TJV,TJV,THANJAVUR,SOUTH2,TN,TAMILNADU,5
614403,IRG,IRG,MANNARGUDI,SOUTH2,TN,TAMILNADU,5
614404,IRG,IRG,MANNARGUDI,SOUTH2,TN,TAMILNADU,5
614601,PKK,PKK,PATTUKOTTAI,SOUTH2,TN,TAMILNADU,5
614602,PKK,PKK,PATTUKOTTAI,SOUTH2,TN,TAMILNADU,5
614615,PKK,PKK,PATTUKOTTAI,SOUTH2,TN,TAMILNADU,5
614616,AGI,AGI,ARANTHANGI,SOUTH2,TN,TAMILNADU,5
614623,AGI,AGI,ARANTHANGI,SOUTH2,TN,TAMILNADU,5
614624,AGI,AGI,ARANTHANGI,SOUTH2,TN,TAMILNADU,5
614701,PKK,PKK,PATTUKOTTAI,SOUTH2,TN,TAMILNADU,5
614704,PKK,PKK,PATTUKOTTAI,SOUTH2,TN,TAMILNADU,5
614708,TTP,TTP,THIRUTHURAIPOONDI,SOUTH2,TN,TAMILNADU,5
614713,TTP,TTP,THIRUTHURAIPOONDI,SOUTH2,TN,TAMILNADU,5
614714,TTP,TTP,THIRUTHURAIPOONDI,SOUTH2,TN,TAMILNADU,5
614717,IRG,IRG,MANNARGUDI,SOUTH2,TN,TAMILNADU,5
614804,PKK,PKK,PATTUKOTTAI,SOUTH2,TN,TAMILNADU,5
614901,PKK,PKK,PATTUKOTTAI,SOUTH2,TN,TAMILNADU,5
614906,PKK,PKK,PATTUKOTTAI,SOUTH2,TN,TAMILNADU,5
620001,TRZ,TCT,TIRUCHIRAPALLI CITY,SOUTH2,TN,TAMILNADU,5
620002,TRZ,TPL,TRZ SERVICE CENTRE,SOUTH2,TN,TAMILNADU,5
620003,TRZ,TPL,TRZ SERVICE CENTRE,SOUTH2,TN,TAMILNADU,5
620004,TRZ,TKK,TRICHY KK NAGAR,SOUTH2,TN,TAMILNADU,5
620005,TRZ,TPL,TRZ SERVICE CENTRE,SOUTH2,TN,TAMILNADU,5
620006,TRZ,TPL,TRZ SERVICE CENTRE,SOUTH2,TN,TAMILNADU,5
620007,TRZ,TKK,TRICHY KK NAGAR,SOUTH2,TN,TAMILNADU,5
620008,TRZ,TPL,TRZ SERVICE CENTRE,SOUTH2,TN,TAMILNADU,5
620009,TRZ,TCT,TIRUCHIRAPALLI CITY,SOUTH2,TN,TAMILNADU,5
620010,TRZ,TPL,TRZ SERVICE CENTRE,SOUTH2,TN,TAMILNADU,5
620011,TRZ,TPL,TRZ SERVICE CENTRE,SOUTH2,TN,TAMILNADU,5
620012,TRZ,TCT,TIRUCHIRAPALLI CITY,SOUTH2,TN,TAMILNADU,5
620013,TVR,TVR,THIRUVERUMBUR BHEL,SOUTH2,TN,TAMILNADU,5
620014,TKR,TKR,THIRUVERUMBUR,SOUTH2,TN,TAMILNADU,5
620015,TKR,TKR,THIRUVERUMBUR,SOUTH2,TN,TAMILNADU,5
620016,TRZ,TKK,TRICHY KK NAGAR,SOUTH2,TN,TAMILNADU,5
620017,TRZ,TPL,TRZ SERVICE CENTRE,SOUTH2,TN,TAMILNADU,5
620018,TRZ,TPL,TRZ SERVICE CENTRE,SOUTH2,TN,TAMILNADU,5
620019,TKR,TKR,THIRUVERUMBUR,SOUTH2,TN,TAMILNADU,5
620020,TRZ,TKK,TRICHY KK NAGAR,SOUTH2,TN,TAMILNADU,5
620021,TRZ,TKK,TRICHY KK NAGAR,SOUTH2,TN,TAMILNADU,5
620022,TKR,TKR,THIRUVERUMBUR,SOUTH2,TN,TAMILNADU,5
620023,TRZ,TKK,TRICHY KK NAGAR,SOUTH2,TN,TAMILNADU,5
620024,TRZ,TKK,TRICHY KK NAGAR,SOUTH2,TN,TAMILNADU,5
620025,TRZ,TKK,TRICHY KK NAGAR,SOUTH2,TN,TAMILNADU,5
620026,TRZ,TKK,TRICHY KK NAGAR,SOUTH2,TN,TAMILNADU,5
620101,TRZ,TPL,TRZ SERVICE CENTRE,SOUTH2,TN,TAMILNADU,5
620102,TRZ,TPL,TRZ SERVICE CENTRE,SOUTH2,TN,TAMILNADU,5
621005,SGA,SGA,SRIRANGAM,SOUTH2,TN,TAMILNADU,5
621008,TYR,TYR,THURAIYURI,SOUTH2,TN,TAMILNADU,5
621010,TYR,TYR,THURAIYURI,SOUTH2,TN,TAMILNADU,5
621012,TYR,TYR,THURAIYURI,SOUTH2,TN,TAMILNADU,5
621014,TYR,TYR,THURAIYURI,SOUTH2,TN,TAMILNADU,5
621103,PER,PER,PERAMBALUR,SOUTH2,TN,TAMILNADU,5
621104,PER,PER,PERAMBALUR,SOUTH2,TN,TAMILNADU,5
621105,SGA,SGA,SRIRANGAM,SOUTH2,TN,TAMILNADU,5
621108,PER,PER,PERAMBALUR,SOUTH2,TN,TAMILNADU,5
621110,TSL,TSL,THALAIVASAL,SOUTH2,TN,TAMILNADU,5
621112,SGA,SGA,SRIRANGAM,SOUTH2,TN,TAMILNADU,5
621113,PER,PER,PERAMBALUR,SOUTH2,TN,TAMILNADU,5
621115,PER,PER,PERAMBALUR,SOUTH2,TN,TAMILNADU,5
621117,PER,PER,PERAMBALUR,SOUTH2,TN,TAMILNADU,5
621202,KUI,KUI,MUSIRI,SOUTH2,TN,TAMILNADU,5
621203,KUI,KUI,MUSIRI,SOUTH2,TN,TAMILNADU,5
621206,TYR,TYR,THURAIYURI,SOUTH2,TN,TAMILNADU,5
621207,KUI,KUI,MUSIRI,SOUTH2,TN,TAMILNADU,5
621209,KUI,KUI,MUSIRI,SOUTH2,TN,TAMILNADU,5
621211,KUI,KUI,MUSIRI,SOUTH2,TN,TAMILNADU,5
621212,PER,PER,PERAMBALUR,SOUTH2,TN,TAMILNADU,5
621213,SGA,SGA,SRIRANGAM,SOUTH2,TN,TAMILNADU,5
621214,KUI,KUI,MUSIRI,SOUTH2,TN,TAMILNADU,5
621215,KUI,KUI,MUSIRI,SOUTH2,TN,TAMILNADU,5
621216,SGA,SGA,SRIRANGAM,SOUTH2,TN,TAMILNADU,5
621218,SGA,SGA,SRIRANGAM,SOUTH2,TN,TAMILNADU,5
621219,PER,PER,PERAMBALUR,SOUTH2,TN,TAMILNADU,5
621220,PER,PER,PERAMBALUR,SOUTH2,TN,TAMILNADU,5
621306,MPI,MPI,MANAPARAI,SOUTH2,TN,TAMILNADU,5
621307,MPI,MPI,MANAPARAI,SOUTH2,TN,TAMILNADU,5
621312,MPI,MPI,MANAPARAI,SOUTH2,TN,TAMILNADU,5
621314,MPI,MPI,MANAPARAI,SOUTH2,TN,TAMILNADU,5
621316,MPI,MPI,MANAPARAI,SOUTH2,TN,TAMILNADU,5
621591,SRA,SRA,SANKARANKOIL,SOUTH2,TN,TAMILNADU,5
621601,SGA,SGA,SRIRANGAM,SOUTH2,TN,TAMILNADU,5
621651,ALR,ALR,ARIYALUR,SOUTH2,TN,TAMILNADU,5
621704,ALR,ALR,ARIYALUR,SOUTH2,TN,TAMILNADU,5
621707,ALR,ALR,ARIYALUR,SOUTH2,TN,TAMILNADU,5
621710,JKM,JKM,JAYANKONDAM,SOUTH2,TN,TAMILNADU,5
621713,ALR,ALR,ARIYALUR,SOUTH2,TN,TAMILNADU,5
621801,JKM,JKM,JAYANKONDAM,SOUTH2,TN,TAMILNADU,5
621802,JKM,JKM,JAYANKONDAM,SOUTH2,TN,TAMILNADU,5
621803,JKM,JKM,JAYANKONDAM,SOUTH2,TN,TAMILNADU,5
621804,JKM,JKM,JAYANKONDAM,SOUTH2,TN,TAMILNADU,5
621806,JKM,JKM,JAYANKONDAM,SOUTH2,TN,TAMILNADU,5
622001,XKK,XKK,PUDUKKOTTAI,SOUTH2,TN,TAMILNADU,5
622002,XKK,XKK,PUDUKKOTTAI,SOUTH2,TN,TAMILNADU,5
622003,XKK,XKK,PUDUKKOTTAI,SOUTH2,TN,TAMILNADU,5
622301,AGI,AGI,ARANTHANGI,SOUTH2,TN,TAMILNADU,5
622302,PKK,PKK,PATTUKOTTAI,SOUTH2,TN,TAMILNADU,5
622515,TRZ,TKK,TRICHY KK NAGAR,SOUTH2,TN,TAMILNADU,5
623115,KMM,KMM,KAMUTHI,SOUTH2,TN,TAMILNADU,5
623135,KDB,KDB,KADALADI,SOUTH2,TN,TAMILNADU,5
623315,TON,TON,THONDI,SOUTH2,TN,TAMILNADU,5
623402,TON,TON,THONDI,SOUTH2,TN,TAMILNADU,5
623403,TON,TON,THONDI,SOUTH2,TN,TAMILNADU,5
623404,TON,TON,THONDI,SOUTH2,TN,TAMILNADU,5
623406,TON,TON,THONDI,SOUTH2,TN,TAMILNADU,5
623407,TON,TON,THONDI,SOUTH2,TN,TAMILNADU,5
623409,TON,TON,THONDI,SOUTH2,TN,TAMILNADU,5
623501,RAM,RAM,RAMANATHAPURAM,SOUTH2,TN,TAMILNADU,5
623503,RAM,RAM,RAMANATHAPURAM,SOUTH2,TN,TAMILNADU,5
623504,RAM,RAM,RAMANATHAPURAM,SOUTH2,TN,TAMILNADU,5
623513,RAM,RAM,RAMANATHAPURAM,SOUTH2,TN,TAMILNADU,5
623514,RAM,RAM,RAMANATHAPURAM,SOUTH2,TN,TAMILNADU,5
623515,RAM,RAM,RAMANATHAPURAM,SOUTH2,TN,TAMILNADU,5
623517,RAM,RAM,RAMANATHAPURAM,SOUTH2,TN,TAMILNADU,5
623518,MAM,MAM,MANDAPAM,SOUTH2,TN,TAMILNADU,5
623519,MAM,MAM,MANDAPAM,SOUTH2,TN,TAMILNADU,5
623520,MAM,MAM,MANDAPAM,SOUTH2,TN,TAMILNADU,5
623521,MAM,MAM,MANDAPAM,SOUTH2,TN,TAMILNADU,5
623522,RAM,RAM,RAMANATHAPURAM,SOUTH2,TN,TAMILNADU,5
623523,RAM,RAM,RAMANATHAPURAM,SOUTH2,TN,TAMILNADU,5
623525,TON,TON,THONDI,SOUTH2,TN,TAMILNADU,5
623526,MAM,MAM,MANDAPAM,SOUTH2,TN,TAMILNADU,5
623529,MAM,MAM,MANDAPAM,SOUTH2,TN,TAMILNADU,5
623530,RAM,RAM,RAMANATHAPURAM,SOUTH2,TN,TAMILNADU,5
623532,RAM,RAM,RAMANATHAPURAM,SOUTH2,TN,TAMILNADU,5
623533,RAM,RAM,RAMANATHAPURAM,SOUTH2,TN,TAMILNADU,5
623534,RAM,RAM,RAMANATHAPURAM,SOUTH2,TN,TAMILNADU,5
623536,RAM,RAM,RAMANATHAPURAM,SOUTH2,TN,TAMILNADU,5
623538,TON,TON,THONDI,SOUTH2,TN,TAMILNADU,5
623566,RAM,RAM,RAMANATHAPURAM,SOUTH2,TN,TAMILNADU,5
623603,KMM,KMM,KAMUTHI,SOUTH2,TN,TAMILNADU,5
623604,KMM,KMM,KAMUTHI,SOUTH2,TN,TAMILNADU,5
623605,KMM,KMM,KAMUTHI,SOUTH2,TN,TAMILNADU,5
623701,XDI,XDI,PARAMAKUDI,SOUTH2,TN,TAMILNADU,5
623704,KDB,KDB,KADALADI,SOUTH2,TN,TAMILNADU,5
623705,XDI,XDI,PARAMAKUDI,SOUTH2,TN,TAMILNADU,5
623707,XDI,XDI,PARAMAKUDI,SOUTH2,TN,TAMILNADU,5
623708,KDB,KDB,KADALADI,SOUTH2,TN,TAMILNADU,5
623711,KDB,KDB,KADALADI,SOUTH2,TN,TAMILNADU,5
623712,KDB,KDB,KADALADI,SOUTH2,TN,TAMILNADU,5
623806,RAM,RAM,RAMANATHAPURAM,SOUTH2,TN,TAMILNADU,5
624001,DND,DND,DINDIGUL,SOUTH2,TN,TAMILNADU,5
624002,DND,DND,DINDIGUL,SOUTH2,TN,TAMILNADU,5
624003,DND,DND,DINDIGUL,SOUTH2,TN,TAMILNADU,5
624004,PPS,PPS,BALAKRISHNAPURAM,SOUTH2,TN,TAMILNADU,5
624005,DND,DND,DINDIGUL,SOUTH2,TN,TAMILNADU,5
624006,DND,DND,DINDIGUL,SOUTH2,TN,TAMILNADU,5
624007,DND,DND,DINDIGUL,SOUTH2,TN,TAMILNADU,5
624008,DND,DND,DINDIGUL,SOUTH2,TN,TAMILNADU,5
624009,DND,DND,DINDIGUL,SOUTH2,TN,TAMILNADU,5
624010,DND,DND,DINDIGUL,SOUTH2,TN,TAMILNADU,5
624101,KIS,KIS,KODAIKANAL,SOUTH2,TN,TAMILNADU,5
624102,KIS,KIS,KODAIKANAL,SOUTH2,TN,TAMILNADU,5
624103,KIS,KIS,KODAIKANAL,SOUTH2,TN,TAMILNADU,5
624201,PPS,PPS,BALAKRISHNAPURAM,SOUTH2,TN,TAMILNADU,5
624202,NKI,NKI,NILAKOTTAI,SOUTH2,TN,TAMILNADU,5
624204,DNF,DNF,BATALAGUNDU,SOUTH2,TN,TAMILNADU,5
624206,PPS,PPS,BALAKRISHNAPURAM,SOUTH2,TN,TAMILNADU,5
624208,NKI,NKI,NILAKOTTAI,SOUTH2,TN,TAMILNADU,5
624211,DNF,DNF,BATALAGUNDU,SOUTH2,TN,TAMILNADU,5
624212,ODC,ODC,ODDANCHATRAM,SOUTH2,TN,TAMILNADU,5
624215,NKI,NKI,NILAKOTTAI,SOUTH2,TN,TAMILNADU,5
624216,DNF,DNF,BATALAGUNDU,SOUTH2,TN,TAMILNADU,5
624219,NKI,NKI,NILAKOTTAI,SOUTH2,TN,TAMILNADU,5
624220,DNF,DNF,BATALAGUNDU,SOUTH2,TN,TAMILNADU,5
624301,PPS,PPS,BALAKRISHNAPURAM,SOUTH2,TN,TAMILNADU,5
624302,PPS,PPS,BALAKRISHNAPURAM,SOUTH2,TN,TAMILNADU,5
624304,DND,DND,DINDIGUL,SOUTH2,TN,TAMILNADU,5
624306,DND,DND,DINDIGUL,SOUTH2,TN,TAMILNADU,5
624307,PPS,PPS,BALAKRISHNAPURAM,SOUTH2,TN,TAMILNADU,5
624308,DND,DND,DINDIGUL,SOUTH2,TN,TAMILNADU,5
624401,DND,DND,DINDIGUL,SOUTH2,TN,TAMILNADU,5
624402,DND,DND,DINDIGUL,SOUTH2,TN,TAMILNADU,5
624403,DND,DND,DINDIGUL,SOUTH2,TN,TAMILNADU,5
624601,XAL,XAL,PALANI,SOUTH2,TN,TAMILNADU,5
624612,ODC,ODC,ODDANCHATRAM,SOUTH2,TN,TAMILNADU,5
624614,ODC,ODC,ODDANCHATRAM,SOUTH2,TN,TAMILNADU,5
624616,ODC,ODC,ODDANCHATRAM,SOUTH2,TN,TAMILNADU,5
624619,ODC,ODC,ODDANCHATRAM,SOUTH2,TN,TAMILNADU,5
624620,PPS,PPS,BALAKRISHNAPURAM,SOUTH2,TN,TAMILNADU,5
624622,ODC,ODC,ODDANCHATRAM,SOUTH2,TN,TAMILNADU,5
624701,PPS,PPS,BALAKRISHNAPURAM,SOUTH2,TN,TAMILNADU,5
624702,PPS,PPS,BALAKRISHNAPURAM,SOUTH2,TN,TAMILNADU,5
624703,DND,DND,DINDIGUL,SOUTH2,TN,TAMILNADU,5
624704,ODC,ODC,ODDANCHATRAM,SOUTH2,TN,TAMILNADU,5
624705,ODC,ODC,ODDANCHATRAM,SOUTH2,TN,TAMILNADU,5
624706,DND,DND,DINDIGUL,SOUTH2,TN,TAMILNADU,5
624707,PPS,PPS,BALAKRISHNAPURAM,SOUTH2,TN,TAMILNADU,5
624708,NKI,NKI,NILAKOTTAI,SOUTH2,TN,TAMILNADU,5
624709,PPS,PPS,BALAKRISHNAPURAM,SOUTH2,TN,TAMILNADU,5
624710,PPS,PPS,BALAKRISHNAPURAM,SOUTH2,TN,TAMILNADU,5
624711,PPS,PPS,BALAKRISHNAPURAM,SOUTH2,TN,TAMILNADU,5
624712,ODC,ODC,ODDANCHATRAM,SOUTH2,TN,TAMILNADU,5
624801,DND,DND,DINDIGUL,SOUTH2,TN,TAMILNADU,5
624802,DND,DND,DINDIGUL,SOUTH2,TN,TAMILNADU,5
625001,IXM,MUI,MADURAI,SOUTH2,TN,TAMILNADU,5
625002,IXM,MUI,MADURAI,SOUTH2,TN,TAMILNADU,5
625003,IXM,MBP,MADURAI BYE-PASS,SOUTH2,TN,TAMILNADU,5
625004,IXM,MBP,MADURAI BYE-PASS,SOUTH2,TN,TAMILNADU,5
625005,IXM,MBP,MADURAI BYE-PASS,SOUTH2,TN,TAMILNADU,5
625006,IXM,MBP,MADURAI BYE-PASS,SOUTH2,TN,TAMILNADU,5
625007,IXM,MUI,MADURAI,SOUTH2,TN,TAMILNADU,5
625008,IXM,MBP,MADURAI BYE-PASS,SOUTH2,TN,TAMILNADU,5
625009,SAI,SAI,SULAIMAN,SOUTH2,TN,TAMILNADU,5
625010,IXM,MBP,MADURAI BYE-PASS,SOUTH2,TN,TAMILNADU,5
625011,IXM,MBP,MADURAI BYE-PASS,SOUTH2,TN,TAMILNADU,5
625012,SAI,SAI,SULAIMAN,SOUTH2,TN,TAMILNADU,5
625013,IXM,MUI,MADURAI,SOUTH2,TN,TAMILNADU,5
625014,IXM,MUI,MADURAI,SOUTH2,TN,TAMILNADU,5
625015,IXM,MBP,MADURAI BYE-PASS,SOUTH2,TN,TAMILNADU,5
625016,IXM,MBP,MADURAI BYE-PASS,SOUTH2,TN,TAMILNADU,5
625017,IXM,MUI,MADURAI,SOUTH2,TN,TAMILNADU,5
625018,IXM,MBP,MADURAI BYE-PASS,SOUTH2,TN,TAMILNADU,5
625019,IXM,MBP,MADURAI BYE-PASS,SOUTH2,TN,TAMILNADU,5
625020,IXM,MUI,MADURAI,SOUTH2,TN,TAMILNADU,5
625021,IXM,MBP,MADURAI BYE-PASS,SOUTH2,TN,TAMILNADU,5
625022,SAI,SAI,SULAIMAN,SOUTH2,TN,TAMILNADU,5
625023,IXM,MUI,MADURAI,SOUTH2,TN,TAMILNADU,5
625104,IXM,MUI,MADURAI,SOUTH2,TN,TAMILNADU,5
625106,ILR,ILR,MELLUR,SOUTH2,TN,TAMILNADU,5
625107,IXM,MUI,MADURAI,SOUTH2,TN,TAMILNADU,5
625122,ILR,ILR,MELLUR,SOUTH2,TN,TAMILNADU,5
625218,SYR,SYR,SAMAYANALLUR,SOUTH2,TN,TAMILNADU,5
625221,SYR,SYR,SAMAYANALLUR,SOUTH2,TN,TAMILNADU,5
625234,SYR,SYR,SAMAYANALLUR,SOUTH2,TN,TAMILNADU,5
625301,IXM,MUI,MADURAI,SOUTH2,TN,TAMILNADU,5
625401,IXM,MBP,MADURAI BYE-PASS,SOUTH2,TN,TAMILNADU,5
625402,IXM,MBP,MADURAI BYE-PASS,SOUTH2,TN,TAMILNADU,5
625501,SYR,SYR,SAMAYANALLUR,SOUTH2,TN,TAMILNADU,5
625503,SYR,SYR,SAMAYANALLUR,SOUTH2,TN,TAMILNADU,5
625512,THE,THE,THENI,SOUTH2,TN,TAMILNADU,5
625513,BYA,BYA,BODINAYAKKANUR,SOUTH2,TN,TAMILNADU,5
625514,TGM,TGM,TIRUMANGALAM,SOUTH2,TN,TAMILNADU,5
625515,CBA,CBA,CUMBAM,SOUTH2,TN,TAMILNADU,5
625516,CBA,CBA,CUMBAM,SOUTH2,TN,TAMILNADU,5
625518,CBA,CBA,CUMBAM,SOUTH2,TN,TAMILNADU,5
625521,CBA,CBA,CUMBAM,SOUTH2,TN,TAMILNADU,5
625522,CBA,CBA,CUMBAM,SOUTH2,TN,TAMILNADU,5
625524,CBA,CBA,CUMBAM,SOUTH2,TN,TAMILNADU,5
625525,CBA,CBA,CUMBAM,SOUTH2,TN,TAMILNADU,5
625526,CBA,CBA,CUMBAM,SOUTH2,TN,TAMILNADU,5
625528,BYA,BYA,BODINAYAKKANUR,SOUTH2,TN,TAMILNADU,5
625529,TGM,TGM,TIRUMANGALAM,SOUTH2,TN,TAMILNADU,5
625530,BYA,BYA,BODINAYAKKANUR,SOUTH2,TN,TAMILNADU,5
625531,THE,THE,THENI,SOUTH2,TN,TAMILNADU,5
625532,TGM,TGM,TIRUMANGALAM,SOUTH2,TN,TAMILNADU,5
625533,CBA,CBA,CUMBAM,SOUTH2,TN,TAMILNADU,5
625534,THE,THE,THENI,SOUTH2,TN,TAMILNADU,5
625535,TGM,TGM,TIRUMANGALAM,SOUTH2,TN,TAMILNADU,5
625536,THE,THE,THENI,SOUTH2,TN,TAMILNADU,5
625537,DNF,DNF,BATALAGUNDU,SOUTH2,TN,TAMILNADU,5
625556,CBA,CBA,CUMBAM,SOUTH2,TN,TAMILNADU,5
625701,TGM,TGM,TIRUMANGALAM,SOUTH2,TN,TAMILNADU,5
625702,TGM,TGM,TIRUMANGALAM,SOUTH2,TN,TAMILNADU,5
625703,TGM,TGM,TIRUMANGALAM,SOUTH2,TN,TAMILNADU,5
625704,TGM,TGM,TIRUMANGALAM,SOUTH2,TN,TAMILNADU,5
625705,TGM,TGM,TIRUMANGALAM,SOUTH2,TN,TAMILNADU,5
625706,TGM,TGM,TIRUMANGALAM,SOUTH2,TN,TAMILNADU,5
625707,TGM,TGM,TIRUMANGALAM,SOUTH2,TN,TAMILNADU,5
625708,TGM,TGM,TIRUMANGALAM,SOUTH2,TN,TAMILNADU,5
626001,VNG,VNG,VIRUDHUNAGAR,SOUTH2,TN,TAMILNADU,5
626002,VNG,VNG,VIRUDHUNAGAR,SOUTH2,TN,TAMILNADU,5
626003,VNG,VNG,VIRUDHUNAGAR,SOUTH2,TN,TAMILNADU,5
626004,VNG,VNG,VIRUDHUNAGAR,SOUTH2,TN,TAMILNADU,5
626005,VNG,VNG,VIRUDHUNAGAR,SOUTH2,TN,TAMILNADU,5
626100,RJP,RJP,RAJAPALAYAM,SOUTH2,TN,TAMILNADU,5
626101,AKT,AKT,ARUPPUKOTTAI,SOUTH2,TN,TAMILNADU,5
626103,VNG,VNG,VIRUDHUNAGAR,SOUTH2,TN,TAMILNADU,5
626105,AKT,AKT,ARUPPUKOTTAI,SOUTH2,TN,TAMILNADU,5
626107,AKT,AKT,ARUPPUKOTTAI,SOUTH2,TN,TAMILNADU,5
626109,VNG,VNG,VIRUDHUNAGAR,SOUTH2,TN,TAMILNADU,5
626110,SVI,SVI,SRIVILLIPUTHUR,SOUTH2,TN,TAMILNADU,5
626114,KMM,KMM,KAMUTHI,SOUTH2,TN,TAMILNADU,5
626116,SVI,SVI,SRIVILLIPUTHUR,SOUTH2,TN,TAMILNADU,5
626117,RJP,RJP,RAJAPALAYAM,SOUTH2,TN,TAMILNADU,5
626119,SIV,SIV,SIVAKASI,SOUTH2,TN,TAMILNADU,5
626123,SIV,SIV,SIVAKASI,SOUTH2,TN,TAMILNADU,5
626124,SIV,SIV,SIVAKASI,SOUTH2,TN,TAMILNADU,5
626125,SVI,SVI,SRIVILLIPUTHUR,SOUTH2,TN,TAMILNADU,5
626126,SVI,SVI,SRIVILLIPUTHUR,SOUTH2,TN,TAMILNADU,5
626128,SIV,SIV,SIVAKASI,SOUTH2,TN,TAMILNADU,5
626130,SIV,SIV,SIVAKASI,SOUTH2,TN,TAMILNADU,5
626132,SVI,SVI,SRIVILLIPUTHUR,SOUTH2,TN,TAMILNADU,5
626135,SVI,SVI,SRIVILLIPUTHUR,SOUTH2,TN,TAMILNADU,5
626138,SVI,SVI,SRIVILLIPUTHUR,SOUTH2,TN,TAMILNADU,5
626141,SIV,SIV,SIVAKASI,SOUTH2,TN,TAMILNADU,5
626149,SVI,SVI,SRIVILLIPUTHUR,SOUTH2,TN,TAMILNADU,5
626188,RJP,RJP,RAJAPALAYAM,SOUTH2,TN,TAMILNADU,5
626189,SIV,SIV,SIVAKASI,SOUTH2,TN,TAMILNADU,5
626202,SIV,SIV,SIVAKASI,SOUTH2,TN,TAMILNADU,5
626203,SIV,SIV,SIVAKASI,SOUTH2,TN,TAMILNADU,5
626204,SIV,SIV,SIVAKASI,SOUTH2,TN,TAMILNADU,5
627001,TEE,TEE,TIRUNELVELI,SOUTH2,TN,TAMILNADU,5
627002,TEE,TEE,TIRUNELVELI,SOUTH2,TN,TAMILNADU,5
627003,TEE,TEE,TIRUNELVELI,SOUTH2,TN,TAMILNADU,5
627004,TEE,TEE,TIRUNELVELI,SOUTH2,TN,TAMILNADU,5
627005,TEE,TEE,TIRUNELVELI,SOUTH2,TN,TAMILNADU,5
627006,TEE,TEE,TIRUNELVELI,SOUTH2,TN,TAMILNADU,5
627007,TEE,TEE,TIRUNELVELI,SOUTH2,TN,TAMILNADU,5
627008,TEE,TEE,TIRUNELVELI,SOUTH2,TN,TAMILNADU,5
627009,TEE,TEE,TIRUNELVELI,SOUTH2,TN,TAMILNADU,5
627010,TEE,TEE,TIRUNELVELI,SOUTH2,TN,TAMILNADU,5
627011,TEE,TEE,TIRUNELVELI,SOUTH2,TN,TAMILNADU,5
627012,TEE,TEE,TIRUNELVELI,SOUTH2,TN,TAMILNADU,5
627109,PNI,PNI,PANAGUDI,SOUTH2,TN,TAMILNADU,5
627117,PNI,PNI,PANAGUDI,SOUTH2,TN,TAMILNADU,5
627151,TEE,TEE,TIRUNELVELI,SOUTH2,TN,TAMILNADU,5
627152,TEE,TEE,TIRUNELVELI,SOUTH2,TN,TAMILNADU,5
627201,TEE,TEE,TIRUNELVELI,SOUTH2,TN,TAMILNADU,5
627351,TEE,TEE,TIRUNELVELI,SOUTH2,TN,TAMILNADU,5
627352,TEE,TEE,TIRUNELVELI,SOUTH2,TN,TAMILNADU,5
627353,TEE,TEE,TIRUNELVELI,SOUTH2,TN,TAMILNADU,5
627356,TEE,TEE,TIRUNELVELI,SOUTH2,TN,TAMILNADU,5
627357,TEE,TEE,TIRUNELVELI,SOUTH2,TN,TAMILNADU,5
627358,TEE,TEE,TIRUNELVELI,SOUTH2,TN,TAMILNADU,5
627359,TEE,TEE,TIRUNELVELI,SOUTH2,TN,TAMILNADU,5
627401,AMR,AMR,AMBASAMUDRAM,SOUTH2,TN,TAMILNADU,5
627412,AMR,AMR,AMBASAMUDRAM,SOUTH2,TN,TAMILNADU,5
627413,AMR,AMR,AMBASAMUDRAM,SOUTH2,TN,TAMILNADU,5
627414,AMR,AMR,AMBASAMUDRAM,SOUTH2,TN,TAMILNADU,5
627415,TSI,TSI,TENKASI,SOUTH2,TN,TAMILNADU,5
627416,AMR,AMR,AMBASAMUDRAM,SOUTH2,TN,TAMILNADU,5
627417,AMR,AMR,AMBASAMUDRAM,SOUTH2,TN,TAMILNADU,5
627418,AMR,AMR,AMBASAMUDRAM,SOUTH2,TN,TAMILNADU,5
627420,AMR,AMR,AMBASAMUDRAM,SOUTH2,TN,TAMILNADU,5
627421,AMR,AMR,AMBASAMUDRAM,SOUTH2,TN,TAMILNADU,5
627422,AMR,AMR,AMBASAMUDRAM,SOUTH2,TN,TAMILNADU,5
627423,AMR,AMR,AMBASAMUDRAM,SOUTH2,TN,TAMILNADU,5
627424,AMR,AMR,AMBASAMUDRAM,SOUTH2,TN,TAMILNADU,5
627425,AMR,AMR,AMBASAMUDRAM,SOUTH2,TN,TAMILNADU,5
627426,AMR,AMR,AMBASAMUDRAM,SOUTH2,TN,TAMILNADU,5
627427,AMR,AMR,AMBASAMUDRAM,SOUTH2,TN,TAMILNADU,5
627428,AMR,AMR,AMBASAMUDRAM,SOUTH2,TN,TAMILNADU,5
627451,TEE,TEE,TIRUNELVELI,SOUTH2,TN,TAMILNADU,5
627452,AMR,AMR,AMBASAMUDRAM,SOUTH2,TN,TAMILNADU,5
627453,AMR,AMR,AMBASAMUDRAM,SOUTH2,TN,TAMILNADU,5
627601,AMR,AMR,AMBASAMUDRAM,SOUTH2,TN,TAMILNADU,5
627602,AMR,AMR,AMBASAMUDRAM,SOUTH2,TN,TAMILNADU,5
627603,AMR,AMR,AMBASAMUDRAM,SOUTH2,TN,TAMILNADU,5
627604,TEE,TEE,TIRUNELVELI,SOUTH2,TN,TAMILNADU,5
627659,TEE,TEE,TIRUNELVELI,SOUTH2,TN,TAMILNADU,5
627719,SRA,SRA,SANKARANKOIL,SOUTH2,TN,TAMILNADU,5
627751,TSI,TSI,TENKASI,SOUTH2,TN,TAMILNADU,5
627753,SRA,SRA,SANKARANKOIL,SOUTH2,TN,TAMILNADU,5
627754,SRA,SRA,SANKARANKOIL,SOUTH2,TN,TAMILNADU,5
627755,SRA,SRA,SANKARANKOIL,SOUTH2,TN,TAMILNADU,5
627756,SRA,SRA,SANKARANKOIL,SOUTH2,TN,TAMILNADU,5
627758,SRA,SRA,SANKARANKOIL,SOUTH2,TN,TAMILNADU,5
627759,TSI,TSI,TENKASI,SOUTH2,TN,TAMILNADU,5
627760,SRA,SRA,SANKARANKOIL,SOUTH2,TN,TAMILNADU,5
627761,SRA,SRA,SANKARANKOIL,SOUTH2,TN,TAMILNADU,5
627764,SRA,SRA,SANKARANKOIL,SOUTH2,TN,TAMILNADU,5
627802,TSI,TSI,TENKASI,SOUTH2,TN,TAMILNADU,5
627803,TSI,TSI,TENKASI,SOUTH2,TN,TAMILNADU,5
627804,TSI,TSI,TENKASI,SOUTH2,TN,TAMILNADU,5
627805,TSI,TSI,TENKASI,SOUTH2,TN,TAMILNADU,5
627806,TSI,TSI,TENKASI,SOUTH2,TN,TAMILNADU,5
627807,TSI,TSI,TENKASI,SOUTH2,TN,TAMILNADU,5
627808,TSI,TSI,TENKASI,SOUTH2,TN,TAMILNADU,5
627809,TSI,TSI,TENKASI,SOUTH2,TN,TAMILNADU,5
627811,TSI,TSI,TENKASI,SOUTH2,TN,TAMILNADU,5
627812,TSI,TSI,TENKASI,SOUTH2,TN,TAMILNADU,5
627813,TSI,TSI,TENKASI,SOUTH2,TN,TAMILNADU,5
627814,TSI,TSI,TENKASI,SOUTH2,TN,TAMILNADU,5
627818,TSI,TSI,TENKASI,SOUTH2,TN,TAMILNADU,5
627851,TSI,TSI,TENKASI,SOUTH2,TN,TAMILNADU,5
627852,TSI,TSI,TENKASI,SOUTH2,TN,TAMILNADU,5
627855,SRA,SRA,SANKARANKOIL,SOUTH2,TN,TAMILNADU,5
627856,TSI,TSI,TENKASI,SOUTH2,TN,TAMILNADU,5
627858,TSI,TSI,TENKASI,SOUTH2,TN,TAMILNADU,5
627859,TSI,TSI,TENKASI,SOUTH2,TN,TAMILNADU,5
627862,SRA,SRA,SANKARANKOIL,SOUTH2,TN,TAMILNADU,5
627953,SRA,SRA,SANKARANKOIL,SOUTH2,TN,TAMILNADU,5
628001,TTC,TTC,TUTICORIN,SOUTH2,TN,TAMILNADU,5
628002,TTC,TTC,TUTICORIN,SOUTH2,TN,TAMILNADU,5
628003,TTC,TTC,TUTICORIN,SOUTH2,TN,TAMILNADU,5
628004,TTC,TTC,TUTICORIN,SOUTH2,TN,TAMILNADU,5
628005,TTC,TTC,TUTICORIN,SOUTH2,TN,TAMILNADU,5
628006,TTC,TTC,TUTICORIN,SOUTH2,TN,TAMILNADU,5
628007,TTC,TTC,TUTICORIN,SOUTH2,TN,TAMILNADU,5
628008,TTC,TTC,TUTICORIN,SOUTH2,TN,TAMILNADU,5
628101,VGK,VGK,VAGAIKULAM,SOUTH2,TN,TAMILNADU,5
628102,TTC,TTC,TUTICORIN,SOUTH2,TN,TAMILNADU,5
628103,VGK,VGK,VAGAIKULAM,SOUTH2,TN,TAMILNADU,5
628105,TTC,TTC,TUTICORIN,SOUTH2,TN,TAMILNADU,5
628151,TCD,TCD,TIRUCHENDUR,SOUTH2,TN,TAMILNADU,5
628152,TCD,TCD,TIRUCHENDUR,SOUTH2,TN,TAMILNADU,5
628202,TCD,TCD,TIRUCHENDUR,SOUTH2,TN,TAMILNADU,5
628203,TCD,TCD,TIRUCHENDUR,SOUTH2,TN,TAMILNADU,5
628204,TCD,TCD,TIRUCHENDUR,SOUTH2,TN,TAMILNADU,5
628215,TCD,TCD,TIRUCHENDUR,SOUTH2,TN,TAMILNADU,5
628251,TTC,TTC,TUTICORIN,SOUTH2,TN,TAMILNADU,5
628252,TEE,TEE,TIRUNELVELI,SOUTH2,TN,TAMILNADU,5
628303,TEE,TEE,TIRUNELVELI,SOUTH2,TN,TAMILNADU,5
628304,TTC,TTC,TUTICORIN,SOUTH2,TN,TAMILNADU,5
628313,TEE,TEE,TIRUNELVELI,SOUTH2,TN,TAMILNADU,5
628501,KLT,KLT,KOVILPATTI,SOUTH2,TN,TAMILNADU,5
628502,KLT,KLT,KOVILPATTI,SOUTH2,TN,TAMILNADU,5
628552,SRA,SRA,SANKARANKOIL,SOUTH2,TN,TAMILNADU,5
628616,NZT,NZT,NAZERETH,SOUTH2,TN,TAMILNADU,5
628617,NZT,NZT,NAZERETH,SOUTH2,TN,TAMILNADU,5
628722,TTC,TTC,TUTICORIN,SOUTH2,TN,TAMILNADU,5
628801,TCD,TCD,TIRUCHENDUR,SOUTH2,TN,TAMILNADU,5
628809,TEE,TEE,TIRUNELVELI,SOUTH2,TN,TAMILNADU,5
628851,TEE,TEE,TIRUNELVELI,SOUTH2,TN,TAMILNADU,5
628907,KMM,KMM,KAMUTHI,SOUTH2,TN,TAMILNADU,5
629001,NOI,NOI,NAGERCOIL,SOUTH2,TN,TAMILNADU,5
629002,NOI,NOI,NAGERCOIL,SOUTH2,TN,TAMILNADU,5
629003,NOI,NOI,NAGERCOIL,SOUTH2,TN,TAMILNADU,5
629004,NOI,NOI,NAGERCOIL,SOUTH2,TN,TAMILNADU,5
629153,IHA,IHA,MARTHANDAM,SOUTH2,TN,TAMILNADU,5
629157,IHA,IHA,MARTHANDAM,SOUTH2,TN,TAMILNADU,5
629163,IHA,IHA,MARTHANDAM,SOUTH2,TN,TAMILNADU,5
629165,IHA,IHA,MARTHANDAM,SOUTH2,TN,TAMILNADU,5
629167,TAK,TAK,THUCKALAY,SOUTH2,TN,TAMILNADU,5
629174,TAK,TAK,THUCKALAY,SOUTH2,TN,TAMILNADU,5
629175,TAK,TAK,THUCKALAY,SOUTH2,TN,TAMILNADU,5
629177,IHA,IHA,MARTHANDAM,SOUTH2,TN,TAMILNADU,5
629180,TAK,TAK,THUCKALAY,SOUTH2,TN,TAMILNADU,5
629251,TAK,TAK,THUCKALAY,SOUTH2,TN,TAMILNADU,5
629302,NOI,NOI,NAGERCOIL,SOUTH2,TN,TAMILNADU,5
629401,KMI,KMI,KANYAKUMARI,SOUTH2,TN,TAMILNADU,5
629402,KMI,KMI,KANYAKUMARI,SOUTH2,TN,TAMILNADU,5
629403,KMI,KMI,KANYAKUMARI,SOUTH2,TN,TAMILNADU,5
629501,NOI,NOI,NAGERCOIL,SOUTH2,TN,TAMILNADU,5
629502,NOI,NOI,NAGERCOIL,SOUTH2,TN,TAMILNADU,5
629601,NOI,NOI,NAGERCOIL,SOUTH2,TN,TAMILNADU,5
629602,KMI,KMI,KANYAKUMARI,SOUTH2,TN,TAMILNADU,5
629701,KMI,KMI,KANYAKUMARI,SOUTH2,TN,TAMILNADU,5
629702,KMI,KMI,KANYAKUMARI,SOUTH2,TN,TAMILNADU,5
629703,KMI,KMI,KANYAKUMARI,SOUTH2,TN,TAMILNADU,5
629801,NOI,NOI,NAGERCOIL,SOUTH2,TN,TAMILNADU,5
629802,TAK,TAK,THUCKALAY,SOUTH2,TN,TAMILNADU,5
629852,NOI,NOI,NAGERCOIL,SOUTH2,TN,TAMILNADU,5
629901,NOI,NOI,NAGERCOIL,SOUTH2,TN,TAMILNADU,5
630001,KAD,KAD,KARAIKUDI,SOUTH2,TN,TAMILNADU,5
630002,KAD,KAD,KARAIKUDI,SOUTH2,TN,TAMILNADU,5
630003,KAD,KAD,KARAIKUDI,SOUTH2,TN,TAMILNADU,5
630004,KAD,KAD,KARAIKUDI,SOUTH2,TN,TAMILNADU,5
630005,KAD,KAD,KARAIKUDI,SOUTH2,TN,TAMILNADU,5
630101,KAD,KAD,KARAIKUDI,SOUTH2,TN,TAMILNADU,5
630102,KAD,KAD,KARAIKUDI,SOUTH2,TN,TAMILNADU,5
630103,KAD,KAD,KARAIKUDI,SOUTH2,TN,TAMILNADU,5
630104,KAD,KAD,KARAIKUDI,SOUTH2,TN,TAMILNADU,5
630106,KAD,KAD,KARAIKUDI,SOUTH2,TN,TAMILNADU,5
630107,KAD,KAD,KARAIKUDI,SOUTH2,TN,TAMILNADU,5
630108,KAD,KAD,KARAIKUDI,SOUTH2,TN,TAMILNADU,5
630202,KAD,KAD,KARAIKUDI,SOUTH2,TN,TAMILNADU,5
630206,KAD,KAD,KARAIKUDI,SOUTH2,TN,TAMILNADU,5
630207,KAD,KAD,KARAIKUDI,SOUTH2,TN,TAMILNADU,5
630208,KAD,KAD,KARAIKUDI,SOUTH2,TN,TAMILNADU,5
630211,KAD,KAD,KARAIKUDI,SOUTH2,TN,TAMILNADU,5
630301,KAD,KAD,KARAIKUDI,SOUTH2,TN,TAMILNADU,5
630302,DKI,DKI,DEVAKOTTAI,SOUTH2,TN,TAMILNADU,5
630303,DKI,DKI,DEVAKOTTAI,SOUTH2,TN,TAMILNADU,5
630306,DKI,DKI,DEVAKOTTAI,SOUTH2,TN,TAMILNADU,5
630307,KAD,KAD,KARAIKUDI,SOUTH2,TN,TAMILNADU,5
630311,DKI,DKI,DEVAKOTTAI,SOUTH2,TN,TAMILNADU,5
630312,DKI,DKI,DEVAKOTTAI,SOUTH2,TN,TAMILNADU,5
630314,DKI,DKI,DEVAKOTTAI,SOUTH2,TN,TAMILNADU,5
630317,KAD,KAD,KARAIKUDI,SOUTH2,TN,TAMILNADU,5
630411,DKI,DKI,DEVAKOTTAI,SOUTH2,TN,TAMILNADU,5
630551,SVA,SVA,SIVAGANGAI,SOUTH2,TN,TAMILNADU,5
630552,SVA,SVA,SIVAGANGAI,SOUTH2,TN,TAMILNADU,5
630555,SVA,SVA,SIVAGANGAI,SOUTH2,TN,TAMILNADU,5
630556,SVA,SVA,SIVAGANGAI,SOUTH2,TN,TAMILNADU,5
630557,SVA,SVA,SIVAGANGAI,SOUTH2,TN,TAMILNADU,5
630558,SVA,SVA,SIVAGANGAI,SOUTH2,TN,TAMILNADU,5
630561,SVA,SVA,SIVAGANGAI,SOUTH2,TN,TAMILNADU,5
630562,SVA,SVA,SIVAGANGAI,SOUTH2,TN,TAMILNADU,5
630606,SVA,SVA,SIVAGANGAI,SOUTH2,TN,TAMILNADU,5
630611,SVA,SVA,SIVAGANGAI,SOUTH2,TN,TAMILNADU,5
630702,XDI,XDI,PARAMAKUDI,SOUTH2,TN,TAMILNADU,5
630709,XDI,XDI,PARAMAKUDI,SOUTH2,TN,TAMILNADU,5
631001,AOF,AOF,ARAKKONAM REACH,SOUTH1,TN,TAMILNADU,5
631002,AOF,AOF,ARAKKONAM REACH,SOUTH1,TN,TAMILNADU,5
631003,AOF,AOF,ARAKKONAM REACH,SOUTH1,TN,TAMILNADU,5
631005,AOF,AOF,ARAKKONAM REACH,SOUTH1,TN,TAMILNADU,5
631006,AOF,AOF,ARAKKONAM REACH,SOUTH1,TN,TAMILNADU,5
631051,AOF,AOF,ARAKKONAM REACH,SOUTH1,TN,TAMILNADU,5
631102,SOG,SOG,SHOLINGHUR,SOUTH1,TN,TAMILNADU,5
631122,SAL,SLM,SALEM,SOUTH2,TN,TAMILNADU,5
631151,AOF,AOF,ARAKKONAM REACH,SOUTH1,TN,TAMILNADU,5
631202,TOF,TOF,TIRUTHANI REACH,SOUTH1,TN,TAMILNADU,5
631203,TVF,TVF,TIRUVALLUR REACH,SOUTH1,TN,TAMILNADU,5
631207,TOF,TOF,TIRUTHANI REACH,SOUTH1,TN,TAMILNADU,5
631208,TOF,TOF,TIRUTHANI REACH,SOUTH1,TN,TAMILNADU,5
631209,TOF,TOF,TIRUTHANI REACH,SOUTH1,TN,TAMILNADU,5
631301,SOG,SOG,SHOLINGHUR,SOUTH1,TN,TAMILNADU,5
631302,SOG,SOG,SHOLINGHUR,SOUTH1,TN,TAMILNADU,5
631303,SOG,SOG,SHOLINGHUR,SOUTH1,TN,TAMILNADU,5
631402,PBF,PBF,PERAMBAKKAM,SOUTH1,TN,TAMILNADU,5
631501,KPM,KPM,KANCHIPURAM,SOUTH1,TN,TAMILNADU,5
631502,KPM,KPM,KANCHIPURAM,SOUTH1,TN,TAMILNADU,5
631503,KPM,KPM,KANCHIPURAM,SOUTH1,TN,TAMILNADU,5
631561,BCF,BCF,BALU CHETTY CHATRAM REACH,SOUTH1,TN,TAMILNADU,5
631601,BCF,BCF,BALU CHETTY CHATRAM REACH,SOUTH1,TN,TAMILNADU,5
631604,OGM,OGM,ORAGADAM,SOUTH1,TN,TAMILNADU,5
631605,BCF,BCF,BALU CHETTY CHATRAM REACH,SOUTH1,TN,TAMILNADU,5
631701,BCF,BCF,BALU CHETTY CHATRAM REACH,SOUTH1,TN,TAMILNADU,5
632001,VLR,VUR,VELLORE,SOUTH1,TN,TAMILNADU,5
632002,VLR,VUR,VELLORE,SOUTH1,TN,TAMILNADU,5
632003,VLR,VUR,VELLORE,SOUTH1,TN,TAMILNADU,5
632004,VLR,VUR,VELLORE,SOUTH1,TN,TAMILNADU,5
632005,VLR,VUR,VELLORE,SOUTH1,TN,TAMILNADU,5
632006,VLR,VUR,VELLORE,SOUTH1,TN,TAMILNADU,5
632007,VLR,VUR,VELLORE,SOUTH1,TN,TAMILNADU,5
632008,VLR,VUR,VELLORE,SOUTH1,TN,TAMILNADU,5
632009,VLR,VUR,VELLORE,SOUTH1,TN,TAMILNADU,5
632010,VLR,VUR,VELLORE,SOUTH1,TN,TAMILNADU,5
632011,VLR,VUR,VELLORE,SOUTH1,TN,TAMILNADU,5
632012,VLR,VUR,VELLORE,SOUTH1,TN,TAMILNADU,5
632013,VLR,VUR,VELLORE,SOUTH1,TN,TAMILNADU,5
632014,VLR,VUT,VIT SERVICE CENTRE,SOUTH1,TN,TAMILNADU,5
632055,VLR,VUR,VELLORE,SOUTH1,TN,TAMILNADU,5
632057,VLR,VUR,VELLORE,SOUTH1,TN,TAMILNADU,5
632058,VLR,VUR,VELLORE,SOUTH1,TN,TAMILNADU,5
632059,VUG,VUG,VIRNJIPURAM,SOUTH1,TN,TAMILNADU,5
632101,VUG,VUG,VIRNJIPURAM,SOUTH1,TN,TAMILNADU,5
632102,VUG,VUG,VIRNJIPURAM,SOUTH1,TN,TAMILNADU,5
632104,VUG,VUG,VIRNJIPURAM,SOUTH1,TN,TAMILNADU,5
632105,VUG,VUG,VIRNJIPURAM,SOUTH1,TN,TAMILNADU,5
632106,VLR,VUT,VIT SERVICE CENTRE,SOUTH1,TN,TAMILNADU,5
632107,GYM,GYM,GUDIYATHAM REACH,SOUTH1,TN,TAMILNADU,5
632113,VUG,VUG,VIRNJIPURAM,SOUTH1,TN,TAMILNADU,5
632114,VUG,VUG,VIRNJIPURAM,SOUTH1,TN,TAMILNADU,5
632115,VLR,VUT,VIT SERVICE CENTRE,SOUTH1,TN,TAMILNADU,5
632201,VUG,VUG,VIRNJIPURAM,SOUTH1,TN,TAMILNADU,5
632202,VUG,VUG,VIRNJIPURAM,SOUTH1,TN,TAMILNADU,5
632203,VUG,VUG,VIRNJIPURAM,SOUTH1,TN,TAMILNADU,5
632204,VUG,VUG,VIRNJIPURAM,SOUTH1,TN,TAMILNADU,5
632209,GYM,GYM,GUDIYATHAM REACH,SOUTH1,TN,TAMILNADU,5
632301,ANE,ANE,ARANI,SOUTH1,TN,TAMILNADU,5
632311,ANE,ANE,ARANI,SOUTH1,TN,TAMILNADU,5
632312,ANE,ANE,ARANI,SOUTH1,TN,TAMILNADU,5
632314,ANE,ANE,ARANI,SOUTH1,TN,TAMILNADU,5
632315,ANE,ANE,ARANI,SOUTH1,TN,TAMILNADU,5
632316,ANE,ANE,ARANI,SOUTH1,TN,TAMILNADU,5
632317,ANE,ANE,ARANI,SOUTH1,TN,TAMILNADU,5
632318,ANE,ANE,ARANI,SOUTH1,TN,TAMILNADU,5
632319,ANE,ANE,ARANI,SOUTH1,TN,TAMILNADU,5
632326,ANE,ANE,ARANI,SOUTH1,TN,TAMILNADU,5
632401,RPT,RPT,RANIPET,SOUTH1,TN,TAMILNADU,5
632402,RPT,RPT,RANIPET,SOUTH1,TN,TAMILNADU,5
632403,RPT,RPT,RANIPET,SOUTH1,TN,TAMILNADU,5
632404,RPT,RPT,RANIPET,SOUTH1,TN,TAMILNADU,5
632405,RPT,RPT,RANIPET,SOUTH1,TN,TAMILNADU,5
632406,RPT,RPT,RANIPET,SOUTH1,TN,TAMILNADU,5
632501,RPT,RPT,RANIPET,SOUTH1,TN,TAMILNADU,5
632503,RPT,RPT,RANIPET,SOUTH1,TN,TAMILNADU,5
632504,ANE,ANE,ARANI,SOUTH1,TN,TAMILNADU,5
632505,SOG,SOG,SHOLINGHUR,SOUTH1,TN,TAMILNADU,5
632506,RPT,RPT,RANIPET,SOUTH1,TN,TAMILNADU,5
632507,RPT,RPT,RANIPET,SOUTH1,TN,TAMILNADU,5
632508,RPT,RPT,RANIPET,SOUTH1,TN,TAMILNADU,5
632509,RPT,RPT,RANIPET,SOUTH1,TN,TAMILNADU,5
632512,ANE,ANE,ARANI,SOUTH1,TN,TAMILNADU,5
632513,RPT,RPT,RANIPET,SOUTH1,TN,TAMILNADU,5
632514,RPT,RPT,RANIPET,SOUTH1,TN,TAMILNADU,5
632515,RPT,RPT,RANIPET,SOUTH1,TN,TAMILNADU,5
632516,VLR,VUT,VIT SERVICE CENTRE,SOUTH1,TN,TAMILNADU,5
632517,VUG,VUG,VIRNJIPURAM,SOUTH1,TN,TAMILNADU,5
632519,VLR,VUT,VIT SERVICE CENTRE,SOUTH1,TN,TAMILNADU,5
632520,RPT,RPT,RANIPET,SOUTH1,TN,TAMILNADU,5
632521,RPT,RPT,RANIPET,SOUTH1,TN,TAMILNADU,5
632601,GYM,GYM,GUDIYATHAM REACH,SOUTH1,TN,TAMILNADU,5
632602,GYT,GYT,GUDIYATHAM,SOUTH1,TN,TAMILNADU,5
632603,GYM,GYM,GUDIYATHAM REACH,SOUTH1,TN,TAMILNADU,5
632604,GYM,GYM,GUDIYATHAM REACH,SOUTH1,TN,TAMILNADU,5
635001,KRG,KRG,KRISHNAGIRI,SOUTH2,TN,TAMILNADU,5
635002,KRG,KRG,KRISHNAGIRI,SOUTH2,TN,TAMILNADU,5
635101,KRG,KRG,KRISHNAGIRI,SOUTH2,TN,TAMILNADU,5
635103,HOR,HSS,HOSUR,SOUTH2,TN,TAMILNADU,5
635104,KRG,KRG,KRISHNAGIRI,SOUTH2,TN,TAMILNADU,5
635109,HOR,HSS,HOSUR,SOUTH2,TN,TAMILNADU,5
635110,HOR,HSS,HOSUR,SOUTH2,TN,TAMILNADU,5
635111,PKD,PKD,PALAKODU,SOUTH2,TN,TAMILNADU,5
635112,KRG,KRG,KRISHNAGIRI,SOUTH2,TN,TAMILNADU,5
635113,HOR,HSQ,HOSUR REACH,SOUTH2,TN,TAMILNADU,5
635114,HOR,HSS,HOSUR,SOUTH2,TN,TAMILNADU,5
635115,KRG,KRG,KRISHNAGIRI,SOUTH2,TN,TAMILNADU,5
635117,HOR,HSQ,HOSUR REACH,SOUTH2,TN,TAMILNADU,5
635119,HOR,HSQ,HOSUR REACH,SOUTH2,TN,TAMILNADU,5
635124,HOR,HSQ,HOSUR REACH,SOUTH2,TN,TAMILNADU,5
635125,HOR,HSS,HOSUR,SOUTH2,TN,TAMILNADU,5
635126,HOR,HSS,HOSUR,SOUTH2,TN,TAMILNADU,5
635201,PPI,PPI,POCHAMPALLI,SOUTH2,TN,TAMILNADU,5
635202,PPI,PPI,POCHAMPALLI,SOUTH2,TN,TAMILNADU,5
635203,PPI,PPI,POCHAMPALLI,SOUTH2,TN,TAMILNADU,5
635204,PPI,PPI,POCHAMPALLI,SOUTH2,TN,TAMILNADU,5
635206,PPI,PPI,POCHAMPALLI,SOUTH2,TN,TAMILNADU,5
635301,BMI,BMI,BOMMIDI,SOUTH2,TN,TAMILNADU,5
635302,BMI,BMI,BOMMIDI,SOUTH2,TN,TAMILNADU,5
635303,BMI,BMI,BOMMIDI,SOUTH2,TN,TAMILNADU,5
635304,PPI,PPI,POCHAMPALLI,SOUTH2,TN,TAMILNADU,5
635305,BMI,BMI,BOMMIDI,SOUTH2,TN,TAMILNADU,5
635601,TUX,TUX,TIRUPPATTUR (N.A),SOUTH1,TN,TAMILNADU,5
635602,TUX,TUX,TIRUPPATTUR (N.A),SOUTH1,TN,TAMILNADU,5
635653,TUX,TUX,TIRUPPATTUR (N.A),SOUTH1,TN,TAMILNADU,5
635701,VYB,VYB,VANIYAMBADI,SOUTH1,TN,TAMILNADU,5
635702,VYB,VYB,VANIYAMBADI,SOUTH1,TN,TAMILNADU,5
635710,VYB,VYB,VANIYAMBADI,SOUTH1,TN,TAMILNADU,5
635751,AMU,AMU,AMBUR,SOUTH1,TN,TAMILNADU,5
635752,VYB,VYB,VANIYAMBADI,SOUTH1,TN,TAMILNADU,5
635754,VYB,VYB,VANIYAMBADI,SOUTH1,TN,TAMILNADU,5
635801,VYB,VYB,VANIYAMBADI,SOUTH1,TN,TAMILNADU,5
635802,AMU,AMU,AMBUR,SOUTH1,TN,TAMILNADU,5
635803,GYT,GYT,GUDIYATHAM,SOUTH1,TN,TAMILNADU,5
635804,GYM,GYM,GUDIYATHAM REACH,SOUTH1,TN,TAMILNADU,5
635805,AMU,AMU,AMBUR,SOUTH1,TN,TAMILNADU,5
635806,GYM,GYM,GUDIYATHAM REACH,SOUTH1,TN,TAMILNADU,5
635807,VYB,VYB,VANIYAMBADI,SOUTH1,TN,TAMILNADU,5
635808,AMU,AMU,AMBUR,SOUTH1,TN,TAMILNADU,5
635809,GYM,GYM,GUDIYATHAM REACH,SOUTH1,TN,TAMILNADU,5
635810,GYT,GYT,GUDIYATHAM,SOUTH1,TN,TAMILNADU,5
635811,AMU,AMU,AMBUR,SOUTH1,TN,TAMILNADU,5
635813,GYM,GYM,GUDIYATHAM REACH,SOUTH1,TN,TAMILNADU,5
635814,AMU,AMU,AMBUR,SOUTH1,TN,TAMILNADU,5
635815,VYB,VYB,VANIYAMBADI,SOUTH1,TN,TAMILNADU,5
635851,VYB,VYB,VANIYAMBADI,SOUTH1,TN,TAMILNADU,5
635852,VYB,VYB,VANIYAMBADI,SOUTH1,TN,TAMILNADU,5
636001,SAL,HPY,HASTHAMPATTY,SOUTH2,TN,TAMILNADU,5
636002,SAL,SLM,SALEM,SOUTH2,TN,TAMILNADU,5
636003,SAL,HPY,HASTHAMPATTY,SOUTH2,TN,TAMILNADU,5
636004,SAL,SMC,OMR SERVICE CENTRE,SOUTH2,TN,TAMILNADU,5
636005,SAL,SMC,OMR SERVICE CENTRE,SOUTH2,TN,TAMILNADU,5
636006,SAL,SLM,SALEM,SOUTH2,TN,TAMILNADU,5
636007,SAL,HPY,HASTHAMPATTY,SOUTH2,TN,TAMILNADU,5
636008,SAL,HPY,HASTHAMPATTY,SOUTH2,TN,TAMILNADU,5
636009,SAL,SLM,SALEM,SOUTH2,TN,TAMILNADU,5
636010,SAL,SLM,SALEM,SOUTH2,TN,TAMILNADU,5
636011,SAL,SMC,OMR SERVICE CENTRE,SOUTH2,TN,TAMILNADU,5
636012,SAL,SMC,OMR SERVICE CENTRE,SOUTH2,TN,TAMILNADU,5
636013,SAL,SMC,OMR SERVICE CENTRE,SOUTH2,TN,TAMILNADU,5
636014,SAL,HPY,HASTHAMPATTY,SOUTH2,TN,TAMILNADU,5
636015,SAL,HPY,HASTHAMPATTY,SOUTH2,TN,TAMILNADU,5
636016,SAL,SMC,OMR SERVICE CENTRE,SOUTH2,TN,TAMILNADU,5
636017,SAL,HPY,HASTHAMPATTY,SOUTH2,TN,TAMILNADU,5
636030,SAL,SMC,OMR SERVICE CENTRE,SOUTH2,TN,TAMILNADU,5
636101,TSL,TSL,THALAIVASAL,SOUTH2,TN,TAMILNADU,5
636102,ATX,ATX,ATTUR,SOUTH2,TN,TAMILNADU,5
636103,SAL,HPY,HASTHAMPATTY,SOUTH2,TN,TAMILNADU,5
636104,VLD,VLD,VALAPADY,SOUTH2,TN,TAMILNADU,5
636105,ATX,ATX,ATTUR,SOUTH2,TN,TAMILNADU,5
636106,SAL,HPY,HASTHAMPATTY,SOUTH2,TN,TAMILNADU,5
636107,ATX,ATX,ATTUR,SOUTH2,TN,TAMILNADU,5
636108,ATX,ATX,ATTUR,SOUTH2,TN,TAMILNADU,5
636109,ATX,ATX,ATTUR,SOUTH2,TN,TAMILNADU,5
636110,ATX,ATX,ATTUR,SOUTH2,TN,TAMILNADU,5
636111,VLD,VLD,VALAPADY,SOUTH2,TN,TAMILNADU,5
636112,TSL,TSL,THALAIVASAL,SOUTH2,TN,TAMILNADU,5
636113,ATX,ATX,ATTUR,SOUTH2,TN,TAMILNADU,5
636114,VLD,VLD,VALAPADY,SOUTH2,TN,TAMILNADU,5
636115,VLD,VLD,VALAPADY,SOUTH2,TN,TAMILNADU,5
636116,TSL,TSL,THALAIVASAL,SOUTH2,TN,TAMILNADU,5
636117,VLD,VLD,VALAPADY,SOUTH2,TN,TAMILNADU,5
636118,ATX,ATX,ATTUR,SOUTH2,TN,TAMILNADU,5
636119,VLD,VLD,VALAPADY,SOUTH2,TN,TAMILNADU,5
636121,TSL,TSL,THALAIVASAL,SOUTH2,TN,TAMILNADU,5
636122,SAL,HPY,HASTHAMPATTY,SOUTH2,TN,TAMILNADU,5
636138,VLD,VLD,VALAPADY,SOUTH2,TN,TAMILNADU,5
636139,VLD,VLD,VALAPADY,SOUTH2,TN,TAMILNADU,5
636140,SAL,HPY,HASTHAMPATTY,SOUTH2,TN,TAMILNADU,5
636141,ATX,ATX,ATTUR,SOUTH2,TN,TAMILNADU,5
636142,ATX,ATX,ATTUR,SOUTH2,TN,TAMILNADU,5
636201,SAL,SLM,SALEM,SOUTH2,TN,TAMILNADU,5
636202,ATX,ATX,ATTUR,SOUTH2,TN,TAMILNADU,5
636203,MRL,MRL,MALLUR,SOUTH2,TN,TAMILNADU,5
636204,MRL,MRL,MALLUR,SOUTH2,TN,TAMILNADU,5
636301,MRL,MRL,MALLUR,SOUTH2,TN,TAMILNADU,5
636302,SAL,SMC,OMR SERVICE CENTRE,SOUTH2,TN,TAMILNADU,5
636307,SAL,SLM,SALEM,SOUTH2,TN,TAMILNADU,5
636308,KPY,KPY,KAKAPALAYAM,SOUTH2,TN,TAMILNADU,5
636309,OCY,OCY,OMALUR,SOUTH2,TN,TAMILNADU,5
636354,BMI,BMI,BOMMIDI,SOUTH2,TN,TAMILNADU,5
636401,IEX,IEX,METTUR,SOUTH2,TN,TAMILNADU,5
636402,IEX,IEX,METTUR,SOUTH2,TN,TAMILNADU,5
636403,IEX,IEX,METTUR,SOUTH2,TN,TAMILNADU,5
636453,OCY,OCY,OMALUR,SOUTH2,TN,TAMILNADU,5
636455,OCY,OCY,OMALUR,SOUTH2,TN,TAMILNADU,5
636502,OCY,OCY,OMALUR,SOUTH2,TN,TAMILNADU,5
636601,YCU,YCU,YERCAUD,SOUTH2,TN,TAMILNADU,5
636602,YCU,YCU,YERCAUD,SOUTH2,TN,TAMILNADU,5
636701,DPI,DPI,DHARMAPURI,SOUTH2,TN,TAMILNADU,5
636702,DPI,DPI,DHARMAPURI,SOUTH2,TN,TAMILNADU,5
636703,DPI,DPI,DHARMAPURI,SOUTH2,TN,TAMILNADU,5
636704,DPI,DPI,DHARMAPURI,SOUTH2,TN,TAMILNADU,5
636705,DPI,DPI,DHARMAPURI,SOUTH2,TN,TAMILNADU,5
636803,PKD,PKD,PALAKODU,SOUTH2,TN,TAMILNADU,5
636805,PKD,PKD,PALAKODU,SOUTH2,TN,TAMILNADU,5
636806,PKD,PKD,PALAKODU,SOUTH2,TN,TAMILNADU,5
636808,PKD,PKD,PALAKODU,SOUTH2,TN,TAMILNADU,5
636809,PKD,PKD,PALAKODU,SOUTH2,TN,TAMILNADU,5
636810,PKD,PKD,PALAKODU,SOUTH2,TN,TAMILNADU,5
636813,PKD,PKD,PALAKODU,SOUTH2,TN,TAMILNADU,5
636905,BMI,BMI,BOMMIDI,SOUTH2,TN,TAMILNADU,5
637001,NAM,NAM,NAMAKKAL,SOUTH2,TN,TAMILNADU,5
637002,NAM,NAM,NAMAKKAL,SOUTH2,TN,TAMILNADU,5
637003,NAM,NAM,NAMAKKAL,SOUTH2,TN,TAMILNADU,5
637013,NAM,NAM,NAMAKKAL,SOUTH2,TN,TAMILNADU,5
637014,RSI,RSI,RASIPURAM,SOUTH2,TN,TAMILNADU,5
637018,RSI,RSI,RASIPURAM,SOUTH2,TN,TAMILNADU,5
637101,SII,SII,SANKARIDURG,SOUTH2,TN,TAMILNADU,5
637102,KPY,KPY,KAKAPALAYAM,SOUTH2,TN,TAMILNADU,5
637103,KPY,KPY,KAKAPALAYAM,SOUTH2,TN,TAMILNADU,5
637104,BVA,BVA,BHAVINI,SOUTH2,TN,TAMILNADU,5
637105,SII,SII,SANKARIDURG,SOUTH2,TN,TAMILNADU,5
637209,TGD,TGD,TIRUCHENGODU,SOUTH2,TN,TAMILNADU,5
637211,TGD,TGD,TIRUCHENGODU,SOUTH2,TN,TAMILNADU,5
637215,PPY,PPY,PALLIPALAYAM,SOUTH2,TN,TAMILNADU,5
637301,SII,SII,SANKARIDURG,SOUTH2,TN,TAMILNADU,5
637302,SII,SII,SANKARIDURG,SOUTH2,TN,TAMILNADU,5
637303,SII,SII,SANKARIDURG,SOUTH2,TN,TAMILNADU,5
637401,RSI,RSI,RASIPURAM,SOUTH2,TN,TAMILNADU,5
637402,RSI,RSI,RASIPURAM,SOUTH2,TN,TAMILNADU,5
637403,RSI,RSI,RASIPURAM,SOUTH2,TN,TAMILNADU,5
637406,RSI,RSI,RASIPURAM,SOUTH2,TN,TAMILNADU,5
637407,RSI,RSI,RASIPURAM,SOUTH2,TN,TAMILNADU,5
637408,RSI,RSI,RASIPURAM,SOUTH2,TN,TAMILNADU,5
637410,RSI,RSI,RASIPURAM,SOUTH2,TN,TAMILNADU,5
637411,ATX,ATX,ATTUR,SOUTH2,TN,TAMILNADU,5
637412,RSI,RSI,RASIPURAM,SOUTH2,TN,TAMILNADU,5
637501,MRL,MRL,MALLUR,SOUTH2,TN,TAMILNADU,5
637502,KPY,KPY,KAKAPALAYAM,SOUTH2,TN,TAMILNADU,5
637503,KPY,KPY,KAKAPALAYAM,SOUTH2,TN,TAMILNADU,5
637504,KPY,KPY,KAKAPALAYAM,SOUTH2,TN,TAMILNADU,5
637505,MRL,MRL,MALLUR,SOUTH2,TN,TAMILNADU,5
638001,EDE,EDE,ERODE,SOUTH2,TN,TAMILNADU,5
638002,KOI,KOI,KOLLAMPALAYAM,SOUTH2,TN,TAMILNADU,5
638003,PPY,PPY,PALLIPALAYAM,SOUTH2,TN,TAMILNADU,5
638004,EDE,EDE,ERODE,SOUTH2,TN,TAMILNADU,5
638005,EDE,EDE,ERODE,SOUTH2,TN,TAMILNADU,5
638006,PPY,PPY,PALLIPALAYAM,SOUTH2,TN,TAMILNADU,5
638007,PPY,PPY,PALLIPALAYAM,SOUTH2,TN,TAMILNADU,5
638008,PPY,PPY,PALLIPALAYAM,SOUTH2,TN,TAMILNADU,5
638009,EDE,EDE,ERODE,SOUTH2,TN,TAMILNADU,5
638010,PPY,PPY,PALLIPALAYAM,SOUTH2,TN,TAMILNADU,5
638011,EDE,EDE,ERODE,SOUTH2,TN,TAMILNADU,5
638012,EDE,EDE,ERODE,SOUTH2,TN,TAMILNADU,5
638051,PXR,PXR,PERUNDURAI,SOUTH2,TN,TAMILNADU,5
638052,PXR,PXR,PERUNDURAI,SOUTH2,TN,TAMILNADU,5
638053,PXR,PXR,PERUNDURAI,SOUTH2,TN,TAMILNADU,5
638056,PXR,PXR,PERUNDURAI,SOUTH2,TN,TAMILNADU,5
638101,KOI,KOI,KOLLAMPALAYAM,SOUTH2,TN,TAMILNADU,5
638102,EDE,EDE,ERODE,SOUTH2,TN,TAMILNADU,5
638103,GOD,GOD,GOBICHETTIPALAYAM,SOUTH2,TN,TAMILNADU,5
638104,KOI,KOI,KOLLAMPALAYAM,SOUTH2,TN,TAMILNADU,5
638105,VKL,VKL,VELLAKOIL,SOUTH2,TN,TAMILNADU,5
638106,AVK,AVK,ARAVAKURICHI,SOUTH2,TN,TAMILNADU,5
638107,EDE,EDE,ERODE,SOUTH2,TN,TAMILNADU,5
638108,KGG,KGG,KANGEYAM,SOUTH2,TN,TAMILNADU,5
638111,VKL,VKL,VELLAKOIL,SOUTH2,TN,TAMILNADU,5
638112,EDE,EDE,ERODE,SOUTH2,TN,TAMILNADU,5
638115,KOI,KOI,KOLLAMPALAYAM,SOUTH2,TN,TAMILNADU,5
638153,KOI,KOI,KOLLAMPALAYAM,SOUTH2,TN,TAMILNADU,5
638154,KOI,KOI,KOLLAMPALAYAM,SOUTH2,TN,TAMILNADU,5
638182,PAV,PAV,PARAMATHI VELLUR,SOUTH2,TN,TAMILNADU,5
638183,BVA,BVA,BHAVINI,SOUTH2,TN,TAMILNADU,5
638301,BVA,BVA,BHAVINI,SOUTH2,TN,TAMILNADU,5
638302,BVA,BVA,BHAVINI,SOUTH2,TN,TAMILNADU,5
638311,BVA,BVA,BHAVINI,SOUTH2,TN,TAMILNADU,5
638312,BVA,BVA,BHAVINI,SOUTH2,TN,TAMILNADU,5
638314,BVA,BVA,BHAVINI,SOUTH2,TN,TAMILNADU,5
638315,BVA,BVA,BHAVINI,SOUTH2,TN,TAMILNADU,5
638316,BVA,BVA,BHAVINI,SOUTH2,TN,TAMILNADU,5
638401,SYM,SYM,SATHIAMANGALAM,SOUTH2,TN,TAMILNADU,5
638402,SYM,SYM,SATHIAMANGALAM,SOUTH2,TN,TAMILNADU,5
638452,GOD,GOD,GOBICHETTIPALAYAM,SOUTH2,TN,TAMILNADU,5
638455,GOD,GOD,GOBICHETTIPALAYAM,SOUTH2,TN,TAMILNADU,5
638458,GOD,GOD,GOBICHETTIPALAYAM,SOUTH2,TN,TAMILNADU,5
638476,GOD,GOD,GOBICHETTIPALAYAM,SOUTH2,TN,TAMILNADU,5
638501,BVA,BVA,BHAVINI,SOUTH2,TN,TAMILNADU,5
638502,BVA,BVA,BHAVINI,SOUTH2,TN,TAMILNADU,5
638503,SYM,SYM,SATHIAMANGALAM,SOUTH2,TN,TAMILNADU,5
638504,BVA,BVA,BHAVINI,SOUTH2,TN,TAMILNADU,5
638653,GPR,GPR,GANESHAPURAM,SOUTH2,TN,TAMILNADU,5
638656,DPM,DPM,DHARAPURAM,SOUTH2,TN,TAMILNADU,5
638657,DPM,DPM,DHARAPURAM,SOUTH2,TN,TAMILNADU,5
638660,KGG,KGG,KANGEYAM,SOUTH2,TN,TAMILNADU,5
638661,DPM,DPM,DHARAPURAM,SOUTH2,TN,TAMILNADU,5
638672,DPM,DPM,DHARAPURAM,SOUTH2,TN,TAMILNADU,5
638673,DPM,DPM,DHARAPURAM,SOUTH2,TN,TAMILNADU,5
638697,GPR,GPR,GANESHAPURAM,SOUTH2,TN,TAMILNADU,5
638701,KGG,KGG,KANGEYAM,SOUTH2,TN,TAMILNADU,5
638702,DPM,DPM,DHARAPURAM,SOUTH2,TN,TAMILNADU,5
638703,KGG,KGG,KANGEYAM,SOUTH2,TN,TAMILNADU,5
638706,DPM,DPM,DHARAPURAM,SOUTH2,TN,TAMILNADU,5
639001,KAR,KAR,KARUR,SOUTH2,TN,TAMILNADU,5
639002,KAR,KAR,KARUR,SOUTH2,TN,TAMILNADU,5
639003,KAR,KAR,KARUR,SOUTH2,TN,TAMILNADU,5
639004,KAR,KAR,KARUR,SOUTH2,TN,TAMILNADU,5
639005,KAR,KAR,KARUR,SOUTH2,TN,TAMILNADU,5
639006,KAR,KAR,KARUR,SOUTH2,TN,TAMILNADU,5
639007,KAR,KAR,KARUR,SOUTH2,TN,TAMILNADU,5
639008,KAR,KAR,KARUR,SOUTH2,TN,TAMILNADU,5
639101,TRZ,TPL,TRZ SERVICE CENTRE,SOUTH2,TN,TAMILNADU,5
639103,KUI,KUI,MUSIRI,SOUTH2,TN,TAMILNADU,5
639104,KUI,KUI,MUSIRI,SOUTH2,TN,TAMILNADU,5
639105,KUI,KUI,MUSIRI,SOUTH2,TN,TAMILNADU,5
639107,KUI,KUI,MUSIRI,SOUTH2,TN,TAMILNADU,5
639109,AVK,AVK,ARAVAKURICHI,SOUTH2,TN,TAMILNADU,5
639110,KUI,KUI,MUSIRI,SOUTH2,TN,TAMILNADU,5
639111,AVK,AVK,ARAVAKURICHI,SOUTH2,TN,TAMILNADU,5
639112,KUI,KUI,MUSIRI,SOUTH2,TN,TAMILNADU,5
639114,KAR,KAR,KARUR,SOUTH2,TN,TAMILNADU,5
639117,PAV,PAV,PARAMATHI VELLUR,SOUTH2,TN,TAMILNADU,5
639118,KAR,KAR,KARUR,SOUTH2,TN,TAMILNADU,5
639136,PAV,PAV,PARAMATHI VELLUR,SOUTH2,TN,TAMILNADU,5
639201,AVK,AVK,ARAVAKURICHI,SOUTH2,TN,TAMILNADU,5
639202,AVK,AVK,ARAVAKURICHI,SOUTH2,TN,TAMILNADU,5
639203,AVK,AVK,ARAVAKURICHI,SOUTH2,TN,TAMILNADU,5
639205,AVK,AVK,ARAVAKURICHI,SOUTH2,TN,TAMILNADU,5
639207,AVK,AVK,ARAVAKURICHI,SOUTH2,TN,TAMILNADU,5
641001,CJB,RPM,COIMBATORE,SOUTH2,TN,TAMILNADU,5
641002,CJB,RPM,COIMBATORE,SOUTH2,TN,TAMILNADU,5
641003,CJB,RPM,COIMBATORE,SOUTH2,TN,TAMILNADU,5
641004,CJB,AVM,AVINASHI ROAD,SOUTH2,TN,TAMILNADU,5
641005,CJB,VPM,VELLALORE PATINAM S/C,SOUTH2,TN,TAMILNADU,5
641006,CJB,PPM,COIMBATORE,SOUTH2,TN,TAMILNADU,5
641007,CJB,RPM,COIMBATORE,SOUTH2,TN,TAMILNADU,5
641008,CJB,RPM,COIMBATORE,SOUTH2,TN,TAMILNADU,5
641009,CJB,PPM,COIMBATORE,SOUTH2,TN,TAMILNADU,5
641010,CJB,RPM,COIMBATORE,SOUTH2,TN,TAMILNADU,5
641011,CJB,KVM,KAVUNDAMPLAYAM,SOUTH2,TN,TAMILNADU,5
641012,CJB,AVM,AVINASHI ROAD,SOUTH2,TN,TAMILNADU,5
641013,CJB,KVM,KAVUNDAMPLAYAM,SOUTH2,TN,TAMILNADU,5
641014,CJB,AVM,AVINASHI ROAD,SOUTH2,TN,TAMILNADU,5
641015,CJB,VPM,VELLALORE PATINAM S/C,SOUTH2,TN,TAMILNADU,5
641016,CJB,VPM,VELLALORE PATINAM S/C,SOUTH2,TN,TAMILNADU,5
641017,CJB,KVM,KAVUNDAMPLAYAM,SOUTH2,TN,TAMILNADU,5
641018,CJB,PPM,COIMBATORE,SOUTH2,TN,TAMILNADU,5
641019,PKM,PKM,PERIYANAICKANPALAYAM,SOUTH2,TN,TAMILNADU,5
641020,PKM,PKM,PERIYANAICKANPALAYAM,SOUTH2,TN,TAMILNADU,5
641021,MAK,MAK,MALUMICHAMPATTI,SOUTH2,TN,TAMILNADU,5
641022,CJB,KVM,KAVUNDAMPLAYAM,SOUTH2,TN,TAMILNADU,5
641023,CJB,VPM,VELLALORE PATINAM S/C,SOUTH2,TN,TAMILNADU,5
641024,MAK,MAK,MALUMICHAMPATTI,SOUTH2,TN,TAMILNADU,5
641025,CJB,KVM,KAVUNDAMPLAYAM,SOUTH2,TN,TAMILNADU,5
641026,CJB,RPM,COIMBATORE,SOUTH2,TN,TAMILNADU,5
641027,CJB,PPM,COIMBATORE,SOUTH2,TN,TAMILNADU,5
641028,CJB,VPM,VELLALORE PATINAM S/C,SOUTH2,TN,TAMILNADU,5
641029,CJB,KVM,KAVUNDAMPLAYAM,SOUTH2,TN,TAMILNADU,5
641030,CJB,KVM,KAVUNDAMPLAYAM,SOUTH2,TN,TAMILNADU,5
641031,PKM,PKM,PERIYANAICKANPALAYAM,SOUTH2,TN,TAMILNADU,5
641032,KEA,KEA,KINATHUKADAVU,SOUTH2,TN,TAMILNADU,5
641033,CJB,VPM,VELLALORE PATINAM S/C,SOUTH2,TN,TAMILNADU,5
641034,CJB,KVM,KAVUNDAMPLAYAM,SOUTH2,TN,TAMILNADU,5
641035,SAR,SAR,SARAVANAMPATTY,SOUTH2,TN,TAMILNADU,5
641036,CJB,VPM,VELLALORE PATINAM S/C,SOUTH2,TN,TAMILNADU,5
641037,CJB,PPM,COIMBATORE,SOUTH2,TN,TAMILNADU,5
641038,CJB,KVM,KAVUNDAMPLAYAM,SOUTH2,TN,TAMILNADU,5
641039,CJB,RPM,COIMBATORE,SOUTH2,TN,TAMILNADU,5
641040,CJB,RPM,COIMBATORE,SOUTH2,TN,TAMILNADU,5
641041,CJB,KVM,KAVUNDAMPLAYAM,SOUTH2,TN,TAMILNADU,5
641042,CJB,RPM,COIMBATORE,SOUTH2,TN,TAMILNADU,5
641043,CJB,KVM,KAVUNDAMPLAYAM,SOUTH2,TN,TAMILNADU,5
641044,CJB,PPM,COIMBATORE,SOUTH2,TN,TAMILNADU,5
641045,CJB,VPM,VELLALORE PATINAM S/C,SOUTH2,TN,TAMILNADU,5
641046,CJB,KVM,KAVUNDAMPLAYAM,SOUTH2,TN,TAMILNADU,5
641047,PKM,PKM,PERIYANAICKANPALAYAM,SOUTH2,TN,TAMILNADU,5
641048,CJB,AVM,AVINASHI ROAD,SOUTH2,TN,TAMILNADU,5
641049,SAR,SAR,SARAVANAMPATTY,SOUTH2,TN,TAMILNADU,5
641050,MAK,MAK,MALUMICHAMPATTI,SOUTH2,TN,TAMILNADU,5
641062,NTM,NTM,NEELAMBUR,SOUTH2,TN,TAMILNADU,5
641065,NTM,NTM,NEELAMBUR,SOUTH2,TN,TAMILNADU,5
641101,ALD,ALD,ALANDURAI,SOUTH2,TN,TAMILNADU,5
641103,NTM,NTM,NEELAMBUR,SOUTH2,TN,TAMILNADU,5
641104,ITT,ITT,METTUPALAYAM,SOUTH2,TN,TAMILNADU,5
641105,MAK,MAK,MALUMICHAMPATTI,SOUTH2,TN,TAMILNADU,5
641107,GPR,GPR,GANESHAPURAM,SOUTH2,TN,TAMILNADU,5
641108,CJB,KVM,KAVUNDAMPLAYAM,SOUTH2,TN,TAMILNADU,5
641109,ALD,ALD,ALANDURAI,SOUTH2,TN,TAMILNADU,5
641110,SAR,SAR,SARAVANAMPATTY,SOUTH2,TN,TAMILNADU,5
641111,CJB,VPM,VELLALORE PATINAM S/C,SOUTH2,TN,TAMILNADU,5
641112,MAK,MAK,MALUMICHAMPATTI,SOUTH2,TN,TAMILNADU,5
641114,ALD,ALD,ALANDURAI,SOUTH2,TN,TAMILNADU,5
641201,KEA,KEA,KINATHUKADAVU,SOUTH2,TN,TAMILNADU,5
641202,POL,POL,POLLACHI,SOUTH2,TN,TAMILNADU,5
641301,ITT,ITT,METTUPALAYAM,SOUTH2,TN,TAMILNADU,5
641401,ULR,ULR,SULUR,SOUTH2,TN,TAMILNADU,5
641402,ULR,ULR,SULUR,SOUTH2,TN,TAMILNADU,5
641406,NTM,NTM,NEELAMBUR,SOUTH2,TN,TAMILNADU,5
641407,NTM,NTM,NEELAMBUR,SOUTH2,TN,TAMILNADU,5
641601,TRP,TSC,TIRUPUR COUNTER,SOUTH2,TN,TAMILNADU,5
641602,TIM,TIM,PERUMANALLUR ROAD,SOUTH2,TN,TAMILNADU,5
641603,TRP,TUP,TIRUPUR,SOUTH2,TN,TAMILNADU,5
641604,TRP,TPP,TIRUPUR PALADAM ROAD,SOUTH2,TN,TAMILNADU,5
641605,TVP,TVP,TIRUPUR VEERAPANDI,SOUTH2,TN,TAMILNADU,5
641606,XKG,XKG,KANGEYAM ROAD TIRUPUR,SOUTH2,TN,TAMILNADU,5
641607,XKG,XKG,KANGEYAM ROAD TIRUPUR,SOUTH2,TN,TAMILNADU,5
641608,TRP,TPP,TIRUPUR PALADAM ROAD,SOUTH2,TN,TAMILNADU,5
641652,TRP,TUP,TIRUPUR,SOUTH2,TN,TAMILNADU,5
641653,GPR,GPR,GANESHAPURAM,SOUTH2,TN,TAMILNADU,5
641654,AVI,AVI,AVINASHI,SOUTH2,TN,TAMILNADU,5
641655,AVI,AVI,AVINASHI,SOUTH2,TN,TAMILNADU,5
641659,NSO,NSO,SOMANUR,SOUTH2,TN,TAMILNADU,5
641662,XAD,XAD,PALLADAM,SOUTH2,TN,TAMILNADU,5
641663,NSO,NSO,SOMANUR,SOUTH2,TN,TAMILNADU,5
641664,XAD,XAD,PALLADAM,SOUTH2,TN,TAMILNADU,5
641665,KGG,KGG,KANGEYAM,SOUTH2,TN,TAMILNADU,5
641666,AVI,AVI,AVINASHI,SOUTH2,TN,TAMILNADU,5
641667,XAD,XAD,PALLADAM,SOUTH2,TN,TAMILNADU,5
641668,NSO,NSO,SOMANUR,SOUTH2,TN,TAMILNADU,5
641670,AVI,AVI,AVINASHI,SOUTH2,TN,TAMILNADU,5
641671,XAD,XAD,PALLADAM,SOUTH2,TN,TAMILNADU,5
641687,TRP,TPP,TIRUPUR PALADAM ROAD,SOUTH2,TN,TAMILNADU,5
642001,POL,POL,POLLACHI,SOUTH2,TN,TAMILNADU,5
642002,POL,POL,POLLACHI,SOUTH2,TN,TAMILNADU,5
642003,POL,POL,POLLACHI,SOUTH2,TN,TAMILNADU,5
642004,POL,POL,POLLACHI,SOUTH2,TN,TAMILNADU,5
642005,POL,POL,POLLACHI,SOUTH2,TN,TAMILNADU,5
642006,POL,POL,POLLACHI,SOUTH2,TN,TAMILNADU,5
642007,POL,POL,POLLACHI,SOUTH2,TN,TAMILNADU,5
642101,POL,POL,POLLACHI,SOUTH2,TN,TAMILNADU,5
642103,POL,POL,POLLACHI,SOUTH2,TN,TAMILNADU,5
642104,POL,POL,POLLACHI,SOUTH2,TN,TAMILNADU,5
642105,VPI,VPI,VALPARAI,SOUTH2,TN,TAMILNADU,5
642106,POL,POL,POLLACHI,SOUTH2,TN,TAMILNADU,5
642107,POL,POL,POLLACHI,SOUTH2,TN,TAMILNADU,5
642108,VPI,VPI,VALPARAI,SOUTH2,TN,TAMILNADU,5
642109,KEA,KEA,KINATHUKADAVU,SOUTH2,TN,TAMILNADU,5
642110,POL,POL,POLLACHI,SOUTH2,TN,TAMILNADU,5
642114,POL,POL,POLLACHI,SOUTH2,TN,TAMILNADU,5
642117,VPI,VPI,VALPARAI,SOUTH2,TN,TAMILNADU,5
642120,POL,POL,POLLACHI,SOUTH2,TN,TAMILNADU,5
642123,POL,POL,POLLACHI,SOUTH2,TN,TAMILNADU,5
642126,UMP,UMP,UDUMALPET,SOUTH2,TN,TAMILNADU,5
642127,VPI,VPI,VALPARAI,SOUTH2,TN,TAMILNADU,5
642129,POL,POL,POLLACHI,SOUTH2,TN,TAMILNADU,5
642130,POL,POL,POLLACHI,SOUTH2,TN,TAMILNADU,5
642133,POL,POL,POLLACHI,SOUTH2,TN,TAMILNADU,5
642134,POL,POL,POLLACHI,SOUTH2,TN,TAMILNADU,5
642154,UMP,UMP,UDUMALPET,SOUTH2,TN,TAMILNADU,5
642202,POL,POL,POLLACHI,SOUTH2,TN,TAMILNADU,5
642207,POL,POL,POLLACHI,SOUTH2,TN,TAMILNADU,5
643001,OTY,OTY,OOTY,SOUTH2,TN,TAMILNADU,5
643002,OTY,OTY,OOTY,SOUTH2,TN,TAMILNADU,5
643003,OTY,OTY,OOTY,SOUTH2,TN,TAMILNADU,5
643004,OTY,OTY,OOTY,SOUTH2,TN,TAMILNADU,5
643101,CNJ,CNJ,COONOOR,SOUTH2,TN,TAMILNADU,5
643102,CNJ,CNJ,COONOOR,SOUTH2,TN,TAMILNADU,5
643103,CNJ,CNJ,COONOOR,SOUTH2,TN,TAMILNADU,5
643104,CNJ,CNJ,COONOOR,SOUTH2,TN,TAMILNADU,5
643105,CNJ,CNJ,COONOOR,SOUTH2,TN,TAMILNADU,5
643201,KOG,KOG,KOTHAGIRI,SOUTH2,TN,TAMILNADU,5
643202,CNJ,CNJ,COONOOR,SOUTH2,TN,TAMILNADU,5
643204,CNJ,CNJ,COONOOR,SOUTH2,TN,TAMILNADU,5
643207,GDR,GDR,GUDALUR,SOUTH2,TN,TAMILNADU,5
643211,GDR,GDR,GUDALUR,SOUTH2,TN,TAMILNADU,5
643212,GDR,GDR,GUDALUR,SOUTH2,TN,TAMILNADU,5
643213,CNJ,CNJ,COONOOR,SOUTH2,TN,TAMILNADU,5
643214,KOG,KOG,KOTHAGIRI,SOUTH2,TN,TAMILNADU,5
643216,KOG,KOG,KOTHAGIRI,SOUTH2,TN,TAMILNADU,5
643217,KOG,KOG,KOTHAGIRI,SOUTH2,TN,TAMILNADU,5
643218,CNJ,CNJ,COONOOR,SOUTH2,TN,TAMILNADU,5
643231,CNJ,CNJ,COONOOR,SOUTH2,TN,TAMILNADU,5
643242,KOG,KOG,KOTHAGIRI,SOUTH2,TN,TAMILNADU,5
670001,CAA,CAC,KANNUR COUNTER,SOUTH2,KR,KERALA,5
670002,CAA,CAC,KANNUR COUNTER,SOUTH2,KR,KERALA,5
670003,CAA,CAN,KANNUR SERVICE CENTRE,SOUTH2,KR,KERALA,5
670004,CAA,CAC,KANNUR COUNTER,SOUTH2,KR,KERALA,5
670005,CAA,CAC,KANNUR COUNTER,SOUTH2,KR,KERALA,5
670006,CAA,CAN,KANNUR SERVICE CENTRE,SOUTH2,KR,KERALA,5
670007,CAA,CAN,KANNUR SERVICE CENTRE,SOUTH2,KR,KERALA,5
670008,CAA,CAC,KANNUR COUNTER,SOUTH2,KR,KERALA,5
670010,CAA,CAN,KANNUR SERVICE CENTRE,SOUTH2,KR,KERALA,5
670011,CAA,CAN,KANNUR SERVICE CENTRE,SOUTH2,KR,KERALA,5
670012,CAA,CAC,KANNUR COUNTER,SOUTH2,KR,KERALA,5
670013,CAA,CAC,KANNUR COUNTER,SOUTH2,KR,KERALA,5
670014,CAA,CAC,KANNUR COUNTER,SOUTH2,KR,KERALA,5
670015,CAA,CAN,KANNUR SERVICE CENTRE,SOUTH2,KR,KERALA,5
670016,CAA,CAN,KANNUR SERVICE CENTRE,SOUTH2,KR,KERALA,5
670017,CAA,CAC,KANNUR COUNTER,SOUTH2,KR,KERALA,5
670018,CAA,CAN,KANNUR SERVICE CENTRE,SOUTH2,KR,KERALA,5
670101,TCH,TCH,THALASSERY,SOUTH2,KR,KERALA,5
670102,TCH,TCH,THALASSERY,SOUTH2,KR,KERALA,5
670104,TCH,TCH,THALASSERY,SOUTH2,KR,KERALA,5
670105,TCH,TCH,THALASSERY,SOUTH2,KR,KERALA,5
670106,TCH,TCH,THALASSERY,SOUTH2,KR,KERALA,5
670141,CRF,CRF,CHERUKUNNU,SOUTH2,KR,KERALA,5
670301,CRF,CRF,CHERUKUNNU,SOUTH2,KR,KERALA,5
670307,PAY,PAY,PAYYANUR,SOUTH2,KR,KERALA,5
670501,CRF,CRF,CHERUKUNNU,SOUTH2,KR,KERALA,5
670561,CAA,CAN,KANNUR SERVICE CENTRE,SOUTH2,KR,KERALA,5
670565,CAA,CAN,KANNUR SERVICE CENTRE,SOUTH2,KR,KERALA,5
670567,CAA,CAN,KANNUR SERVICE CENTRE,SOUTH2,KR,KERALA,5
670591,CAA,CAN,KANNUR SERVICE CENTRE,SOUTH2,KR,KERALA,5
670592,CAA,CAN,KANNUR SERVICE CENTRE,SOUTH2,KR,KERALA,5
670594,CAA,CAN,KANNUR SERVICE CENTRE,SOUTH2,KR,KERALA,5
670597,CAA,CAN,KANNUR SERVICE CENTRE,SOUTH2,KR,KERALA,5
670642,KPB,KPB,KUTHUPARAMABA,SOUTH2,KR,KERALA,5
670643,KPB,KPB,KUTHUPARAMABA,SOUTH2,KR,KERALA,5
670691,KPB,KPB,KUTHUPARAMABA,SOUTH2,KR,KERALA,5
670694,TCH,TCH,THALASSERY,SOUTH2,KR,KERALA,5
670701,KPB,KPB,KUTHUPARAMABA,SOUTH2,KR,KERALA,5
670741,KPB,KPB,KUTHUPARAMABA,SOUTH2,KR,KERALA,5
671121,KGD,KGD,KASARGOD,SOUTH2,KR,KERALA,5
671122,KGD,KGD,KASARGOD,SOUTH2,KR,KERALA,5
671123,VDF,VDF,VIDYANAGAR,SOUTH2,KR,KERALA,5
671315,KNG,KNG,KANHANGAD,SOUTH2,KR,KERALA,5
671317,VDF,VDF,VIDYANAGAR,SOUTH2,KR,KERALA,5
671319,VDF,VDF,VIDYANAGAR,SOUTH2,KR,KERALA,5
671531,KNG,KNG,KANHANGAD,SOUTH2,KR,KERALA,5
673001,CLT,KOZ,CALICUT,SOUTH2,KR,KERALA,5
673002,CLT,KOZ,CALICUT,SOUTH2,KR,KERALA,5
673003,CLT,KOZ,CALICUT,SOUTH2,KR,KERALA,5
673004,CLT,KOZ,CALICUT,SOUTH2,KR,KERALA,5
673005,CLT,KOZ,CALICUT,SOUTH2,KR,KERALA,5
673006,CLT,KOZ,CALICUT,SOUTH2,KR,KERALA,5
673007,PVU,PVU,PAMTHEERAKAVE,SOUTH2,KR,KERALA,5
673008,MOZ,MOZ,MOOZHIKKAL,SOUTH2,KR,KERALA,5
673009,MOZ,MOZ,MOOZHIKKAL,SOUTH2,KR,KERALA,5
673010,MOZ,MOZ,MOOZHIKKAL,SOUTH2,KR,KERALA,5
673011,CLT,KOZ,CALICUT,SOUTH2,KR,KERALA,5
673012,MOZ,MOZ,MOOZHIKKAL,SOUTH2,KR,KERALA,5
673013,PVU,PVU,PAMTHEERAKAVE,SOUTH2,KR,KERALA,5
673014,PVU,PVU,PAMTHEERAKAVE,SOUTH2,KR,KERALA,5
673015,CLT,KOZ,CALICUT,SOUTH2,KR,KERALA,5
673016,CLT,KOZ,CALICUT,SOUTH2,KR,KERALA,5
673017,CLT,KOZ,CALICUT,SOUTH2,KR,KERALA,5
673018,CLT,KOZ,CALICUT,SOUTH2,KR,KERALA,5
673019,PVU,PVU,PAMTHEERAKAVE,SOUTH2,KR,KERALA,5
673020,MOZ,MOZ,MOOZHIKKAL,SOUTH2,KR,KERALA,5
673021,CLT,KOZ,CALICUT,SOUTH2,KR,KERALA,5
673024,MOZ,MOZ,MOOZHIKKAL,SOUTH2,KR,KERALA,5
673025,PVU,PVU,PAMTHEERAKAVE,SOUTH2,KR,KERALA,5
673026,PVU,PVU,PAMTHEERAKAVE,SOUTH2,KR,KERALA,5
673027,CLT,KOZ,CALICUT,SOUTH2,KR,KERALA,5
673028,CLT,KOZ,CALICUT,SOUTH2,KR,KERALA,5
673029,CLT,KOZ,CALICUT,SOUTH2,KR,KERALA,5
673031,CLT,KOZ,CALICUT,SOUTH2,KR,KERALA,5
673032,CLT,KOZ,CALICUT,SOUTH2,KR,KERALA,5
673037,CLT,KOZ,CALICUT,SOUTH2,KR,KERALA,5
673101,NTF,NTF,VADAKARA,SOUTH2,KR,KERALA,5
673103,NTF,NTF,VADAKARA,SOUTH2,KR,KERALA,5
673104,NTF,NTF,VADAKARA,SOUTH2,KR,KERALA,5
673106,NTF,NTF,VADAKARA,SOUTH2,KR,KERALA,5
673121,KPA,KPA,KALPETTA,SOUTH2,KR,KERALA,5
673122,KPA,KPA,KALPETTA,SOUTH2,KR,KERALA,5
673303,QLF,QLF,QUILANDI BAZAR,SOUTH2,KR,KERALA,5
673304,QLF,QLF,QUILANDI BAZAR,SOUTH2,KR,KERALA,5
673305,QLF,QLF,QUILANDI BAZAR,SOUTH2,KR,KERALA,5
673306,QLF,QLF,QUILANDI BAZAR,SOUTH2,KR,KERALA,5
673315,QLF,QLF,QUILANDI BAZAR,SOUTH2,KR,KERALA,5
673317,QLF,QLF,QUILANDI BAZAR,SOUTH2,KR,KERALA,5
673323,QLF,QLF,QUILANDI BAZAR,SOUTH2,KR,KERALA,5
673507,VAD,VAD,KUTTIADY,SOUTH2,KR,KERALA,5
673508,VAD,VAD,KUTTIADY,SOUTH2,KR,KERALA,5
673570,MOZ,MOZ,MOOZHIKKAL,SOUTH2,KR,KERALA,5
673571,MOZ,MOZ,MOOZHIKKAL,SOUTH2,KR,KERALA,5
673573,KIF,KIF,KAKKODI,SOUTH2,KR,KERALA,5
673576,KPA,KPA,KALPETTA,SOUTH2,KR,KERALA,5
673577,KPA,KPA,KALPETTA,SOUTH2,KR,KERALA,5
673585,KIF,KIF,KAKKODI,SOUTH2,KR,KERALA,5
673591,SBF,SBF,SULTHAN BATHERY,SOUTH2,KR,KERALA,5
673592,SBF,SBF,SULTHAN BATHERY,SOUTH2,KR,KERALA,5
673593,SBF,SBF,SULTHAN BATHERY,SOUTH2,KR,KERALA,5
673595,SBF,SBF,SULTHAN BATHERY,SOUTH2,KR,KERALA,5
673601,KIF,KIF,KAKKODI,SOUTH2,KR,KERALA,5
673602,ACF,ACF,AREEKODE,SOUTH2,KR,KERALA,5
673611,KIF,KIF,KAKKODI,SOUTH2,KR,KERALA,5
673613,KIF,KIF,KAKKODI,SOUTH2,KR,KERALA,5
673614,QLF,QLF,QUILANDI BAZAR,SOUTH2,KR,KERALA,5
673616,KIF,KIF,KAKKODI,SOUTH2,KR,KERALA,5
673620,QLF,QLF,QUILANDI BAZAR,SOUTH2,KR,KERALA,5
673632,PVU,PVU,PAMTHEERAKAVE,SOUTH2,KR,KERALA,5
673633,PVU,PVU,PAMTHEERAKAVE,SOUTH2,KR,KERALA,5
673634,PVU,PVU,PAMTHEERAKAVE,SOUTH2,KR,KERALA,5
673635,PVU,PVU,PAMTHEERAKAVE,SOUTH2,KR,KERALA,5
673639,ACF,ACF,AREEKODE,SOUTH2,KR,KERALA,5
673640,ACF,ACF,AREEKODE,SOUTH2,KR,KERALA,5
673641,ACF,ACF,AREEKODE,SOUTH2,KR,KERALA,5
673645,ACF,ACF,AREEKODE,SOUTH2,KR,KERALA,5
676101,TIU,TIU,TIRUR,SOUTH2,KR,KERALA,5
676102,TIU,TIU,TIRUR,SOUTH2,KR,KERALA,5
676103,TIU,TIU,TIRUR,SOUTH2,KR,KERALA,5
676104,TIU,TIU,TIRUR,SOUTH2,KR,KERALA,5
676105,TIU,TIU,TIRUR,SOUTH2,KR,KERALA,5
676107,TIU,TIU,TIRUR,SOUTH2,KR,KERALA,5
676108,TIU,TIU,TIRUR,SOUTH2,KR,KERALA,5
676109,TIU,TIU,TIRUR,SOUTH2,KR,KERALA,5
676121,MLL,MLL,MALAPPURAM,SOUTH2,KR,KERALA,5
676301,VLF,VLF,VALANCHERY,SOUTH2,KR,KERALA,5
676502,TIU,TIU,TIRUR,SOUTH2,KR,KERALA,5
676503,TIU,TIU,TIRUR,SOUTH2,KR,KERALA,5
676505,MLL,MLL,MALAPPURAM,SOUTH2,KR,KERALA,5
676519,MLL,MLL,MALAPPURAM,SOUTH2,KR,KERALA,5
676541,ACF,ACF,AREEKODE,SOUTH2,KR,KERALA,5
676551,VLF,VLF,VALANCHERY,SOUTH2,KR,KERALA,5
676561,TIU,TIU,TIRUR,SOUTH2,KR,KERALA,5
676562,TIU,TIU,TIRUR,SOUTH2,KR,KERALA,5
678001,PLG,PLG,PALGHAT,SOUTH2,KR,KERALA,5
678002,PLG,PLG,PALGHAT,SOUTH2,KR,KERALA,5
678003,PLG,PLG,PALGHAT,SOUTH2,KR,KERALA,5
678004,PLG,PLG,PALGHAT,SOUTH2,KR,KERALA,5
678005,PLG,PLG,PALGHAT,SOUTH2,KR,KERALA,5
678006,PLG,PLG,PALGHAT,SOUTH2,KR,KERALA,5
678007,PLG,PLG,PALGHAT,SOUTH2,KR,KERALA,5
678008,PLG,PLG,PALGHAT,SOUTH2,KR,KERALA,5
678009,PLG,PLG,PALGHAT,SOUTH2,KR,KERALA,5
678010,PLG,PLG,PALGHAT,SOUTH2,KR,KERALA,5
678011,PLG,PLG,PALGHAT,SOUTH2,KR,KERALA,5
678012,PLG,PLG,PALGHAT,SOUTH2,KR,KERALA,5
678013,PLG,PLG,PALGHAT,SOUTH2,KR,KERALA,5
678014,PLG,PLG,PALGHAT,SOUTH2,KR,KERALA,5
678101,CTU,CTU,CHITTUR,SOUTH2,KR,KERALA,5
678102,CTU,CTU,CHITTUR,SOUTH2,KR,KERALA,5
678103,CTU,CTU,CHITTUR,SOUTH2,KR,KERALA,5
678104,CTU,CTU,CHITTUR,SOUTH2,KR,KERALA,5
678501,CTU,CTU,CHITTUR,SOUTH2,KR,KERALA,5
678503,CTU,CTU,CHITTUR,SOUTH2,KR,KERALA,5
678504,CTU,CTU,CHITTUR,SOUTH2,KR,KERALA,5
678506,CTU,CTU,CHITTUR,SOUTH2,KR,KERALA,5
678531,CTU,CTU,CHITTUR,SOUTH2,KR,KERALA,5
678532,CTU,CTU,CHITTUR,SOUTH2,KR,KERALA,5
678541,ALT,ALT,ALATHUR,SOUTH2,KR,KERALA,5
678542,ALT,ALT,ALATHUR,SOUTH2,KR,KERALA,5
678543,ALT,ALT,ALATHUR,SOUTH2,KR,KERALA,5
678545,ALT,ALT,ALATHUR,SOUTH2,KR,KERALA,5
678546,ALT,ALT,ALATHUR,SOUTH2,KR,KERALA,5
678551,PLG,PLG,PALGHAT,SOUTH2,KR,KERALA,5
678552,CTU,CTU,CHITTUR,SOUTH2,KR,KERALA,5
678553,CTU,CTU,CHITTUR,SOUTH2,KR,KERALA,5
678554,CTU,CTU,CHITTUR,SOUTH2,KR,KERALA,5
678557,PLG,PLG,PALGHAT,SOUTH2,KR,KERALA,5
678582,MKD,MKD,MANNARGHAT,SOUTH2,KR,KERALA,5
678583,MKD,MKD,MANNARGHAT,SOUTH2,KR,KERALA,5
678593,MKD,MKD,MANNARGHAT,SOUTH2,KR,KERALA,5
678595,MKD,MKD,MANNARGHAT,SOUTH2,KR,KERALA,5
678596,MKD,MKD,MANNARGHAT,SOUTH2,KR,KERALA,5
678597,MKD,MKD,MANNARGHAT,SOUTH2,KR,KERALA,5
678598,MKD,MKD,MANNARGHAT,SOUTH2,KR,KERALA,5
678613,OTT,OTT,OTTAPALAM,SOUTH2,KR,KERALA,5
678621,PLG,PLG,PALGHAT,SOUTH2,KR,KERALA,5
678623,PLG,PLG,PALGHAT,SOUTH2,KR,KERALA,5
678633,CPY,CPY,CHERPULASERRY,SOUTH2,KR,KERALA,5
678642,OTT,OTT,OTTAPALAM,SOUTH2,KR,KERALA,5
678681,ALT,ALT,ALATHUR,SOUTH2,KR,KERALA,5
678701,PLG,PLG,PALGHAT,SOUTH2,KR,KERALA,5
678731,PLG,PLG,PALGHAT,SOUTH2,KR,KERALA,5
678762,MKD,MKD,MANNARGHAT,SOUTH2,KR,KERALA,5
679101,OTT,OTT,OTTAPALAM,SOUTH2,KR,KERALA,5
679102,OTT,OTT,OTTAPALAM,SOUTH2,KR,KERALA,5
679103,OTT,OTT,OTTAPALAM,SOUTH2,KR,KERALA,5
679104,OTT,OTT,OTTAPALAM,SOUTH2,KR,KERALA,5
679105,OTT,OTT,OTTAPALAM,SOUTH2,KR,KERALA,5
679106,OTT,OTT,OTTAPALAM,SOUTH2,KR,KERALA,5
679121,PLF,PLF,SHORNUR,SOUTH2,KR,KERALA,5
679122,PLF,PLF,SHORNUR,SOUTH2,KR,KERALA,5
679123,PLF,PLF,SHORNUR,SOUTH2,KR,KERALA,5
679301,OTT,OTT,OTTAPALAM,SOUTH2,KR,KERALA,5
679302,OTT,OTT,OTTAPALAM,SOUTH2,KR,KERALA,5
679304,VLF,VLF,VALANCHERY,SOUTH2,KR,KERALA,5
679306,PLF,PLF,SHORNUR,SOUTH2,KR,KERALA,5
679308,VLF,VLF,VALANCHERY,SOUTH2,KR,KERALA,5
679313,PLF,PLF,SHORNUR,SOUTH2,KR,KERALA,5
679321,PTL,PTL,PERINTALMANNA,SOUTH2,KR,KERALA,5
679322,PTL,PTL,PERINTALMANNA,SOUTH2,KR,KERALA,5
679328,MLL,MLL,MALAPPURAM,SOUTH2,KR,KERALA,5
679329,MLL,MLL,MALAPPURAM,SOUTH2,KR,KERALA,5
679335,CPY,CPY,CHERPULASERRY,SOUTH2,KR,KERALA,5
679340,PTL,PTL,PERINTALMANNA,SOUTH2,KR,KERALA,5
679357,PTL,PTL,PERINTALMANNA,SOUTH2,KR,KERALA,5
679501,OTT,OTT,OTTAPALAM,SOUTH2,KR,KERALA,5
679502,CPY,CPY,CHERPULASERRY,SOUTH2,KR,KERALA,5
679503,CPY,CPY,CHERPULASERRY,SOUTH2,KR,KERALA,5
679504,CPY,CPY,CHERPULASERRY,SOUTH2,KR,KERALA,5
679505,PLF,PLF,SHORNUR,SOUTH2,KR,KERALA,5
679506,CPY,CPY,CHERPULASERRY,SOUTH2,KR,KERALA,5
679511,OTT,OTT,OTTAPALAM,SOUTH2,KR,KERALA,5
679512,OTT,OTT,OTTAPALAM,SOUTH2,KR,KERALA,5
679513,CPY,CPY,CHERPULASERRY,SOUTH2,KR,KERALA,5
679514,CPY,CPY,CHERPULASERRY,SOUTH2,KR,KERALA,5
679515,OTT,OTT,OTTAPALAM,SOUTH2,KR,KERALA,5
679516,OTT,OTT,OTTAPALAM,SOUTH2,KR,KERALA,5
679521,OTT,OTT,OTTAPALAM,SOUTH2,KR,KERALA,5
679522,OTT,OTT,OTTAPALAM,SOUTH2,KR,KERALA,5
679523,PLF,PLF,SHORNUR,SOUTH2,KR,KERALA,5
679531,PLF,PLF,SHORNUR,SOUTH2,KR,KERALA,5
679551,EPF,EPF,EDAPPAL,SOUTH2,KR,KERALA,5
679552,EPF,EPF,EDAPPAL,SOUTH2,KR,KERALA,5
679553,EPF,EPF,EDAPPAL,SOUTH2,KR,KERALA,5
679554,EPF,EPF,EDAPPAL,SOUTH2,KR,KERALA,5
679564,GVY,GVY,GURUVAYUR,SOUTH2,KR,KERALA,5
679571,VLF,VLF,VALANCHERY,SOUTH2,KR,KERALA,5
679572,VLF,VLF,VALANCHERY,SOUTH2,KR,KERALA,5
679574,EPF,EPF,EDAPPAL,SOUTH2,KR,KERALA,5
679576,EPF,EPF,EDAPPAL,SOUTH2,KR,KERALA,5
679577,EPF,EPF,EDAPPAL,SOUTH2,KR,KERALA,5
679578,EPF,EPF,EDAPPAL,SOUTH2,KR,KERALA,5
679582,EPF,EPF,EDAPPAL,SOUTH2,KR,KERALA,5
679583,EPF,EPF,EDAPPAL,SOUTH2,KR,KERALA,5
679585,EPF,EPF,EDAPPAL,SOUTH2,KR,KERALA,5
679586,EPF,EPF,EDAPPAL,SOUTH2,KR,KERALA,5
680001,TRR,THR,TRICHUR SERVICE CENTRE,SOUTH2,KR,KERALA,5
680002,TRR,THR,TRICHUR SERVICE CENTRE,SOUTH2,KR,KERALA,5
680003,TRR,THR,TRICHUR SERVICE CENTRE,SOUTH2,KR,KERALA,5
680004,TRR,THR,TRICHUR SERVICE CENTRE,SOUTH2,KR,KERALA,5
680005,TRR,THR,TRICHUR SERVICE CENTRE,SOUTH2,KR,KERALA,5
680006,TRR,THR,TRICHUR SERVICE CENTRE,SOUTH2,KR,KERALA,5
680007,THY,THY,KANIMANGALAM,SOUTH2,KR,KERALA,5
680008,TRR,THR,TRICHUR SERVICE CENTRE,SOUTH2,KR,KERALA,5
680009,TRR,THR,TRICHUR SERVICE CENTRE,SOUTH2,KR,KERALA,5
680010,TRR,THR,TRICHUR SERVICE CENTRE,SOUTH2,KR,KERALA,5
680011,TRR,THR,TRICHUR SERVICE CENTRE,SOUTH2,KR,KERALA,5
680012,TRR,THR,TRICHUR SERVICE CENTRE,SOUTH2,KR,KERALA,5
680013,THY,THY,KANIMANGALAM,SOUTH2,KR,KERALA,5
680014,THY,THY,KANIMANGALAM,SOUTH2,KR,KERALA,5
680018,TRR,THR,TRICHUR SERVICE CENTRE,SOUTH2,KR,KERALA,5
680020,TRR,THR,TRICHUR SERVICE CENTRE,SOUTH2,KR,KERALA,5
680021,TRR,THR,TRICHUR SERVICE CENTRE,SOUTH2,KR,KERALA,5
680022,TRR,THR,TRICHUR SERVICE CENTRE,SOUTH2,KR,KERALA,5
680026,THY,THY,KANIMANGALAM,SOUTH2,KR,KERALA,5
680027,THY,THY,KANIMANGALAM,SOUTH2,KR,KERALA,5
680101,GVY,GVY,GURUVAYUR,SOUTH2,KR,KERALA,5
680121,IJK,IJK,IRINJALAKUDA,SOUTH2,KR,KERALA,5
680125,IJK,IJK,IRINJALAKUDA,SOUTH2,KR,KERALA,5
680301,KLF,KLF,KALLETTUMKARA,SOUTH2,KR,KERALA,5
680302,KLF,KLF,KALLETTUMKARA,SOUTH2,KR,KERALA,5
680303,KLF,KLF,KALLETTUMKARA,SOUTH2,KR,KERALA,5
680305,KLF,KLF,KALLETTUMKARA,SOUTH2,KR,KERALA,5
680306,TRR,THR,TRICHUR SERVICE CENTRE,SOUTH2,KR,KERALA,5
680307,GLF,GLF,CHALAKUDY,SOUTH2,KR,KERALA,5
680308,GLF,GLF,CHALAKUDY,SOUTH2,KR,KERALA,5
680309,GLF,GLF,CHALAKUDY,SOUTH2,KR,KERALA,5
680310,THY,THY,KANIMANGALAM,SOUTH2,KR,KERALA,5
680311,GLF,GLF,CHALAKUDY,SOUTH2,KR,KERALA,5
680501,THY,THY,KANIMANGALAM,SOUTH2,KR,KERALA,5
680506,GVY,GVY,GURUVAYUR,SOUTH2,KR,KERALA,5
680507,GVY,GVY,GURUVAYUR,SOUTH2,KR,KERALA,5
680516,GVY,GVY,GURUVAYUR,SOUTH2,KR,KERALA,5
680518,GVY,GVY,GURUVAYUR,SOUTH2,KR,KERALA,5
680522,GVY,GVY,GURUVAYUR,SOUTH2,KR,KERALA,5
680541,THY,THY,KANIMANGALAM,SOUTH2,KR,KERALA,5
680545,THY,THY,KANIMANGALAM,SOUTH2,KR,KERALA,5
680546,GVY,GVY,GURUVAYUR,SOUTH2,KR,KERALA,5
680551,THY,THY,KANIMANGALAM,SOUTH2,KR,KERALA,5
680552,GVY,GVY,GURUVAYUR,SOUTH2,KR,KERALA,5
680553,TRR,THR,TRICHUR SERVICE CENTRE,SOUTH2,KR,KERALA,5
680555,THY,THY,KANIMANGALAM,SOUTH2,KR,KERALA,5
680562,THY,THY,KANIMANGALAM,SOUTH2,KR,KERALA,5
680563,THY,THY,KANIMANGALAM,SOUTH2,KR,KERALA,5
680581,THY,THY,KANIMANGALAM,SOUTH2,KR,KERALA,5
680588,OTT,OTT,OTTAPALAM,SOUTH2,KR,KERALA,5
680594,OTT,OTT,OTTAPALAM,SOUTH2,KR,KERALA,5
680611,TRR,THR,TRICHUR SERVICE CENTRE,SOUTH2,KR,KERALA,5
680618,TRR,THR,TRICHUR SERVICE CENTRE,SOUTH2,KR,KERALA,5
680620,TRR,THR,TRICHUR SERVICE CENTRE,SOUTH2,KR,KERALA,5
680631,TRR,THR,TRICHUR SERVICE CENTRE,SOUTH2,KR,KERALA,5
680641,THY,THY,KANIMANGALAM,SOUTH2,KR,KERALA,5
680663,KLR,KLR,KODUNGALLUR,SOUTH2,KR,KERALA,5
680664,KLR,KLR,KODUNGALLUR,SOUTH2,KR,KERALA,5
680666,KLR,KLR,KODUNGALLUR,SOUTH2,KR,KERALA,5
680667,KLR,KLR,KODUNGALLUR,SOUTH2,KR,KERALA,5
680669,KLR,KLR,KODUNGALLUR,SOUTH2,KR,KERALA,5
680670,KLR,KLR,KODUNGALLUR,SOUTH2,KR,KERALA,5
680671,KLR,KLR,KODUNGALLUR,SOUTH2,KR,KERALA,5
680682,KLR,KLR,KODUNGALLUR,SOUTH2,KR,KERALA,5
680683,KLF,KLF,KALLETTUMKARA,SOUTH2,KR,KERALA,5
680689,KLF,KLF,KALLETTUMKARA,SOUTH2,KR,KERALA,5
680697,KLF,KLF,KALLETTUMKARA,SOUTH2,KR,KERALA,5
680699,KLF,KLF,KALLETTUMKARA,SOUTH2,KR,KERALA,5
680711,THY,THY,KANIMANGALAM,SOUTH2,KR,KERALA,5
680712,THY,THY,KANIMANGALAM,SOUTH2,KR,KERALA,5
680731,KSQ,KSQ,KURUMASSERY,SOUTH2,KR,KERALA,5
680732,KLR,KLR,KODUNGALLUR,SOUTH2,KR,KERALA,5
680733,KLR,KLR,KODUNGALLUR,SOUTH2,KR,KERALA,5
680734,KSQ,KSQ,KURUMASSERY,SOUTH2,KR,KERALA,5
680741,KSQ,KSQ,KURUMASSERY,SOUTH2,KR,KERALA,5
682001,COK,KZY,KOCHI,SOUTH2,KR,KERALA,5
682002,COK,KZY,KOCHI,SOUTH2,KR,KERALA,5
682003,COK,EKM,ERNAKULAM,SOUTH2,KR,KERALA,5
682005,COK,KZY,KOCHI,SOUTH2,KR,KERALA,5
682006,COK,KZY,KOCHI,SOUTH2,KR,KERALA,5
682007,COK,KZY,KOCHI,SOUTH2,KR,KERALA,5
682008,COK,KZY,KOCHI,SOUTH2,KR,KERALA,5
682009,COK,EKM,ERNAKULAM,SOUTH2,KR,KERALA,5
682010,COK,KZY,KOCHI,SOUTH2,KR,KERALA,5
682011,COK,EKM,ERNAKULAM,SOUTH2,KR,KERALA,5
682012,COK,EKM,ERNAKULAM,SOUTH2,KR,KERALA,5
682013,COK,EKM,ERNAKULAM,SOUTH2,KR,KERALA,5
682014,COK,EKM,ERNAKULAM,SOUTH2,KR,KERALA,5
682015,COK,EKM,ERNAKULAM,SOUTH2,KR,KERALA,5
682016,COK,EKM,ERNAKULAM,SOUTH2,KR,KERALA,5
682017,COK,KOO,KALOOR,SOUTH2,KR,KERALA,5
682018,COK,EKM,ERNAKULAM,SOUTH2,KR,KERALA,5
682019,COK,VTL,VYTTILA,SOUTH2,KR,KERALA,5
682020,COK,VTL,VYTTILA,SOUTH2,KR,KERALA,5
682021,KKQ,KKQ,KAKKANAD,SOUTH2,KR,KERALA,5
682022,COK,EDY,EDAPPALLY,SOUTH2,KR,KERALA,5
682023,COK,EKM,ERNAKULAM,SOUTH2,KR,KERALA,5
682024,COK,EDY,EDAPPALLY,SOUTH2,KR,KERALA,5
682025,COK,KOO,KALOOR,SOUTH2,KR,KERALA,5
682026,COK,EDY,EDAPPALLY,SOUTH2,KR,KERALA,5
682027,COK,EKM,ERNAKULAM,SOUTH2,KR,KERALA,5
682028,COK,VTL,VYTTILA,SOUTH2,KR,KERALA,5
682029,COK,EKM,ERNAKULAM,SOUTH2,KR,KERALA,5
682030,KKQ,KKQ,KAKKANAD,SOUTH2,KR,KERALA,5
682031,COK,EKM,ERNAKULAM,SOUTH2,KR,KERALA,5
682032,COK,VTL,VYTTILA,SOUTH2,KR,KERALA,5
682033,COK,EDY,EDAPPALLY,SOUTH2,KR,KERALA,5
682034,COK,EDY,EDAPPALLY,SOUTH2,KR,KERALA,5
682035,COK,EKM,ERNAKULAM,SOUTH2,KR,KERALA,5
682036,COK,VTL,VYTTILA,SOUTH2,KR,KERALA,5
682037,KKQ,KKQ,KAKKANAD,SOUTH2,KR,KERALA,5
682038,MVD,MVD,MARADU,SOUTH2,KR,KERALA,5
682039,KKQ,KKQ,KAKKANAD,SOUTH2,KR,KERALA,5
682040,COK,VTL,VYTTILA,SOUTH2,KR,KERALA,5
682041,COK,EDY,EDAPPALLY,SOUTH2,KR,KERALA,5
682042,KKQ,KKQ,KAKKANAD,SOUTH2,KR,KERALA,5
682222,COK,EDY,EDAPPALLY,SOUTH2,KR,KERALA,5
682301,TPN,TPN,TRIPUNITHURA,SOUTH2,KR,KERALA,5
682302,TPN,TPN,TRIPUNITHURA,SOUTH2,KR,KERALA,5
682303,KRY,KRY,KOLENCHERRY,SOUTH2,KR,KERALA,5
682304,MVD,MVD,MARADU,SOUTH2,KR,KERALA,5
682305,MTN,MTN,MULANTHURUTHY,SOUTH2,KR,KERALA,5
682306,COK,VTL,VYTTILA,SOUTH2,KR,KERALA,5
682307,MTN,MTN,MULANTHURUTHY,SOUTH2,KR,KERALA,5
682308,KRY,KRY,KOLENCHERRY,SOUTH2,KR,KERALA,5
682309,TPN,TPN,TRIPUNITHURA,SOUTH2,KR,KERALA,5
682310,KRY,KRY,KOLENCHERRY,SOUTH2,KR,KERALA,5
682311,KRY,KRY,KOLENCHERRY,SOUTH2,KR,KERALA,5
682312,MTN,MTN,MULANTHURUTHY,SOUTH2,KR,KERALA,5
682313,PVM,PVM,PIRAVOM,SOUTH2,KR,KERALA,5
682314,MTN,MTN,MULANTHURUTHY,SOUTH2,KR,KERALA,5
682315,PVM,PVM,PIRAVOM,SOUTH2,KR,KERALA,5
682316,MVT,MVT,MUVATTUPUZHA,SOUTH2,KR,KERALA,5
682501,NJF,NJF,NJARACKAL,SOUTH2,KR,KERALA,5
682502,NJF,NJF,NJARACKAL,SOUTH2,KR,KERALA,5
682503,NJF,NJF,NJARACKAL,SOUTH2,KR,KERALA,5
682504,COK,EKM,ERNAKULAM,SOUTH2,KR,KERALA,5
682505,NJF,NJF,NJARACKAL,SOUTH2,KR,KERALA,5
682506,COK,VTL,VYTTILA,SOUTH2,KR,KERALA,5
682507,COK,KZY,KOCHI,SOUTH2,KR,KERALA,5
682508,NJF,NJF,NJARACKAL,SOUTH2,KR,KERALA,5
682509,NJF,NJF,NJARACKAL,SOUTH2,KR,KERALA,5
682511,NJF,NJF,NJARACKAL,SOUTH2,KR,KERALA,5
683101,LDX,LDX,ALUWA,SOUTH2,KR,KERALA,5
683102,LDX,LDX,ALUWA,SOUTH2,KR,KERALA,5
683103,LDX,LDX,ALUWA,SOUTH2,KR,KERALA,5
683104,COK,EDY,EDAPPALLY,SOUTH2,KR,KERALA,5
683105,LDX,LDX,ALUWA,SOUTH2,KR,KERALA,5
683106,LDX,LDX,ALUWA,SOUTH2,KR,KERALA,5
683108,LDX,LDX,ALUWA,SOUTH2,KR,KERALA,5
683109,COK,EDY,EDAPPALLY,SOUTH2,KR,KERALA,5
683110,LDX,LDX,ALUWA,SOUTH2,KR,KERALA,5
683111,GLY,GLY,ANGAMALLY,SOUTH2,KR,KERALA,5
683112,LDX,LDX,ALUWA,SOUTH2,KR,KERALA,5
683501,LDX,LDX,ALUWA,SOUTH2,KR,KERALA,5
683502,LDX,LDX,ALUWA,SOUTH2,KR,KERALA,5
683511,ALG,ALG,ALANGAD,SOUTH2,KR,KERALA,5
683512,PRV,PRV,PARAVUR,SOUTH2,KR,KERALA,5
683513,PRV,PRV,PARAVUR,SOUTH2,KR,KERALA,5
683517,ALG,ALG,ALANGAD,SOUTH2,KR,KERALA,5
683518,ALG,ALG,ALANGAD,SOUTH2,KR,KERALA,5
683519,ALG,ALG,ALANGAD,SOUTH2,KR,KERALA,5
683520,PRV,PRV,PARAVUR,SOUTH2,KR,KERALA,5
683541,KRQ,KRQ,PATTIMATTOM,SOUTH2,KR,KERALA,5
683542,PVR,PVR,PERUMBAVOOR,SOUTH2,KR,KERALA,5
683543,PVR,PVR,PERUMBAVOOR,SOUTH2,KR,KERALA,5
683544,PVR,PVR,PERUMBAVOOR,SOUTH2,KR,KERALA,5
683556,PVR,PVR,PERUMBAVOOR,SOUTH2,KR,KERALA,5
683561,KRQ,KRQ,PATTIMATTOM,SOUTH2,KR,KERALA,5
683562,KRQ,KRQ,PATTIMATTOM,SOUTH2,KR,KERALA,5
683563,KKQ,KKQ,KAKKANAD,SOUTH2,KR,KERALA,5
683564,KRQ,KRQ,PATTIMATTOM,SOUTH2,KR,KERALA,5
683572,GLY,GLY,ANGAMALLY,SOUTH2,KR,KERALA,5
683573,GLY,GLY,ANGAMALLY,SOUTH2,KR,KERALA,5
683574,GLY,GLY,ANGAMALLY,SOUTH2,KR,KERALA,5
683576,GLY,GLY,ANGAMALLY,SOUTH2,KR,KERALA,5
683577,GLY,GLY,ANGAMALLY,SOUTH2,KR,KERALA,5
683578,KSQ,KSQ,KURUMASSERY,SOUTH2,KR,KERALA,5
683579,KSQ,KSQ,KURUMASSERY,SOUTH2,KR,KERALA,5
683585,GLY,GLY,ANGAMALLY,SOUTH2,KR,KERALA,5
683586,GLY,GLY,ANGAMALLY,SOUTH2,KR,KERALA,5
683587,GLY,GLY,ANGAMALLY,SOUTH2,KR,KERALA,5
683589,GLY,GLY,ANGAMALLY,SOUTH2,KR,KERALA,5
683591,GLY,GLY,ANGAMALLY,SOUTH2,KR,KERALA,5
683592,GLY,GLY,ANGAMALLY,SOUTH2,KR,KERALA,5
683594,KSQ,KSQ,KURUMASSERY,SOUTH2,KR,KERALA,5
685584,THO,THO,THODUPUZHA,SOUTH2,KR,KERALA,5
685585,THO,THO,THODUPUZHA,SOUTH2,KR,KERALA,5
685587,THO,THO,THODUPUZHA,SOUTH2,KR,KERALA,5
685605,THO,THO,THODUPUZHA,SOUTH2,KR,KERALA,5
685608,THO,THO,THODUPUZHA,SOUTH2,KR,KERALA,5
686001,KYM,KYM,KOTTAYAM,SOUTH2,KR,KERALA,5
686002,KYM,KYM,KOTTAYAM,SOUTH2,KR,KERALA,5
686003,KYM,KYM,KOTTAYAM,SOUTH2,KR,KERALA,5
686004,KYM,KYM,KOTTAYAM,SOUTH2,KR,KERALA,5
686005,KYM,KYM,KOTTAYAM,SOUTH2,KR,KERALA,5
686006,KYM,KYM,KOTTAYAM,SOUTH2,KR,KERALA,5
686007,KYM,KYM,KOTTAYAM,SOUTH2,KR,KERALA,5
686008,KYM,KYM,KOTTAYAM,SOUTH2,KR,KERALA,5
686009,KYM,KYM,KOTTAYAM,SOUTH2,KR,KERALA,5
686010,KYM,KYM,KOTTAYAM,SOUTH2,KR,KERALA,5
686011,KYM,KYM,KOTTAYAM,SOUTH2,KR,KERALA,5
686012,KYM,KYM,KOTTAYAM,SOUTH2,KR,KERALA,5
686013,KYM,KYM,KOTTAYAM,SOUTH2,KR,KERALA,5
686014,KYM,KYM,KOTTAYAM,SOUTH2,KR,KERALA,5
686015,KYM,KYM,KOTTAYAM,SOUTH2,KR,KERALA,5
686016,KYM,KYM,KOTTAYAM,SOUTH2,KR,KERALA,5
686017,KYM,KYM,KOTTAYAM,SOUTH2,KR,KERALA,5
686018,KYM,KYM,KOTTAYAM,SOUTH2,KR,KERALA,5
686019,KYM,KYM,KOTTAYAM,SOUTH2,KR,KERALA,5
686020,KYM,KYM,KOTTAYAM,SOUTH2,KR,KERALA,5
686021,KYF,KYF,KARUKACHAL,SOUTH2,KR,KERALA,5
686022,KYM,KYM,KOTTAYAM,SOUTH2,KR,KERALA,5
686038,KYM,KYM,KOTTAYAM,SOUTH2,KR,KERALA,5
686039,KYM,KYM,KOTTAYAM,SOUTH2,KR,KERALA,5
686041,KYM,KYM,KOTTAYAM,SOUTH2,KR,KERALA,5
686101,CHY,CHY,CHANGANACHERRY,SOUTH2,KR,KERALA,5
686102,CHY,CHY,CHANGANACHERRY,SOUTH2,KR,KERALA,5
686103,CHY,CHY,CHANGANACHERRY,SOUTH2,KR,KERALA,5
686104,CHY,CHY,CHANGANACHERRY,SOUTH2,KR,KERALA,5
686105,CHY,CHY,CHANGANACHERRY,SOUTH2,KR,KERALA,5
686106,CHY,CHY,CHANGANACHERRY,SOUTH2,KR,KERALA,5
686141,TLA,TLA,THALAYOLAPARAMBU,SOUTH2,KR,KERALA,5
686501,KYM,KYM,KOTTAYAM,SOUTH2,KR,KERALA,5
686503,POK,POK,PONKUNNAM,SOUTH2,KR,KERALA,5
686504,POK,POK,PONKUNNAM,SOUTH2,KR,KERALA,5
686505,POK,POK,PONKUNNAM,SOUTH2,KR,KERALA,5
686506,POK,POK,PONKUNNAM,SOUTH2,KR,KERALA,5
686507,KRP,KRP,KANJIRAPALLY,SOUTH2,KR,KERALA,5
686508,KRP,KRP,KANJIRAPALLY,SOUTH2,KR,KERALA,5
686509,KRP,KRP,KANJIRAPALLY,SOUTH2,KR,KERALA,5
686512,KRP,KRP,KANJIRAPALLY,SOUTH2,KR,KERALA,5
686515,POK,POK,PONKUNNAM,SOUTH2,KR,KERALA,5
686517,POK,POK,PONKUNNAM,SOUTH2,KR,KERALA,5
686518,KRP,KRP,KANJIRAPALLY,SOUTH2,KR,KERALA,5
686519,POK,POK,PONKUNNAM,SOUTH2,KR,KERALA,5
686521,KYF,KYF,KARUKACHAL,SOUTH2,KR,KERALA,5
686522,POK,POK,PONKUNNAM,SOUTH2,KR,KERALA,5
686531,KYM,KYM,KOTTAYAM,SOUTH2,KR,KERALA,5
686536,KYF,KYF,KARUKACHAL,SOUTH2,KR,KERALA,5
686539,KYF,KYF,KARUKACHAL,SOUTH2,KR,KERALA,5
686540,KYF,KYF,KARUKACHAL,SOUTH2,KR,KERALA,5
686541,KYF,KYF,KARUKACHAL,SOUTH2,KR,KERALA,5
686542,KYF,KYF,KARUKACHAL,SOUTH2,KR,KERALA,5
686545,KYF,KYF,KARUKACHAL,SOUTH2,KR,KERALA,5
686546,KYF,KYF,KARUKACHAL,SOUTH2,KR,KERALA,5
686560,KYM,KYM,KOTTAYAM,SOUTH2,KR,KERALA,5
686561,KYM,KYM,KOTTAYAM,SOUTH2,KR,KERALA,5
686562,EMR,EMR,ETTUMANOOR,SOUTH2,KR,KERALA,5
686572,EMR,EMR,ETTUMANOOR,SOUTH2,KR,KERALA,5
686573,PAI,PAI,PALAI,SOUTH2,KR,KERALA,5
686574,PAI,PAI,PALAI,SOUTH2,KR,KERALA,5
686575,PAI,PAI,PALAI,SOUTH2,KR,KERALA,5
686576,KTF,KTF,KOOTHATTUKULAM,SOUTH2,KR,KERALA,5
686578,PAI,PAI,PALAI,SOUTH2,KR,KERALA,5
686583,EMR,EMR,ETTUMANOOR,SOUTH2,KR,KERALA,5
686585,POK,POK,PONKUNNAM,SOUTH2,KR,KERALA,5
686587,EMR,EMR,ETTUMANOOR,SOUTH2,KR,KERALA,5
686601,EMR,EMR,ETTUMANOOR,SOUTH2,KR,KERALA,5
686602,EMR,EMR,ETTUMANOOR,SOUTH2,KR,KERALA,5
686603,KDY,KDY,KADUTHURUTHY,SOUTH2,KR,KERALA,5
686604,KDY,KDY,KADUTHURUTHY,SOUTH2,KR,KERALA,5
686605,TLA,TLA,THALAYOLAPARAMBU,SOUTH2,KR,KERALA,5
686609,KDY,KDY,KADUTHURUTHY,SOUTH2,KR,KERALA,5
686610,KDY,KDY,KADUTHURUTHY,SOUTH2,KR,KERALA,5
686611,KDY,KDY,KADUTHURUTHY,SOUTH2,KR,KERALA,5
686612,KDY,KDY,KADUTHURUTHY,SOUTH2,KR,KERALA,5
686613,KDY,KDY,KADUTHURUTHY,SOUTH2,KR,KERALA,5
686616,KDY,KDY,KADUTHURUTHY,SOUTH2,KR,KERALA,5
686619,QUI,QUI,KOLLAM,SOUTH2,KR,KERALA,5
686630,EMR,EMR,ETTUMANOOR,SOUTH2,KR,KERALA,5
686631,EMR,EMR,ETTUMANOOR,SOUTH2,KR,KERALA,5
686632,EMR,EMR,ETTUMANOOR,SOUTH2,KR,KERALA,5
686633,KDY,KDY,KADUTHURUTHY,SOUTH2,KR,KERALA,5
686634,KTF,KTF,KOOTHATTUKULAM,SOUTH2,KR,KERALA,5
686636,KTF,KTF,KOOTHATTUKULAM,SOUTH2,KR,KERALA,5
686637,EMR,EMR,ETTUMANOOR,SOUTH2,KR,KERALA,5
686661,MVT,MVT,MUVATTUPUZHA,SOUTH2,KR,KERALA,5
686662,KTF,KTF,KOOTHATTUKULAM,SOUTH2,KR,KERALA,5
686663,PVM,PVM,PIRAVOM,SOUTH2,KR,KERALA,5
686664,PVM,PVM,PIRAVOM,SOUTH2,KR,KERALA,5
686665,PVM,PVM,PIRAVOM,SOUTH2,KR,KERALA,5
686666,THO,THO,THODUPUZHA,SOUTH2,KR,KERALA,5
686667,KTF,KTF,KOOTHATTUKULAM,SOUTH2,KR,KERALA,5
686668,MVT,MVT,MUVATTUPUZHA,SOUTH2,KR,KERALA,5
686669,MVT,MVT,MUVATTUPUZHA,SOUTH2,KR,KERALA,5
686670,MVT,MVT,MUVATTUPUZHA,SOUTH2,KR,KERALA,5
686672,MVT,MVT,MUVATTUPUZHA,SOUTH2,KR,KERALA,5
686673,MVT,MVT,MUVATTUPUZHA,SOUTH2,KR,KERALA,5
686680,QUI,QUI,KOLLAM,SOUTH2,KR,KERALA,5
688001,APY,APY,ALAPPUZHA,SOUTH2,KR,KERALA,5
688002,APY,APY,ALAPPUZHA,SOUTH2,KR,KERALA,5
688003,APY,APY,ALAPPUZHA,SOUTH2,KR,KERALA,5
688004,APY,APY,ALAPPUZHA,SOUTH2,KR,KERALA,5
688005,ABL,ABL,AMBALAPUZHA,SOUTH2,KR,KERALA,5
688006,APY,APY,ALAPPUZHA,SOUTH2,KR,KERALA,5
688007,APY,APY,ALAPPUZHA,SOUTH2,KR,KERALA,5
688008,APY,APY,ALAPPUZHA,SOUTH2,KR,KERALA,5
688009,APY,APY,ALAPPUZHA,SOUTH2,KR,KERALA,5
688010,APY,APY,ALAPPUZHA,SOUTH2,KR,KERALA,5
688011,APY,APY,ALAPPUZHA,SOUTH2,KR,KERALA,5
688012,APY,APY,ALAPPUZHA,SOUTH2,KR,KERALA,5
688013,APY,APY,ALAPPUZHA,SOUTH2,KR,KERALA,5
688014,ABL,ABL,AMBALAPUZHA,SOUTH2,KR,KERALA,5
688501,APY,APY,ALAPPUZHA,SOUTH2,KR,KERALA,5
688502,APY,APY,ALAPPUZHA,SOUTH2,KR,KERALA,5
688503,APY,APY,ALAPPUZHA,SOUTH2,KR,KERALA,5
688505,APY,APY,ALAPPUZHA,SOUTH2,KR,KERALA,5
688521,APY,APY,ALAPPUZHA,SOUTH2,KR,KERALA,5
688522,APY,APY,ALAPPUZHA,SOUTH2,KR,KERALA,5
688523,APY,APY,ALAPPUZHA,SOUTH2,KR,KERALA,5
688524,CER,CER,CHERTHALAI,SOUTH2,KR,KERALA,5
688525,CER,CER,CHERTHALAI,SOUTH2,KR,KERALA,5
688526,ELR,ELR,ERAMALLUR,SOUTH2,KR,KERALA,5
688527,CER,CER,CHERTHALAI,SOUTH2,KR,KERALA,5
688528,ELR,ELR,ERAMALLUR,SOUTH2,KR,KERALA,5
688529,ELR,ELR,ERAMALLUR,SOUTH2,KR,KERALA,5
688530,CER,CER,CHERTHALAI,SOUTH2,KR,KERALA,5
688531,ELR,ELR,ERAMALLUR,SOUTH2,KR,KERALA,5
688532,ELR,ELR,ERAMALLUR,SOUTH2,KR,KERALA,5
688533,ELR,ELR,ERAMALLUR,SOUTH2,KR,KERALA,5
688534,COK,VTL,VYTTILA,SOUTH2,KR,KERALA,5
688535,ERA,ERA,EZHUPUNNA,SOUTH2,KR,KERALA,5
688536,CER,CER,CHERTHALAI,SOUTH2,KR,KERALA,5
688537,ERA,ERA,EZHUPUNNA,SOUTH2,KR,KERALA,5
688538,APY,APY,ALAPPUZHA,SOUTH2,KR,KERALA,5
688539,CER,CER,CHERTHALAI,SOUTH2,KR,KERALA,5
688540,ELR,ELR,ERAMALLUR,SOUTH2,KR,KERALA,5
688541,ELR,ELR,ERAMALLUR,SOUTH2,KR,KERALA,5
688542,APY,APY,ALAPPUZHA,SOUTH2,KR,KERALA,5
688555,CER,CER,CHERTHALAI,SOUTH2,KR,KERALA,5
688561,ABL,ABL,AMBALAPUZHA,SOUTH2,KR,KERALA,5
688562,ABL,ABL,AMBALAPUZHA,SOUTH2,KR,KERALA,5
688582,APY,APY,ALAPPUZHA,SOUTH2,KR,KERALA,5
689101,TVA,TVA,THIRUVALLA,SOUTH2,KR,KERALA,5
689102,TVA,TVA,THIRUVALLA,SOUTH2,KR,KERALA,5
689103,TVA,TVA,THIRUVALLA,SOUTH2,KR,KERALA,5
689104,TVA,TVA,THIRUVALLA,SOUTH2,KR,KERALA,5
689105,TVA,TVA,THIRUVALLA,SOUTH2,KR,KERALA,5
689106,CNR,CNR,CHENGANNUR,SOUTH2,KR,KERALA,5
689107,TVA,TVA,THIRUVALLA,SOUTH2,KR,KERALA,5
689108,TVA,TVA,THIRUVALLA,SOUTH2,KR,KERALA,5
689109,CNR,CNR,CHENGANNUR,SOUTH2,KR,KERALA,5
689110,TVA,TVA,THIRUVALLA,SOUTH2,KR,KERALA,5
689111,TVA,TVA,THIRUVALLA,SOUTH2,KR,KERALA,5
689112,TVA,TVA,THIRUVALLA,SOUTH2,KR,KERALA,5
689113,TVA,TVA,THIRUVALLA,SOUTH2,KR,KERALA,5
689115,CNR,CNR,CHENGANNUR,SOUTH2,KR,KERALA,5
689121,CNR,CNR,CHENGANNUR,SOUTH2,KR,KERALA,5
689122,CNR,CNR,CHENGANNUR,SOUTH2,KR,KERALA,5
689123,CNR,CNR,CHENGANNUR,SOUTH2,KR,KERALA,5
689124,CNR,CNR,CHENGANNUR,SOUTH2,KR,KERALA,5
689126,CNR,CNR,CHENGANNUR,SOUTH2,KR,KERALA,5
689501,ADO,ADO,ADUR,SOUTH2,KR,KERALA,5
689502,ADO,ADO,ADUR,SOUTH2,KR,KERALA,5
689504,CNR,CNR,CHENGANNUR,SOUTH2,KR,KERALA,5
689505,CNR,CNR,CHENGANNUR,SOUTH2,KR,KERALA,5
689506,CNR,CNR,CHENGANNUR,SOUTH2,KR,KERALA,5
689508,CNR,CNR,CHENGANNUR,SOUTH2,KR,KERALA,5
689509,ADO,ADO,ADUR,SOUTH2,KR,KERALA,5
689510,CNR,CNR,CHENGANNUR,SOUTH2,KR,KERALA,5
689511,MVL,MVL,MAVELIKARA,SOUTH2,KR,KERALA,5
689512,ADO,ADO,ADUR,SOUTH2,KR,KERALA,5
689513,PTV,PTV,PATHANAMTHITTA,SOUTH2,KR,KERALA,5
689520,CNR,CNR,CHENGANNUR,SOUTH2,KR,KERALA,5
689542,KHY,KHY,KOZHENCHERRY,SOUTH2,KR,KERALA,5
689543,KHY,KHY,KOZHENCHERRY,SOUTH2,KR,KERALA,5
689544,KHY,KHY,KOZHENCHERRY,SOUTH2,KR,KERALA,5
689546,CNR,CNR,CHENGANNUR,SOUTH2,KR,KERALA,5
689547,KHY,KHY,KOZHENCHERRY,SOUTH2,KR,KERALA,5
689549,KHY,KHY,KOZHENCHERRY,SOUTH2,KR,KERALA,5
689550,KHY,KHY,KOZHENCHERRY,SOUTH2,KR,KERALA,5
689551,CNR,CNR,CHENGANNUR,SOUTH2,KR,KERALA,5
689572,ABL,ABL,AMBALAPUZHA,SOUTH2,KR,KERALA,5
689573,ABL,ABL,AMBALAPUZHA,SOUTH2,KR,KERALA,5
689584,KYF,KYF,KARUKACHAL,SOUTH2,KR,KERALA,5
689585,KYF,KYF,KARUKACHAL,SOUTH2,KR,KERALA,5
689586,KHY,KHY,KOZHENCHERRY,SOUTH2,KR,KERALA,5
689587,KHY,KHY,KOZHENCHERRY,SOUTH2,KR,KERALA,5
689589,KYF,KYF,KARUKACHAL,SOUTH2,KR,KERALA,5
689591,TVA,TVA,THIRUVALLA,SOUTH2,KR,KERALA,5
689595,APY,APY,ALAPPUZHA,SOUTH2,KR,KERALA,5
689597,KHY,KHY,KOZHENCHERRY,SOUTH2,KR,KERALA,5
689602,KHY,KHY,KOZHENCHERRY,SOUTH2,KR,KERALA,5
689621,TVA,TVA,THIRUVALLA,SOUTH2,KR,KERALA,5
689622,HRP,HRP,HARIPAD,SOUTH2,KR,KERALA,5
689624,MVL,MVL,MAVELIKARA,SOUTH2,KR,KERALA,5
689626,TVA,TVA,THIRUVALLA,SOUTH2,KR,KERALA,5
689641,KHY,KHY,KOZHENCHERRY,SOUTH2,KR,KERALA,5
689644,PTV,PTV,PATHANAMTHITTA,SOUTH2,KR,KERALA,5
689645,PTV,PTV,PATHANAMTHITTA,SOUTH2,KR,KERALA,5
689647,PTV,PTV,PATHANAMTHITTA,SOUTH2,KR,KERALA,5
689648,PTV,PTV,PATHANAMTHITTA,SOUTH2,KR,KERALA,5
689652,PTV,PTV,PATHANAMTHITTA,SOUTH2,KR,KERALA,5
689653,PTV,PTV,PATHANAMTHITTA,SOUTH2,KR,KERALA,5
689654,PTV,PTV,PATHANAMTHITTA,SOUTH2,KR,KERALA,5
689661,PTV,PTV,PATHANAMTHITTA,SOUTH2,KR,KERALA,5
689666,PTV,PTV,PATHANAMTHITTA,SOUTH2,KR,KERALA,5
689668,PTV,PTV,PATHANAMTHITTA,SOUTH2,KR,KERALA,5
689671,PTV,PTV,PATHANAMTHITTA,SOUTH2,KR,KERALA,5
689678,PTV,PTV,PATHANAMTHITTA,SOUTH2,KR,KERALA,5
689695,PMF,PMF,PATHANAPURAM,SOUTH2,KR,KERALA,5
690101,MVL,MVL,MAVELIKARA,SOUTH2,KR,KERALA,5
690102,MVL,MVL,MAVELIKARA,SOUTH2,KR,KERALA,5
690103,MVL,MVL,MAVELIKARA,SOUTH2,KR,KERALA,5
690104,MVL,MVL,MAVELIKARA,SOUTH2,KR,KERALA,5
690105,HRP,HRP,HARIPAD,SOUTH2,KR,KERALA,5
690106,MVL,MVL,MAVELIKARA,SOUTH2,KR,KERALA,5
690107,MVL,MVL,MAVELIKARA,SOUTH2,KR,KERALA,5
690108,MVL,MVL,MAVELIKARA,SOUTH2,KR,KERALA,5
690110,MVL,MVL,MAVELIKARA,SOUTH2,KR,KERALA,5
690502,NAK,NAK,KAYAMKULAM,SOUTH2,KR,KERALA,5
690503,NAK,NAK,KAYAMKULAM,SOUTH2,KR,KERALA,5
690506,NAK,NAK,KAYAMKULAM,SOUTH2,KR,KERALA,5
690507,HRP,HRP,HARIPAD,SOUTH2,KR,KERALA,5
690510,MVL,MVL,MAVELIKARA,SOUTH2,KR,KERALA,5
690513,HRP,HRP,HARIPAD,SOUTH2,KR,KERALA,5
690514,HRP,HRP,HARIPAD,SOUTH2,KR,KERALA,5
690515,HRP,HRP,HARIPAD,SOUTH2,KR,KERALA,5
690516,HRP,HRP,HARIPAD,SOUTH2,KR,KERALA,5
690518,KPL,KPL,KARUNAGAPALLY,SOUTH2,KR,KERALA,5
690519,KPL,KPL,KARUNAGAPALLY,SOUTH2,KR,KERALA,5
690523,KPL,KPL,KARUNAGAPALLY,SOUTH2,KR,KERALA,5
690524,QUX,QUX,KAVANADU,SOUTH2,KR,KERALA,5
690525,KPL,KPL,KARUNAGAPALLY,SOUTH2,KR,KERALA,5
690526,KPL,KPL,KARUNAGAPALLY,SOUTH2,KR,KERALA,5
690528,KPL,KPL,KARUNAGAPALLY,SOUTH2,KR,KERALA,5
690531,NAK,NAK,KAYAMKULAM,SOUTH2,KR,KERALA,5
690532,HRP,HRP,HARIPAD,SOUTH2,KR,KERALA,5
690533,NAK,NAK,KAYAMKULAM,SOUTH2,KR,KERALA,5
690535,NAK,NAK,KAYAMKULAM,SOUTH2,KR,KERALA,5
690536,KPL,KPL,KARUNAGAPALLY,SOUTH2,KR,KERALA,5
690539,KPL,KPL,KARUNAGAPALLY,SOUTH2,KR,KERALA,5
690542,KPL,KPL,KARUNAGAPALLY,SOUTH2,KR,KERALA,5
690544,KPL,KPL,KARUNAGAPALLY,SOUTH2,KR,KERALA,5
690546,KPL,KPL,KARUNAGAPALLY,SOUTH2,KR,KERALA,5
690547,KPL,KPL,KARUNAGAPALLY,SOUTH2,KR,KERALA,5
690552,NAK,NAK,KAYAMKULAM,SOUTH2,KR,KERALA,5
690558,MVL,MVL,MAVELIKARA,SOUTH2,KR,KERALA,5
690570,MVL,MVL,MAVELIKARA,SOUTH2,KR,KERALA,5
690571,NAK,NAK,KAYAMKULAM,SOUTH2,KR,KERALA,5
690572,NAK,NAK,KAYAMKULAM,SOUTH2,KR,KERALA,5
690573,KPL,KPL,KARUNAGAPALLY,SOUTH2,KR,KERALA,5
691001,QUI,QUI,KOLLAM,SOUTH2,KR,KERALA,5
691002,QUI,QUI,KOLLAM,SOUTH2,KR,KERALA,5
691003,QUX,QUX,KAVANADU,SOUTH2,KR,KERALA,5
691004,QUI,QUI,KOLLAM,SOUTH2,KR,KERALA,5
691005,QUI,QUI,KOLLAM,SOUTH2,KR,KERALA,5
691006,QUI,QUI,KOLLAM,SOUTH2,KR,KERALA,5
691007,QUX,QUX,KAVANADU,SOUTH2,KR,KERALA,5
691008,QUI,QUI,KOLLAM,SOUTH2,KR,KERALA,5
691009,QUI,QUI,KOLLAM,SOUTH2,KR,KERALA,5
691010,QUI,QUI,KOLLAM,SOUTH2,KR,KERALA,5
691011,QUI,QUI,KOLLAM,SOUTH2,KR,KERALA,5
691012,QUX,QUX,KAVANADU,SOUTH2,KR,KERALA,5
691013,QUX,QUX,KAVANADU,SOUTH2,KR,KERALA,5
691014,QUI,QUI,KOLLAM,SOUTH2,KR,KERALA,5
691015,QUI,QUI,KOLLAM,SOUTH2,KR,KERALA,5
691016,QUI,QUI,KOLLAM,SOUTH2,KR,KERALA,5
691017,QUI,QUI,KOLLAM,SOUTH2,KR,KERALA,5
691019,QUI,QUI,KOLLAM,SOUTH2,KR,KERALA,5
691020,QUI,QUI,KOLLAM,SOUTH2,KR,KERALA,5
691021,QUI,QUI,KOLLAM,SOUTH2,KR,KERALA,5
691301,VAR,VAR,VARKALA,SOUTH2,KR,KERALA,5
691302,VAR,VAR,VARKALA,SOUTH2,KR,KERALA,5
691305,PUN,PUN,PUNALUR,SOUTH2,KR,KERALA,5
691306,ANF,ANF,ANCHAL,SOUTH2,KR,KERALA,5
691319,VAR,VAR,VARKALA,SOUTH2,KR,KERALA,5
691331,PUN,PUN,PUNALUR,SOUTH2,KR,KERALA,5
691332,PMF,PMF,PATHANAPURAM,SOUTH2,KR,KERALA,5
691333,PUN,PUN,PUNALUR,SOUTH2,KR,KERALA,5
691501,KUA,KUA,KUNDRA,SOUTH2,KR,KERALA,5
691504,KUA,KUA,KUNDRA,SOUTH2,KR,KERALA,5
691505,KTK,KTK,KOTTARAKKARA,SOUTH2,KR,KERALA,5
691506,KTK,KTK,KOTTARAKKARA,SOUTH2,KR,KERALA,5
691507,KTK,KTK,KOTTARAKKARA,SOUTH2,KR,KERALA,5
691508,PMF,PMF,PATHANAPURAM,SOUTH2,KR,KERALA,5
691511,KUA,KUA,KUNDRA,SOUTH2,KR,KERALA,5
691512,KTK,KTK,KOTTARAKKARA,SOUTH2,KR,KERALA,5
691523,ADO,ADO,ADUR,SOUTH2,KR,KERALA,5
691530,ADO,ADO,ADUR,SOUTH2,KR,KERALA,5
691531,KTK,KTK,KOTTARAKKARA,SOUTH2,KR,KERALA,5
691532,ANF,ANF,ANCHAL,SOUTH2,KR,KERALA,5
691533,ANF,ANF,ANCHAL,SOUTH2,KR,KERALA,5
691536,ANF,ANF,ANCHAL,SOUTH2,KR,KERALA,5
691538,KTK,KTK,KOTTARAKKARA,SOUTH2,KR,KERALA,5
691542,KTK,KTK,KOTTARAKKARA,SOUTH2,KR,KERALA,5
691557,KTK,KTK,KOTTARAKKARA,SOUTH2,KR,KERALA,5
691560,KTK,KTK,KOTTARAKKARA,SOUTH2,KR,KERALA,5
691566,KTK,KTK,KOTTARAKKARA,SOUTH2,KR,KERALA,5
691571,QUI,QUI,KOLLAM,SOUTH2,KR,KERALA,5
691574,VAR,VAR,VARKALA,SOUTH2,KR,KERALA,5
691577,QUI,QUI,KOLLAM,SOUTH2,KR,KERALA,5
691581,QUX,QUX,KAVANADU,SOUTH2,KR,KERALA,5
691582,QUX,QUX,KAVANADU,SOUTH2,KR,KERALA,5
691583,QUX,QUX,KAVANADU,SOUTH2,KR,KERALA,5
691584,QUX,QUX,KAVANADU,SOUTH2,KR,KERALA,5
691589,QUI,QUI,KOLLAM,SOUTH2,KR,KERALA,5
691590,QUX,QUX,KAVANADU,SOUTH2,KR,KERALA,5
691601,QUX,QUX,KAVANADU,SOUTH2,KR,KERALA,5
691602,QUX,QUX,KAVANADU,SOUTH2,KR,KERALA,5
691605,QUX,QUX,KAVANADU,SOUTH2,KR,KERALA,5
694582,QUX,QUX,KAVANADU,SOUTH2,KR,KERALA,5
695001,TRV,TRM,TRIVANDRUM SERVICE CENTRE,SOUTH2,KR,KERALA,5
695002,TRV,TRM,TRIVANDRUM SERVICE CENTRE,SOUTH2,KR,KERALA,5
695003,TRV,TPK,ULOOR SERVICE CENTRE,SOUTH2,KR,KERALA,5
695004,TRV,TPK,ULOOR SERVICE CENTRE,SOUTH2,KR,KERALA,5
695005,TRV,TPK,ULOOR SERVICE CENTRE,SOUTH2,KR,KERALA,5
695006,TRV,TRM,TRIVANDRUM SERVICE CENTRE,SOUTH2,KR,KERALA,5
695007,TRV,TPK,ULOOR SERVICE CENTRE,SOUTH2,KR,KERALA,5
695008,TRV,TRM,TRIVANDRUM SERVICE CENTRE,SOUTH2,KR,KERALA,5
695009,TRV,TRM,TRIVANDRUM SERVICE CENTRE,SOUTH2,KR,KERALA,5
695010,TRV,TRM,TRIVANDRUM SERVICE CENTRE,SOUTH2,KR,KERALA,5
695011,TRV,TPK,ULOOR SERVICE CENTRE,SOUTH2,KR,KERALA,5
695012,TRV,TRM,TRIVANDRUM SERVICE CENTRE,SOUTH2,KR,KERALA,5
695013,TRV,TRM,TRIVANDRUM SERVICE CENTRE,SOUTH2,KR,KERALA,5
695014,TRV,TRM,TRIVANDRUM SERVICE CENTRE,SOUTH2,KR,KERALA,5
695015,TRV,TPK,ULOOR SERVICE CENTRE,SOUTH2,KR,KERALA,5
695016,TRV,TPK,ULOOR SERVICE CENTRE,SOUTH2,KR,KERALA,5
695017,TRV,TPK,ULOOR SERVICE CENTRE,SOUTH2,KR,KERALA,5
695018,TRV,TRM,TRIVANDRUM SERVICE CENTRE,SOUTH2,KR,KERALA,5
695019,TRV,TRM,TRIVANDRUM SERVICE CENTRE,SOUTH2,KR,KERALA,5
695020,PYF,PYF,PEYAD,SOUTH2,KR,KERALA,5
695021,TRV,TPK,ULOOR SERVICE CENTRE,SOUTH2,KR,KERALA,5
695022,TRV,TPK,ULOOR SERVICE CENTRE,SOUTH2,KR,KERALA,5
695023,TRV,TRM,TRIVANDRUM SERVICE CENTRE,SOUTH2,KR,KERALA,5
695024,TRV,TPK,ULOOR SERVICE CENTRE,SOUTH2,KR,KERALA,5
695025,TRV,TPK,ULOOR SERVICE CENTRE,SOUTH2,KR,KERALA,5
695026,PYF,PYF,PEYAD,SOUTH2,KR,KERALA,5
695027,PYF,PYF,PEYAD,SOUTH2,KR,KERALA,5
695028,NMD,NMD,NEDUMANGAD,SOUTH2,KR,KERALA,5
695029,TRV,TPK,ULOOR SERVICE CENTRE,SOUTH2,KR,KERALA,5
695030,TRV,TRM,TRIVANDRUM SERVICE CENTRE,SOUTH2,KR,KERALA,5
695031,TRV,TPK,ULOOR SERVICE CENTRE,SOUTH2,KR,KERALA,5
695032,TRV,TRM,TRIVANDRUM SERVICE CENTRE,SOUTH2,KR,KERALA,5
695033,TRV,TRM,TRIVANDRUM SERVICE CENTRE,SOUTH2,KR,KERALA,5
695034,TRV,TRM,TRIVANDRUM SERVICE CENTRE,SOUTH2,KR,KERALA,5
695035,TRV,TRM,TRIVANDRUM SERVICE CENTRE,SOUTH2,KR,KERALA,5
695036,TRV,TRM,TRIVANDRUM SERVICE CENTRE,SOUTH2,KR,KERALA,5
695037,TRV,TPK,ULOOR SERVICE CENTRE,SOUTH2,KR,KERALA,5
695038,TRV,TRM,TRIVANDRUM SERVICE CENTRE,SOUTH2,KR,KERALA,5
695039,TRV,TRM,TRIVANDRUM SERVICE CENTRE,SOUTH2,KR,KERALA,5
695040,TRV,TRM,TRIVANDRUM SERVICE CENTRE,SOUTH2,KR,KERALA,5
695041,TRV,TRM,TRIVANDRUM SERVICE CENTRE,SOUTH2,KR,KERALA,5
695042,PYF,PYF,PEYAD,SOUTH2,KR,KERALA,5
695043,TRV,TPK,ULOOR SERVICE CENTRE,SOUTH2,KR,KERALA,5
695044,TRV,TPK,ULOOR SERVICE CENTRE,SOUTH2,KR,KERALA,5
695049,TRV,TRM,TRIVANDRUM SERVICE CENTRE,SOUTH2,KR,KERALA,5
695099,TRV,TPK,ULOOR SERVICE CENTRE,SOUTH2,KR,KERALA,5
695101,ATG,ATG,ATTINGAL,SOUTH2,KR,KERALA,5
695102,ATG,ATG,ATTINGAL,SOUTH2,KR,KERALA,5
695103,ATG,ATG,ATTINGAL,SOUTH2,KR,KERALA,5
695104,ATG,ATG,ATTINGAL,SOUTH2,KR,KERALA,5
695121,BMM,BMM,BALARAMAPURAM,SOUTH2,KR,KERALA,5
695122,BMM,BMM,BALARAMAPURAM,SOUTH2,KR,KERALA,5
695123,BMM,BMM,BALARAMAPURAM,SOUTH2,KR,KERALA,5
695124,BMM,BMM,BALARAMAPURAM,SOUTH2,KR,KERALA,5
695125,KDT,KDT,KATTAKADA,SOUTH2,KR,KERALA,5
695126,BMM,BMM,BALARAMAPURAM,SOUTH2,KR,KERALA,5
695132,BMM,BMM,BALARAMAPURAM,SOUTH2,KR,KERALA,5
695133,BMM,BMM,BALARAMAPURAM,SOUTH2,KR,KERALA,5
695134,BMM,BMM,BALARAMAPURAM,SOUTH2,KR,KERALA,5
695141,VAR,VAR,VARKALA,SOUTH2,KR,KERALA,5
695142,VAR,VAR,VARKALA,SOUTH2,KR,KERALA,5
695143,VAR,VAR,VARKALA,SOUTH2,KR,KERALA,5
695144,ATG,ATG,ATTINGAL,SOUTH2,KR,KERALA,5
695145,VAR,VAR,VARKALA,SOUTH2,KR,KERALA,5
695301,PPF,PPF,PALLIPPURAM,SOUTH2,KR,KERALA,5
695302,PPF,PPF,PALLIPPURAM,SOUTH2,KR,KERALA,5
695303,PPF,PPF,PALLIPPURAM,SOUTH2,KR,KERALA,5
695304,ATG,ATG,ATTINGAL,SOUTH2,KR,KERALA,5
695305,PPF,PPF,PALLIPPURAM,SOUTH2,KR,KERALA,5
695306,ATG,ATG,ATTINGAL,SOUTH2,KR,KERALA,5
695308,ATG,ATG,ATTINGAL,SOUTH2,KR,KERALA,5
695311,VAR,VAR,VARKALA,SOUTH2,KR,KERALA,5
695312,VAR,VAR,VARKALA,SOUTH2,KR,KERALA,5
695316,PPF,PPF,PALLIPPURAM,SOUTH2,KR,KERALA,5
695317,PPF,PPF,PALLIPPURAM,SOUTH2,KR,KERALA,5
695318,VAR,VAR,VARKALA,SOUTH2,KR,KERALA,5
695501,BMM,BMM,BALARAMAPURAM,SOUTH2,KR,KERALA,5
695502,BMM,BMM,BALARAMAPURAM,SOUTH2,KR,KERALA,5
695503,BMM,BMM,BALARAMAPURAM,SOUTH2,KR,KERALA,5
695504,BMM,BMM,BALARAMAPURAM,SOUTH2,KR,KERALA,5
695505,BMM,BMM,BALARAMAPURAM,SOUTH2,KR,KERALA,5
695506,BMM,BMM,BALARAMAPURAM,SOUTH2,KR,KERALA,5
695507,PYF,PYF,PEYAD,SOUTH2,KR,KERALA,5
695508,BMM,BMM,BALARAMAPURAM,SOUTH2,KR,KERALA,5
695512,KDT,KDT,KATTAKADA,SOUTH2,KR,KERALA,5
695513,BMM,BMM,BALARAMAPURAM,SOUTH2,KR,KERALA,5
695521,PYF,PYF,PEYAD,SOUTH2,KR,KERALA,5
695522,PYF,PYF,PEYAD,SOUTH2,KR,KERALA,5
695523,PYF,PYF,PEYAD,SOUTH2,KR,KERALA,5
695525,BMM,BMM,BALARAMAPURAM,SOUTH2,KR,KERALA,5
695526,BMM,BMM,BALARAMAPURAM,SOUTH2,KR,KERALA,5
695527,PYF,PYF,PEYAD,SOUTH2,KR,KERALA,5
695541,NMD,NMD,NEDUMANGAD,SOUTH2,KR,KERALA,5
695543,KDT,KDT,KATTAKADA,SOUTH2,KR,KERALA,5
695547,NMD,NMD,NEDUMANGAD,SOUTH2,KR,KERALA,5
695561,KKU,KKU,KARAKULAM,SOUTH2,KR,KERALA,5
695562,KKU,KKU,KARAKULAM,SOUTH2,KR,KERALA,5
695564,KKU,KKU,KARAKULAM,SOUTH2,KR,KERALA,5
695568,KKU,KKU,KARAKULAM,SOUTH2,KR,KERALA,5
695571,KDT,KDT,KATTAKADA,SOUTH2,KR,KERALA,5
695573,KDT,KDT,KATTAKADA,SOUTH2,KR,KERALA,5
695575,KDT,KDT,KATTAKADA,SOUTH2,KR,KERALA,5
695581,TRV,TPK,ULOOR SERVICE CENTRE,SOUTH2,KR,KERALA,5
695582,TRV,TPK,ULOOR SERVICE CENTRE,SOUTH2,KR,KERALA,5
695583,TRV,TPK,ULOOR SERVICE CENTRE,SOUTH2,KR,KERALA,5
695584,PHF,PHF,POTHENCODE,SOUTH2,KR,KERALA,5
695585,PPF,PPF,PALLIPPURAM,SOUTH2,KR,KERALA,5
695586,PPF,PPF,PALLIPPURAM,SOUTH2,KR,KERALA,5
695587,PHF,PHF,POTHENCODE,SOUTH2,KR,KERALA,5
695588,PHF,PHF,POTHENCODE,SOUTH2,KR,KERALA,5
695589,PHF,PHF,POTHENCODE,SOUTH2,KR,KERALA,5
695601,PHF,PHF,POTHENCODE,SOUTH2,KR,KERALA,5
695603,VAR,VAR,VARKALA,SOUTH2,KR,KERALA,5
695606,ATG,ATG,ATTINGAL,SOUTH2,KR,KERALA,5
695607,PHF,PHF,POTHENCODE,SOUTH2,KR,KERALA,5
695608,PHF,PHF,POTHENCODE,SOUTH2,KR,KERALA,5
695611,ATG,ATG,ATTINGAL,SOUTH2,KR,KERALA,5
695612,ATG,ATG,ATTINGAL,SOUTH2,KR,KERALA,5
695614,ATG,ATG,ATTINGAL,SOUTH2,KR,KERALA,5
695615,PHF,PHF,POTHENCODE,SOUTH2,KR,KERALA,5
700000,CCU,ERO,EAST REGIONAL OFFICE,EAST,WB,WEST BENGAL,5
700001,CCU,DSI,DALHOUSIE,EAST,WB,WEST BENGAL,5
700002,CCU,BTR,B T ROAD SERVICE CENTRE.,EAST,WB,WEST BENGAL,5
700003,CCU,BTR,B T ROAD SERVICE CENTRE.,EAST,WB,WEST BENGAL,5
700004,CCU,BTR,B T ROAD SERVICE CENTRE.,EAST,WB,WEST BENGAL,5
700005,CCU,DSI,DALHOUSIE,EAST,WB,WEST BENGAL,5
700006,CCU,DSI,DALHOUSIE,EAST,WB,WEST BENGAL,5
700007,CCU,DSI,DALHOUSIE,EAST,WB,WEST BENGAL,5
700008,CCU,EJR,EJR SERVICE CENTRE,EAST,WB,WEST BENGAL,5
700009,CCU,DSI,DALHOUSIE,EAST,WB,WEST BENGAL,5
700010,CCU,SLT,SALT LAKE SERVICE CENTER,EAST,WB,WEST BENGAL,5
700011,CCU,SLT,SALT LAKE SERVICE CENTER,EAST,WB,WEST BENGAL,5
700012,CCU,DSI,DALHOUSIE,EAST,WB,WEST BENGAL,5
700013,CCU,DSI,DALHOUSIE,EAST,WB,WEST BENGAL,5
700014,CCU,BMB,BMB SERVICE CENTRE,EAST,WB,WEST BENGAL,5
700015,CCU,BMB,BMB SERVICE CENTRE,EAST,WB,WEST BENGAL,5
700016,CCU,PST,PARK STREET,EAST,WB,WEST BENGAL,5
700017,CCU,AJC,AJC SERVICE CENTRE,EAST,WB,WEST BENGAL,5
700018,MAH,MSH,MAHESHTALA,EAST,WB,WEST BENGAL,5
700019,CCU,BNR,BHOWANIPUR,EAST,WB,WEST BENGAL,5
700020,CCU,AJC,AJC SERVICE CENTRE,EAST,WB,WEST BENGAL,5
700021,CCU,DSI,DALHOUSIE,EAST,WB,WEST BENGAL,5
700022,CCU,EJR,EJR SERVICE CENTRE,EAST,WB,WEST BENGAL,5
700023,CCU,EJR,EJR SERVICE CENTRE,EAST,WB,WEST BENGAL,5
700024,CCU,EJR,EJR SERVICE CENTRE,EAST,WB,WEST BENGAL,5
700025,CCU,AJC,AJC SERVICE CENTRE,EAST,WB,WEST BENGAL,5
700026,CCU,BNR,BHOWANIPUR,EAST,WB,WEST BENGAL,5
700027,CCU,EJR,EJR SERVICE CENTRE,EAST,WB,WEST BENGAL,5
700028,CCU,DMD,DUMDUM,EAST,WB,WEST BENGAL,5
700029,CCU,BNR,BHOWANIPUR,EAST,WB,WEST BENGAL,5
700030,CCU,BTR,B T ROAD SERVICE CENTRE.,EAST,WB,WEST BENGAL,5
700031,CCU,BNR,BHOWANIPUR,EAST,WB,WEST BENGAL,5
700032,CCU,JVP,JADAVPUR SERVICE CENTRE,EAST,WB,WEST BENGAL,5
700033,CCU,BNR,BHOWANIPUR,EAST,WB,WEST BENGAL,5
700034,CCU,EJR,EJR SERVICE CENTRE,EAST,WB,WEST BENGAL,5
700035,CCU,BTR,B T ROAD SERVICE CENTRE.,EAST,WB,WEST BENGAL,5
700036,CCU,BTR,B T ROAD SERVICE CENTRE.,EAST,WB,WEST BENGAL,5
700037,CCU,BTR,B T ROAD SERVICE CENTRE.,EAST,WB,WEST BENGAL,5
700038,CCU,EJR,EJR SERVICE CENTRE,EAST,WB,WEST BENGAL,5
700039,CCU,BNR,BHOWANIPUR,EAST,WB,WEST BENGAL,5
700040,CCU,JVP,JADAVPUR SERVICE CENTRE,EAST,WB,WEST BENGAL,5
700041,CCU,EJR,EJR SERVICE CENTRE,EAST,WB,WEST BENGAL,5
700042,CCU,BNR,BHOWANIPUR,EAST,WB,WEST BENGAL,5
700043,CCU,EJR,EJR SERVICE CENTRE,EAST,WB,WEST BENGAL,5
700044,MAH,MSH,MAHESHTALA,EAST,WB,WEST BENGAL,5
700045,CCU,BNR,BHOWANIPUR,EAST,WB,WEST BENGAL,5
700046,CCU,BMB,BMB SERVICE CENTRE,EAST,WB,WEST BENGAL,5
700047,CCU,JVP,JADAVPUR SERVICE CENTRE,EAST,WB,WEST BENGAL,5
700048,CCU,DMD,DUMDUM,EAST,WB,WEST BENGAL,5
700049,CCU,BTR,B T ROAD SERVICE CENTRE.,EAST,WB,WEST BENGAL,5
700050,CCU,BTR,B T ROAD SERVICE CENTRE.,EAST,WB,WEST BENGAL,5
700051,CCU,DMD,DUMDUM,EAST,WB,WEST BENGAL,5
700052,CCU,DMD,DUMDUM,EAST,WB,WEST BENGAL,5
700053,CCU,EJR,EJR SERVICE CENTRE,EAST,WB,WEST BENGAL,5
700054,CCU,SLT,SALT LAKE SERVICE CENTER,EAST,WB,WEST BENGAL,5
700055,CCU,DMD,DUMDUM,EAST,WB,WEST BENGAL,5
700056,CCU,BTR,B T ROAD SERVICE CENTRE.,EAST,WB,WEST BENGAL,5
700057,CCU,BTR,B T ROAD SERVICE CENTRE.,EAST,WB,WEST BENGAL,5
700058,CCU,BTR,B T ROAD SERVICE CENTRE.,EAST,WB,WEST BENGAL,5
700059,CCU,DMD,DUMDUM,EAST,WB,WEST BENGAL,5
700060,CCU,EJR,EJR SERVICE CENTRE,EAST,WB,WEST BENGAL,5
700061,CCU,EJR,EJR SERVICE CENTRE,EAST,WB,WEST BENGAL,5
700062,CCU,DSI,DALHOUSIE,EAST,WB,WEST BENGAL,5
700063,CCU,EJR,EJR SERVICE CENTRE,EAST,WB,WEST BENGAL,5
700064,CCU,SLT,SALT LAKE SERVICE CENTER,EAST,WB,WEST BENGAL,5
700065,CCU,DMD,DUMDUM,EAST,WB,WEST BENGAL,5
700066,MAH,MSH,MAHESHTALA,EAST,WB,WEST BENGAL,5
700067,CCU,SLT,SALT LAKE SERVICE CENTER,EAST,WB,WEST BENGAL,5
700068,CCU,BNR,BHOWANIPUR,EAST,WB,WEST BENGAL,5
700069,CCU,DSI,DALHOUSIE,EAST,WB,WEST BENGAL,5
700070,CCU,JVP,JADAVPUR SERVICE CENTRE,EAST,WB,WEST BENGAL,5
700071,CCU,PST,PARK STREET,EAST,WB,WEST BENGAL,5
700072,CCU,DSI,DALHOUSIE,EAST,WB,WEST BENGAL,5
700073,CCU,DSI,DALHOUSIE,EAST,WB,WEST BENGAL,5
700074,CCU,DMD,DUMDUM,EAST,WB,WEST BENGAL,5
700075,CCU,JVP,JADAVPUR SERVICE CENTRE,EAST,WB,WEST BENGAL,5
700076,CCU,BTR,B T ROAD SERVICE CENTRE.,EAST,WB,WEST BENGAL,5
700077,CCU,BTR,B T ROAD SERVICE CENTRE.,EAST,WB,WEST BENGAL,5
700078,CCU,JVP,JADAVPUR SERVICE CENTRE,EAST,WB,WEST BENGAL,5
700079,CCU,DMD,DUMDUM,EAST,WB,WEST BENGAL,5
700080,CCU,DMD,DUMDUM,EAST,WB,WEST BENGAL,5
700081,CCU,DMD,DUMDUM,EAST,WB,WEST BENGAL,5
700082,CCU,EJR,EJR SERVICE CENTRE,EAST,WB,WEST BENGAL,5
700083,CCU,BTR,B T ROAD SERVICE CENTRE.,EAST,WB,WEST BENGAL,5
700084,CCU,JVP,JADAVPUR SERVICE CENTRE,EAST,WB,WEST BENGAL,5
700085,CCU,SLT,SALT LAKE SERVICE CENTER,EAST,WB,WEST BENGAL,5
700086,CCU,JVP,JADAVPUR SERVICE CENTRE,EAST,WB,WEST BENGAL,5
700087,CCU,PST,PARK STREET,EAST,WB,WEST BENGAL,5
700088,CCU,EJR,EJR SERVICE CENTRE,EAST,WB,WEST BENGAL,5
700089,CCU,DMD,DUMDUM,EAST,WB,WEST BENGAL,5
700090,CCU,BTR,B T ROAD SERVICE CENTRE.,EAST,WB,WEST BENGAL,5
700091,CCU,SLT,SALT LAKE SERVICE CENTER,EAST,WB,WEST BENGAL,5
700092,CCU,JVP,JADAVPUR SERVICE CENTRE,EAST,WB,WEST BENGAL,5
700093,CCU,JVP,JADAVPUR SERVICE CENTRE,EAST,WB,WEST BENGAL,5
700094,CCU,JVP,JADAVPUR SERVICE CENTRE,EAST,WB,WEST BENGAL,5
700095,CCU,JVP,JADAVPUR SERVICE CENTRE,EAST,WB,WEST BENGAL,5
700096,CCU,JVP,JADAVPUR SERVICE CENTRE,EAST,WB,WEST BENGAL,5
700097,CCU,SLT,SALT LAKE SERVICE CENTER,EAST,WB,WEST BENGAL,5
700098,CCU,SLT,SALT LAKE SERVICE CENTER,EAST,WB,WEST BENGAL,5
700099,CCU,JVP,JADAVPUR SERVICE CENTRE,EAST,WB,WEST BENGAL,5
700100,CCU,BNR,BHOWANIPUR,EAST,WB,WEST BENGAL,5
700101,CCU,DMD,DUMDUM,EAST,WB,WEST BENGAL,5
700102,CCU,DMD,DUMDUM,EAST,WB,WEST BENGAL,5
700103,GRI,GRI,GARIA BDEL,EAST,WB,WEST BENGAL,5
700104,AAM,AAM,AMTALA BDEL,EAST,WB,WEST BENGAL,5
700105,CCU,SLT,SALT LAKE SERVICE CENTER,EAST,WB,WEST BENGAL,5
700106,CCU,SLT,SALT LAKE SERVICE CENTER,EAST,WB,WEST BENGAL,5
700107,CCU,BNR,BHOWANIPUR,EAST,WB,WEST BENGAL,5
700108,CCU,BTR,B T ROAD SERVICE CENTRE.,EAST,WB,WEST BENGAL,5
700109,BRK,BRK,BARRACKPORE BDEL,EAST,WB,WEST BENGAL,5
700110,BRK,BRK,BARRACKPORE BDEL,EAST,WB,WEST BENGAL,5
700111,BRK,BRK,BARRACKPORE BDEL,EAST,WB,WEST BENGAL,5
700112,BRK,BRK,BARRACKPORE BDEL,EAST,WB,WEST BENGAL,5
700113,BRK,BRK,BARRACKPORE BDEL,EAST,WB,WEST BENGAL,5
700114,BRK,BRK,BARRACKPORE BDEL,EAST,WB,WEST BENGAL,5
700115,BRK,BRK,BARRACKPORE BDEL,EAST,WB,WEST BENGAL,5
700116,BRK,BRK,BARRACKPORE BDEL,EAST,WB,WEST BENGAL,5
700117,BRK,BRK,BARRACKPORE BDEL,EAST,WB,WEST BENGAL,5
700118,BRK,BRK,BARRACKPORE BDEL,EAST,WB,WEST BENGAL,5
700119,BRK,BRK,BARRACKPORE BDEL,EAST,WB,WEST BENGAL,5
700120,BRK,BRK,BARRACKPORE BDEL,EAST,WB,WEST BENGAL,5
700121,BRK,BRK,BARRACKPORE BDEL,EAST,WB,WEST BENGAL,5
700122,BRK,BRK,BARRACKPORE BDEL,EAST,WB,WEST BENGAL,5
700123,BRK,BRK,BARRACKPORE BDEL,EAST,WB,WEST BENGAL,5
700124,BST,BST,BARASAT,EAST,WB,WEST BENGAL,5
700125,BST,BST,BARASAT,EAST,WB,WEST BENGAL,5
700126,BST,BST,BARASAT,EAST,WB,WEST BENGAL,5
700127,BST,BST,BARASAT,EAST,WB,WEST BENGAL,5
700128,BST,BST,BARASAT,EAST,WB,WEST BENGAL,5
700129,BST,BST,BARASAT,EAST,WB,WEST BENGAL,5
700130,BST,BST,BARASAT,EAST,WB,WEST BENGAL,5
700131,BST,BST,BARASAT,EAST,WB,WEST BENGAL,5
700132,BST,BST,BARASAT,EAST,WB,WEST BENGAL,5
700133,BST,BST,BARASAT,EAST,WB,WEST BENGAL,5
700134,BST,BST,BARASAT,EAST,WB,WEST BENGAL,5
700135,CCU,KEX,NEW TOWN SERVICE CENTRE,EAST,WB,WEST BENGAL,5
700136,CCU,KEX,NEW TOWN SERVICE CENTRE,EAST,WB,WEST BENGAL,5
700137,MAH,MSH,MAHESHTALA,EAST,WB,WEST BENGAL,5
700138,MAH,MSH,MAHESHTALA,EAST,WB,WEST BENGAL,5
700139,MAH,MSH,MAHESHTALA,EAST,WB,WEST BENGAL,5
700140,MAH,MSH,MAHESHTALA,EAST,WB,WEST BENGAL,5
700141,MAH,MSH,MAHESHTALA,EAST,WB,WEST BENGAL,5
700142,MAH,MSH,MAHESHTALA,EAST,WB,WEST BENGAL,5
700143,MAH,MSH,MAHESHTALA,EAST,WB,WEST BENGAL,5
700144,GRI,GRI,GARIA BDEL,EAST,WB,WEST BENGAL,5
700145,GRI,GRI,GARIA BDEL,EAST,WB,WEST BENGAL,5
700146,GRI,GRI,GARIA BDEL,EAST,WB,WEST BENGAL,5
700147,GRI,GRI,GARIA BDEL,EAST,WB,WEST BENGAL,5
700148,GRI,GRI,GARIA BDEL,EAST,WB,WEST BENGAL,5
700149,GRI,GRI,GARIA BDEL,EAST,WB,WEST BENGAL,5
700150,GRI,GRI,GARIA BDEL,EAST,WB,WEST BENGAL,5
700151,GRI,GRI,GARIA BDEL,EAST,WB,WEST BENGAL,5
700152,GRI,GRI,GARIA BDEL,EAST,WB,WEST BENGAL,5
700153,GRI,GRI,GARIA BDEL,EAST,WB,WEST BENGAL,5
700154,GRI,GRI,GARIA BDEL,EAST,WB,WEST BENGAL,5
700155,BST,BST,BARASAT,EAST,WB,WEST BENGAL,5
700156,CCU,KEX,NEW TOWN SERVICE CENTRE,EAST,WB,WEST BENGAL,5
700157,CCU,KEX,NEW TOWN SERVICE CENTRE,EAST,WB,WEST BENGAL,5
700158,BRV,BRV,BARASAT REACH,EAST,WB,WEST BENGAL,5
700159,CCU,KEX,NEW TOWN SERVICE CENTRE,EAST,WB,WEST BENGAL,5
700160,CCU,KEX,NEW TOWN SERVICE CENTRE,EAST,WB,WEST BENGAL,5
700161,CCU,KEX,NEW TOWN SERVICE CENTRE,EAST,WB,WEST BENGAL,5
700162,CCU,KEX,NEW TOWN SERVICE CENTRE,EAST,WB,WEST BENGAL,5
711101,HOW,HOH,HOWRAH CITY,EAST,WB,WEST BENGAL,5
711102,HOW,HOH,HOWRAH CITY,EAST,WB,WEST BENGAL,5
711103,HOW,HOH,HOWRAH CITY,EAST,WB,WEST BENGAL,5
711104,HOW,HOH,HOWRAH CITY,EAST,WB,WEST BENGAL,5
711105,HOW,HOH,HOWRAH CITY,EAST,WB,WEST BENGAL,5
711106,HOW,HOH,HOWRAH CITY,EAST,WB,WEST BENGAL,5
711107,HOW,HOH,HOWRAH CITY,EAST,WB,WEST BENGAL,5
711108,HOW,HOH,HOWRAH CITY,EAST,WB,WEST BENGAL,5
711109,HOW,HOH,HOWRAH CITY,EAST,WB,WEST BENGAL,5
711110,HOW,HOH,HOWRAH CITY,EAST,WB,WEST BENGAL,5
711111,HOW,HOH,HOWRAH CITY,EAST,WB,WEST BENGAL,5
711112,HOW,HOH,HOWRAH CITY,EAST,WB,WEST BENGAL,5
711113,HOW,HOH,HOWRAH CITY,EAST,WB,WEST BENGAL,5
711114,HOW,HOH,HOWRAH CITY,EAST,WB,WEST BENGAL,5
711115,HWV,HWV,HOWRAH REACH,EAST,WB,WEST BENGAL,5
711201,BLI,BLI,BALLY BDEL,EAST,WB,WEST BENGAL,5
711202,BLI,BLI,BALLY BDEL,EAST,WB,WEST BENGAL,5
711203,BLI,BLI,BALLY BDEL,EAST,WB,WEST BENGAL,5
711204,BLI,BLI,BALLY BDEL,EAST,WB,WEST BENGAL,5
711205,BLI,BLI,BALLY BDEL,EAST,WB,WEST BENGAL,5
711206,BLV,BLV,BALLY REACH,EAST,WB,WEST BENGAL,5
711225,ATA,ATA,AMTA,EAST,WB,WEST BENGAL,5
711226,ATA,ATA,AMTA,EAST,WB,WEST BENGAL,5
711227,BLI,BLI,BALLY BDEL,EAST,WB,WEST BENGAL,5
711301,ULU,ULU,ULUBERIA BDEL,EAST,WB,WEST BENGAL,5
711302,HOW,HOH,HOWRAH CITY,EAST,WB,WEST BENGAL,5
711303,ULU,ULU,ULUBERIA BDEL,EAST,WB,WEST BENGAL,5
711304,HOW,HOH,HOWRAH CITY,EAST,WB,WEST BENGAL,5
711305,ULU,ULU,ULUBERIA BDEL,EAST,WB,WEST BENGAL,5
711306,ULU,ULU,ULUBERIA BDEL,EAST,WB,WEST BENGAL,5
711307,ULU,ULU,ULUBERIA BDEL,EAST,WB,WEST BENGAL,5
711308,ULU,ULU,ULUBERIA BDEL,EAST,WB,WEST BENGAL,5
711309,HOW,HOH,HOWRAH CITY,EAST,WB,WEST BENGAL,5
711310,ULU,ULU,ULUBERIA BDEL,EAST,WB,WEST BENGAL,5
711312,ULU,ULU,ULUBERIA BDEL,EAST,WB,WEST BENGAL,5
711313,HOW,HOH,HOWRAH CITY,EAST,WB,WEST BENGAL,5
711314,ULU,ULU,ULUBERIA BDEL,EAST,WB,WEST BENGAL,5
711315,ULU,ULU,ULUBERIA BDEL,EAST,WB,WEST BENGAL,5
711316,ULU,ULU,ULUBERIA BDEL,EAST,WB,WEST BENGAL,5
711317,HOW,HOH,HOWRAH CITY,EAST,WB,WEST BENGAL,5
711320,HOW,HOH,HOWRAH CITY,EAST,WB,WEST BENGAL,5
711322,ULU,ULU,ULUBERIA BDEL,EAST,WB,WEST BENGAL,5
711401,ATA,ATA,AMTA,EAST,WB,WEST BENGAL,5
711403,HOW,HOH,HOWRAH CITY,EAST,WB,WEST BENGAL,5
711404,ATA,ATA,AMTA,EAST,WB,WEST BENGAL,5
711405,HOW,HOH,HOWRAH CITY,EAST,WB,WEST BENGAL,5
711408,ATA,ATA,AMTA,EAST,WB,WEST BENGAL,5
711409,HOW,HOH,HOWRAH CITY,EAST,WB,WEST BENGAL,5
711410,ATA,ATA,AMTA,EAST,WB,WEST BENGAL,5
711411,HOW,HOH,HOWRAH CITY,EAST,WB,WEST BENGAL,5
711412,ATA,ATA,AMTA,EAST,WB,WEST BENGAL,5
711413,ATA,ATA,AMTA,EAST,WB,WEST BENGAL,5
711414,ATA,ATA,AMTA,EAST,WB,WEST BENGAL,5
712101,HOG,HOG,HOOGLY BDEL,EAST,WB,WEST BENGAL,5
712102,HOG,HOG,HOOGLY BDEL,EAST,WB,WEST BENGAL,5
712103,HOG,HOG,HOOGLY BDEL,EAST,WB,WEST BENGAL,5
712104,HOG,HOG,HOOGLY BDEL,EAST,WB,WEST BENGAL,5
712122,ARG,ARG,ARAMBAGH,EAST,WB,WEST BENGAL,5
712123,HOG,HOG,HOOGLY BDEL,EAST,WB,WEST BENGAL,5
712124,HOG,HOG,HOOGLY BDEL,EAST,WB,WEST BENGAL,5
712125,HOG,HOG,HOOGLY BDEL,EAST,WB,WEST BENGAL,5
712134,GUP,GUP,GURAP,EAST,WB,WEST BENGAL,5
712135,MEX,MEX,MEMARI,EAST,WB,WEST BENGAL,5
712136,HOG,HOG,HOOGLY BDEL,EAST,WB,WEST BENGAL,5
712138,HOG,HOG,HOOGLY BDEL,EAST,WB,WEST BENGAL,5
712139,HOG,HOG,HOOGLY BDEL,EAST,WB,WEST BENGAL,5
712147,KYA,KYA,KALYANI BDEL,EAST,WB,WEST BENGAL,5
712148,HOG,HOG,HOOGLY BDEL,EAST,WB,WEST BENGAL,5
712149,GUP,GUP,GURAP,EAST,WB,WEST BENGAL,5
712152,GUP,GUP,GURAP,EAST,WB,WEST BENGAL,5
712201,HOG,HOG,HOOGLY BDEL,EAST,WB,WEST BENGAL,5
712202,HOG,HOG,HOOGLY BDEL,EAST,WB,WEST BENGAL,5
712203,HOG,HOG,HOOGLY BDEL,EAST,WB,WEST BENGAL,5
712204,HOG,HOG,HOOGLY BDEL,EAST,WB,WEST BENGAL,5
712222,HOG,HOG,HOOGLY BDEL,EAST,WB,WEST BENGAL,5
712223,HOG,HOG,HOOGLY BDEL,EAST,WB,WEST BENGAL,5
712232,BLI,BLI,BALLY BDEL,EAST,WB,WEST BENGAL,5
712233,BLI,BLI,BALLY BDEL,EAST,WB,WEST BENGAL,5
712234,BLI,BLI,BALLY BDEL,EAST,WB,WEST BENGAL,5
712235,BLI,BLI,BALLY BDEL,EAST,WB,WEST BENGAL,5
712245,BLI,BLI,BALLY BDEL,EAST,WB,WEST BENGAL,5
712246,BLI,BLI,BALLY BDEL,EAST,WB,WEST BENGAL,5
712247,BLI,BLI,BALLY BDEL,EAST,WB,WEST BENGAL,5
712248,HOG,HOG,HOOGLY BDEL,EAST,WB,WEST BENGAL,5
712249,HOG,HOG,HOOGLY BDEL,EAST,WB,WEST BENGAL,5
712250,HOG,HOG,HOOGLY BDEL,EAST,WB,WEST BENGAL,5
712258,BLI,BLI,BALLY BDEL,EAST,WB,WEST BENGAL,5
712301,GUP,GUP,GURAP,EAST,WB,WEST BENGAL,5
712302,GUP,GUP,GURAP,EAST,WB,WEST BENGAL,5
712303,GUP,GUP,GURAP,EAST,WB,WEST BENGAL,5
712304,HOG,HOG,HOOGLY BDEL,EAST,WB,WEST BENGAL,5
712305,HOG,HOG,HOOGLY BDEL,EAST,WB,WEST BENGAL,5
712306,HOG,HOG,HOOGLY BDEL,EAST,WB,WEST BENGAL,5
712308,GUP,GUP,GURAP,EAST,WB,WEST BENGAL,5
712310,BLI,BLI,BALLY BDEL,EAST,WB,WEST BENGAL,5
712311,BLI,BLI,BALLY BDEL,EAST,WB,WEST BENGAL,5
712344,CCU,KNW,APX SFC ETAIL PUD IN KSW,EAST,WB,WEST BENGAL,5
712401,ARG,ARG,ARAMBAGH,EAST,WB,WEST BENGAL,5
712402,GUP,GUP,GURAP,EAST,WB,WEST BENGAL,5
712403,HOG,HOG,HOOGLY BDEL,EAST,WB,WEST BENGAL,5
712404,ATA,ATA,AMTA,EAST,WB,WEST BENGAL,5
712405,HOG,HOG,HOOGLY BDEL,EAST,WB,WEST BENGAL,5
712406,ARG,ARG,ARAMBAGH,EAST,WB,WEST BENGAL,5
712407,HOG,HOG,HOOGLY BDEL,EAST,WB,WEST BENGAL,5
712409,HOG,HOG,HOOGLY BDEL,EAST,WB,WEST BENGAL,5
712410,ARG,ARG,ARAMBAGH,EAST,WB,WEST BENGAL,5
712412,ARG,ARG,ARAMBAGH,EAST,WB,WEST BENGAL,5
712413,ARG,ARG,ARAMBAGH,EAST,WB,WEST BENGAL,5
712414,ARG,ARG,ARAMBAGH,EAST,WB,WEST BENGAL,5
712415,ARG,ARG,ARAMBAGH,EAST,WB,WEST BENGAL,5
712416,ATA,ATA,AMTA,EAST,WB,WEST BENGAL,5
712417,ARG,ARG,ARAMBAGH,EAST,WB,WEST BENGAL,5
712502,HOG,HOG,HOOGLY BDEL,EAST,WB,WEST BENGAL,5
712503,HOG,HOG,HOOGLY BDEL,EAST,WB,WEST BENGAL,5
712504,GUP,GUP,GURAP,EAST,WB,WEST BENGAL,5
712513,GUP,GUP,GURAP,EAST,WB,WEST BENGAL,5
712514,GUP,GUP,GURAP,EAST,WB,WEST BENGAL,5
712515,KYA,KYA,KALYANI BDEL,EAST,WB,WEST BENGAL,5
712601,ARG,ARG,ARAMBAGH,EAST,WB,WEST BENGAL,5
712602,ARG,ARG,ARAMBAGH,EAST,WB,WEST BENGAL,5
712611,ARG,ARG,ARAMBAGH,EAST,WB,WEST BENGAL,5
712612,ARG,ARG,ARAMBAGH,EAST,WB,WEST BENGAL,5
712613,ARG,ARG,ARAMBAGH,EAST,WB,WEST BENGAL,5
712614,ARG,ARG,ARAMBAGH,EAST,WB,WEST BENGAL,5
712615,ARG,ARG,ARAMBAGH,EAST,WB,WEST BENGAL,5
712616,ARG,ARG,ARAMBAGH,EAST,WB,WEST BENGAL,5
712617,ARG,ARG,ARAMBAGH,EAST,WB,WEST BENGAL,5
712701,BLI,BLI,BALLY BDEL,EAST,WB,WEST BENGAL,5
712702,BLI,BLI,BALLY BDEL,EAST,WB,WEST BENGAL,5
712704,BLI,BLI,BALLY BDEL,EAST,WB,WEST BENGAL,5
712706,BLI,BLI,BALLY BDEL,EAST,WB,WEST BENGAL,5
713101,BRW,BRW,BURDWAN BDEL,EAST,WB,WEST BENGAL,5
713102,BRW,BRW,BURDWAN BDEL,EAST,WB,WEST BENGAL,5
713103,BRW,BRW,BURDWAN BDEL,EAST,WB,WEST BENGAL,5
713104,BRW,BRW,BURDWAN BDEL,EAST,WB,WEST BENGAL,5
713122,MEX,MEX,MEMARI,EAST,WB,WEST BENGAL,5
713123,KWT,KWT,KATWA,EAST,WB,WEST BENGAL,5
713124,BRW,BRW,BURDWAN BDEL,EAST,WB,WEST BENGAL,5
713125,BRW,BRW,BURDWAN BDEL,EAST,WB,WEST BENGAL,5
713126,STN,STN,SANTINIKETAN,EAST,WB,WEST BENGAL,5
713127,BRW,BRW,BURDWAN BDEL,EAST,WB,WEST BENGAL,5
713128,STN,STN,SANTINIKETAN,EAST,WB,WEST BENGAL,5
713129,KWT,KWT,KATWA,EAST,WB,WEST BENGAL,5
713130,KWT,KWT,KATWA,EAST,WB,WEST BENGAL,5
713131,BRW,BRW,BURDWAN BDEL,EAST,WB,WEST BENGAL,5
713140,KWT,KWT,KATWA,EAST,WB,WEST BENGAL,5
713141,BRW,BRW,BURDWAN BDEL,EAST,WB,WEST BENGAL,5
713142,BRW,BRW,BURDWAN BDEL,EAST,WB,WEST BENGAL,5
713143,KWT,KWT,KATWA,EAST,WB,WEST BENGAL,5
713145,MEX,MEX,MEMARI,EAST,WB,WEST BENGAL,5
713146,MEX,MEX,MEMARI,EAST,WB,WEST BENGAL,5
713147,KWT,KWT,KATWA,EAST,WB,WEST BENGAL,5
713148,STN,STN,SANTINIKETAN,EAST,WB,WEST BENGAL,5
713149,MEX,MEX,MEMARI,EAST,WB,WEST BENGAL,5
713150,KWT,KWT,KATWA,EAST,WB,WEST BENGAL,5
713151,BRW,BRW,BURDWAN BDEL,EAST,WB,WEST BENGAL,5
713154,MEX,MEX,MEMARI,EAST,WB,WEST BENGAL,5
713156,STN,STN,SANTINIKETAN,EAST,WB,WEST BENGAL,5
713166,GUP,GUP,GURAP,EAST,WB,WEST BENGAL,5
713201,DGP,DGP,DURGAPUR,EAST,WB,WEST BENGAL,5
713202,DGP,DGP,DURGAPUR,EAST,WB,WEST BENGAL,5
713203,DGP,DGP,DURGAPUR,EAST,WB,WEST BENGAL,5
713204,DGP,DGP,DURGAPUR,EAST,WB,WEST BENGAL,5
713205,DGP,DGP,DURGAPUR,EAST,WB,WEST BENGAL,5
713206,DGP,DGP,DURGAPUR,EAST,WB,WEST BENGAL,5
713207,DGP,DGP,DURGAPUR,EAST,WB,WEST BENGAL,5
713208,DGP,DGP,DURGAPUR,EAST,WB,WEST BENGAL,5
713209,DGP,DGP,DURGAPUR,EAST,WB,WEST BENGAL,5
713210,DGP,DGP,DURGAPUR,EAST,WB,WEST BENGAL,5
713211,DGP,DGP,DURGAPUR,EAST,WB,WEST BENGAL,5
713212,DGP,DGP,DURGAPUR,EAST,WB,WEST BENGAL,5
713213,DGP,DGP,DURGAPUR,EAST,WB,WEST BENGAL,5
713214,DGP,DGP,DURGAPUR,EAST,WB,WEST BENGAL,5
713215,DGP,DGP,DURGAPUR,EAST,WB,WEST BENGAL,5
713216,DGP,DGP,DURGAPUR,EAST,WB,WEST BENGAL,5
713217,DGP,DGP,DURGAPUR,EAST,WB,WEST BENGAL,5
713218,DGP,DGP,DURGAPUR,EAST,WB,WEST BENGAL,5
713219,DGP,DGP,DURGAPUR,EAST,WB,WEST BENGAL,5
713301,ASO,ASO,ASANSOL BDEL,EAST,WB,WEST BENGAL,5
713302,ASO,ASO,ASANSOL BDEL,EAST,WB,WEST BENGAL,5
713303,ASO,ASO,ASANSOL BDEL,EAST,WB,WEST BENGAL,5
713304,ASO,ASO,ASANSOL BDEL,EAST,WB,WEST BENGAL,5
713305,BRB,BRB,BARABANI,EAST,WB,WEST BENGAL,5
713315,ASO,ASO,ASANSOL BDEL,EAST,WB,WEST BENGAL,5
713321,RNJ,RNJ,RANIGANJ,EAST,WB,WEST BENGAL,5
713322,ASO,ASO,ASANSOL BDEL,EAST,WB,WEST BENGAL,5
713323,RNJ,RNJ,RANIGANJ,EAST,WB,WEST BENGAL,5
713324,RHN,RHN,RAGHUNATHPUR,EAST,WB,WEST BENGAL,5
713325,ASO,ASO,ASANSOL BDEL,EAST,WB,WEST BENGAL,5
713326,ASO,ASO,ASANSOL BDEL,EAST,WB,WEST BENGAL,5
713330,MEX,MEX,MEMARI,EAST,WB,WEST BENGAL,5
713331,ASO,ASO,ASANSOL BDEL,EAST,WB,WEST BENGAL,5
713332,ASO,ASO,ASANSOL BDEL,EAST,WB,WEST BENGAL,5
713333,ASO,ASO,ASANSOL BDEL,EAST,WB,WEST BENGAL,5
713334,ASO,ASO,ASANSOL BDEL,EAST,WB,WEST BENGAL,5
713335,ASO,ASO,ASANSOL BDEL,EAST,WB,WEST BENGAL,5
713336,ASO,ASO,ASANSOL BDEL,EAST,WB,WEST BENGAL,5
713337,RNJ,RNJ,RANIGANJ,EAST,WB,WEST BENGAL,5
713338,ASO,ASO,ASANSOL BDEL,EAST,WB,WEST BENGAL,5
713339,ASO,ASO,ASANSOL BDEL,EAST,WB,WEST BENGAL,5
713340,ASO,ASO,ASANSOL BDEL,EAST,WB,WEST BENGAL,5
713341,ASO,ASO,ASANSOL BDEL,EAST,WB,WEST BENGAL,5
713342,RNJ,RNJ,RANIGANJ,EAST,WB,WEST BENGAL,5
713343,ASO,ASO,ASANSOL BDEL,EAST,WB,WEST BENGAL,5
713347,RNJ,RNJ,RANIGANJ,EAST,WB,WEST BENGAL,5
713357,ASO,ASO,ASANSOL BDEL,EAST,WB,WEST BENGAL,5
713358,RNJ,RNJ,RANIGANJ,EAST,WB,WEST BENGAL,5
713359,ASO,ASO,ASANSOL BDEL,EAST,WB,WEST BENGAL,5
713360,ASO,ASO,ASANSOL BDEL,EAST,WB,WEST BENGAL,5
713361,ASO,ASO,ASANSOL BDEL,EAST,WB,WEST BENGAL,5
713362,RNJ,RNJ,RANIGANJ,EAST,WB,WEST BENGAL,5
713363,RNJ,RNJ,RANIGANJ,EAST,WB,WEST BENGAL,5
713365,ASO,ASO,ASANSOL BDEL,EAST,WB,WEST BENGAL,5
713369,ASO,ASO,ASANSOL BDEL,EAST,WB,WEST BENGAL,5
713371,ASO,ASO,ASANSOL BDEL,EAST,WB,WEST BENGAL,5
713372,ASO,ASO,ASANSOL BDEL,EAST,WB,WEST BENGAL,5
713373,ASO,ASO,ASANSOL BDEL,EAST,WB,WEST BENGAL,5
713376,RNJ,RNJ,RANIGANJ,EAST,WB,WEST BENGAL,5
713378,RNJ,RNJ,RANIGANJ,EAST,WB,WEST BENGAL,5
713380,BWU,BWU,BURWAN,EAST,WB,WEST BENGAL,5
713384,RNJ,RNJ,RANIGANJ,EAST,WB,WEST BENGAL,5
713386,ASO,ASO,ASANSOL BDEL,EAST,WB,WEST BENGAL,5
713401,GUP,GUP,GURAP,EAST,WB,WEST BENGAL,5
713402,BRW,BRW,BURDWAN BDEL,EAST,WB,WEST BENGAL,5
713403,BRW,BRW,BURDWAN BDEL,EAST,WB,WEST BENGAL,5
713404,GUP,GUP,GURAP,EAST,WB,WEST BENGAL,5
713405,MEX,MEX,MEMARI,EAST,WB,WEST BENGAL,5
713406,BRW,BRW,BURDWAN BDEL,EAST,WB,WEST BENGAL,5
713407,BRW,BRW,BURDWAN BDEL,EAST,WB,WEST BENGAL,5
713408,BRW,BRW,BURDWAN BDEL,EAST,WB,WEST BENGAL,5
713409,MEX,MEX,MEMARI,EAST,WB,WEST BENGAL,5
713420,STN,STN,SANTINIKETAN,EAST,WB,WEST BENGAL,5
713422,MEX,MEX,MEMARI,EAST,WB,WEST BENGAL,5
713426,MEX,MEX,MEMARI,EAST,WB,WEST BENGAL,5
713428,BRW,BRW,BURDWAN BDEL,EAST,WB,WEST BENGAL,5
713502,KWT,KWT,KATWA,EAST,WB,WEST BENGAL,5
713512,KWT,KWT,KATWA,EAST,WB,WEST BENGAL,5
713513,KWT,KWT,KATWA,EAST,WB,WEST BENGAL,5
713514,KWT,KWT,KATWA,EAST,WB,WEST BENGAL,5
713515,MEX,MEX,MEMARI,EAST,WB,WEST BENGAL,5
713519,MEX,MEX,MEMARI,EAST,WB,WEST BENGAL,5
721101,MPR,MPR,MIDNAPORE,EAST,WB,WEST BENGAL,5
721121,SBE,SBE,SARBERA,EAST,WB,WEST BENGAL,5
721124,PSK,PSK,PASKURA,EAST,WB,WEST BENGAL,5
721126,GHL,GHL,GHATAL,EAST,WB,WEST BENGAL,5
721127,BIS,BIS,BISHNUPUR,EAST,WB,WEST BENGAL,5
721128,SBE,SBE,SARBERA,EAST,WB,WEST BENGAL,5
721129,MPR,MPR,MIDNAPORE,EAST,WB,WEST BENGAL,5
721130,PSK,PSK,PASKURA,EAST,WB,WEST BENGAL,5
721131,PSK,PSK,PASKURA,EAST,WB,WEST BENGAL,5
721132,SBE,SBE,SARBERA,EAST,WB,WEST BENGAL,5
721133,BLE,BLE,BELDA,EAST,WB,WEST BENGAL,5
721134,PSK,PSK,PASKURA,EAST,WB,WEST BENGAL,5
721135,BLE,BLE,BELDA,EAST,WB,WEST BENGAL,5
721136,GHL,GHL,GHATAL,EAST,WB,WEST BENGAL,5
721137,PSK,PSK,PASKURA,EAST,WB,WEST BENGAL,5
721139,PSK,PSK,PASKURA,EAST,WB,WEST BENGAL,5
721140,PSK,PSK,PASKURA,EAST,WB,WEST BENGAL,5
721144,BLE,BLE,BELDA,EAST,WB,WEST BENGAL,5
721145,KGP,KGP,KHARAGPUR PUD,EAST,WB,WEST BENGAL,5
721146,GHL,GHL,GHATAL,EAST,WB,WEST BENGAL,5
721147,SBE,SBE,SARBERA,EAST,WB,WEST BENGAL,5
721148,GHL,GHL,GHATAL,EAST,WB,WEST BENGAL,5
721149,KGP,KGP,KHARAGPUR PUD,EAST,WB,WEST BENGAL,5
721150,GHL,GHL,GHATAL,EAST,WB,WEST BENGAL,5
721151,PSK,PSK,PASKURA,EAST,WB,WEST BENGAL,5
721152,PSK,PSK,PASKURA,EAST,WB,WEST BENGAL,5
721153,PSK,PSK,PASKURA,EAST,WB,WEST BENGAL,5
721154,PSK,PSK,PASKURA,EAST,WB,WEST BENGAL,5
721156,GHL,GHL,GHATAL,EAST,WB,WEST BENGAL,5
721157,SBE,SBE,SARBERA,EAST,WB,WEST BENGAL,5
721158,PSK,PSK,PASKURA,EAST,WB,WEST BENGAL,5
721159,BLE,BLE,BELDA,EAST,WB,WEST BENGAL,5
721160,PSK,PSK,PASKURA,EAST,WB,WEST BENGAL,5
721166,BLE,BLE,BELDA,EAST,WB,WEST BENGAL,5
721167,PSK,PSK,PASKURA,EAST,WB,WEST BENGAL,5
721171,PSK,PSK,PASKURA,EAST,WB,WEST BENGAL,5
721172,PSK,PSK,PASKURA,EAST,WB,WEST BENGAL,5
721201,GHL,GHL,GHATAL,EAST,WB,WEST BENGAL,5
721211,GHL,GHL,GHATAL,EAST,WB,WEST BENGAL,5
721212,GHL,GHL,GHATAL,EAST,WB,WEST BENGAL,5
721222,GHL,GHL,GHATAL,EAST,WB,WEST BENGAL,5
721232,GHL,GHL,GHATAL,EAST,WB,WEST BENGAL,5
721253,SBE,SBE,SARBERA,EAST,WB,WEST BENGAL,5
721260,GHL,GHL,GHATAL,EAST,WB,WEST BENGAL,5
721301,KGP,KGP,KHARAGPUR PUD,EAST,WB,WEST BENGAL,5
721302,KGP,KGP,KHARAGPUR PUD,EAST,WB,WEST BENGAL,5
721303,KGP,KGP,KHARAGPUR PUD,EAST,WB,WEST BENGAL,5
721304,KGP,KGP,KHARAGPUR PUD,EAST,WB,WEST BENGAL,5
721305,KGP,KGP,KHARAGPUR PUD,EAST,WB,WEST BENGAL,5
721306,KGP,KGP,KHARAGPUR PUD,EAST,WB,WEST BENGAL,5
721401,CAI,CAI,CONTAI,EAST,WB,WEST BENGAL,5
721420,CAI,CAI,CONTAI,EAST,WB,WEST BENGAL,5
721422,CAI,CAI,CONTAI,EAST,WB,WEST BENGAL,5
721423,CAI,CAI,CONTAI,EAST,WB,WEST BENGAL,5
721424,BLE,BLE,BELDA,EAST,WB,WEST BENGAL,5
721425,CAI,CAI,CONTAI,EAST,WB,WEST BENGAL,5
721426,BLE,BLE,BELDA,EAST,WB,WEST BENGAL,5
721428,CAI,CAI,CONTAI,EAST,WB,WEST BENGAL,5
721429,BLE,BLE,BELDA,EAST,WB,WEST BENGAL,5
721430,CAI,CAI,CONTAI,EAST,WB,WEST BENGAL,5
721431,CAI,CAI,CONTAI,EAST,WB,WEST BENGAL,5
721432,CAI,CAI,CONTAI,EAST,WB,WEST BENGAL,5
721433,CAI,CAI,CONTAI,EAST,WB,WEST BENGAL,5
721434,BLE,BLE,BELDA,EAST,WB,WEST BENGAL,5
721435,BLE,BLE,BELDA,EAST,WB,WEST BENGAL,5
721436,BLE,BLE,BELDA,EAST,WB,WEST BENGAL,5
721437,BLE,BLE,BELDA,EAST,WB,WEST BENGAL,5
721438,BLE,BLE,BELDA,EAST,WB,WEST BENGAL,5
721439,BLE,BLE,BELDA,EAST,WB,WEST BENGAL,5
721440,CAI,CAI,CONTAI,EAST,WB,WEST BENGAL,5
721441,CAI,CAI,CONTAI,EAST,WB,WEST BENGAL,5
721442,CAI,CAI,CONTAI,EAST,WB,WEST BENGAL,5
721443,BLE,BLE,BELDA,EAST,WB,WEST BENGAL,5
721444,CAI,CAI,CONTAI,EAST,WB,WEST BENGAL,5
721445,BLE,BLE,BELDA,EAST,WB,WEST BENGAL,5
721446,CAI,CAI,CONTAI,EAST,WB,WEST BENGAL,5
721449,CAI,CAI,CONTAI,EAST,WB,WEST BENGAL,5
721450,CAI,CAI,CONTAI,EAST,WB,WEST BENGAL,5
721451,BLE,BLE,BELDA,EAST,WB,WEST BENGAL,5
721452,CAI,CAI,CONTAI,EAST,WB,WEST BENGAL,5
721454,BLE,BLE,BELDA,EAST,WB,WEST BENGAL,5
721455,CAI,CAI,CONTAI,EAST,WB,WEST BENGAL,5
721457,BLE,BLE,BELDA,EAST,WB,WEST BENGAL,5
721463,CAI,CAI,CONTAI,EAST,WB,WEST BENGAL,5
721467,BLE,BLE,BELDA,EAST,WB,WEST BENGAL,5
721503,JRM,JRM,JHARGRAM,EAST,WB,WEST BENGAL,5
721504,JRM,JRM,JHARGRAM,EAST,WB,WEST BENGAL,5
721505,JRM,JRM,JHARGRAM,EAST,WB,WEST BENGAL,5
721507,JRM,JRM,JHARGRAM,EAST,WB,WEST BENGAL,5
721513,JRM,JRM,JHARGRAM,EAST,WB,WEST BENGAL,5
721514,JRM,JRM,JHARGRAM,EAST,WB,WEST BENGAL,5
721515,JRM,JRM,JHARGRAM,EAST,WB,WEST BENGAL,5
721517,JRM,JRM,JHARGRAM,EAST,WB,WEST BENGAL,5
721602,HDA,HDA,HALDIA,EAST,WB,WEST BENGAL,5
721603,TAM,TAM,TAMLUK,EAST,WB,WEST BENGAL,5
721604,HDA,HDA,HALDIA,EAST,WB,WEST BENGAL,5
721605,HDA,HDA,HALDIA,EAST,WB,WEST BENGAL,5
721606,HDA,HDA,HALDIA,EAST,WB,WEST BENGAL,5
721607,HDA,HDA,HALDIA,EAST,WB,WEST BENGAL,5
721625,TAM,TAM,TAMLUK,EAST,WB,WEST BENGAL,5
721627,TAM,TAM,TAMLUK,EAST,WB,WEST BENGAL,5
721628,TAM,TAM,TAMLUK,EAST,WB,WEST BENGAL,5
721629,PSK,PSK,PASKURA,EAST,WB,WEST BENGAL,5
721632,TAM,TAM,TAMLUK,EAST,WB,WEST BENGAL,5
721633,TAM,TAM,TAMLUK,EAST,WB,WEST BENGAL,5
721634,PSK,PSK,PASKURA,EAST,WB,WEST BENGAL,5
721635,HDA,HDA,HALDIA,EAST,WB,WEST BENGAL,5
721636,TAM,TAM,TAMLUK,EAST,WB,WEST BENGAL,5
721641,PSK,PSK,PASKURA,EAST,WB,WEST BENGAL,5
721642,TAM,TAM,TAMLUK,EAST,WB,WEST BENGAL,5
721643,TAM,TAM,TAMLUK,EAST,WB,WEST BENGAL,5
721644,PSK,PSK,PASKURA,EAST,WB,WEST BENGAL,5
721645,TAM,TAM,TAMLUK,EAST,WB,WEST BENGAL,5
721646,CAI,CAI,CONTAI,EAST,WB,WEST BENGAL,5
721647,TAM,TAM,TAMLUK,EAST,WB,WEST BENGAL,5
721648,TAM,TAM,TAMLUK,EAST,WB,WEST BENGAL,5
721649,TAM,TAM,TAMLUK,EAST,WB,WEST BENGAL,5
721652,TAM,TAM,TAMLUK,EAST,WB,WEST BENGAL,5
721653,PSK,PSK,PASKURA,EAST,WB,WEST BENGAL,5
721654,TAM,TAM,TAMLUK,EAST,WB,WEST BENGAL,5
721657,HDA,HDA,HALDIA,EAST,WB,WEST BENGAL,5
722101,BNQ,BNQ,BANKURA,EAST,WB,WEST BENGAL,5
722102,BNQ,BNQ,BANKURA,EAST,WB,WEST BENGAL,5
722121,KTZ,KTZ,KHATRA,EAST,WB,WEST BENGAL,5
722122,BNP,BNP,BISHNUPUR,EAST,WB,WEST BENGAL,5
722132,BNQ,BNQ,BANKURA,EAST,WB,WEST BENGAL,5
722133,BNQ,BNQ,BANKURA,EAST,WB,WEST BENGAL,5
722135,KTZ,KTZ,KHATRA,EAST,WB,WEST BENGAL,5
722136,KTZ,KTZ,KHATRA,EAST,WB,WEST BENGAL,5
722137,BNQ,BNQ,BANKURA,EAST,WB,WEST BENGAL,5
722138,BIS,BIS,BISHNUPUR,EAST,WB,WEST BENGAL,5
722139,BNQ,BNQ,BANKURA,EAST,WB,WEST BENGAL,5
722140,KTZ,KTZ,KHATRA,EAST,WB,WEST BENGAL,5
722144,BIS,BIS,BISHNUPUR,EAST,WB,WEST BENGAL,5
722146,BNQ,BNQ,BANKURA,EAST,WB,WEST BENGAL,5
722147,BIS,BIS,BISHNUPUR,EAST,WB,WEST BENGAL,5
722148,KTZ,KTZ,KHATRA,EAST,WB,WEST BENGAL,5
722149,BIS,BIS,BISHNUPUR,EAST,WB,WEST BENGAL,5
722151,KTZ,KTZ,KHATRA,EAST,WB,WEST BENGAL,5
722152,BIS,BIS,BISHNUPUR,EAST,WB,WEST BENGAL,5
722154,BIS,BIS,BISHNUPUR,EAST,WB,WEST BENGAL,5
722155,BNQ,BNQ,BANKURA,EAST,WB,WEST BENGAL,5
722156,BIS,BIS,BISHNUPUR,EAST,WB,WEST BENGAL,5
722157,BIS,BIS,BISHNUPUR,EAST,WB,WEST BENGAL,5
722158,RHN,RHN,RAGHUNATHPUR,EAST,WB,WEST BENGAL,5
722160,KTZ,KTZ,KHATRA,EAST,WB,WEST BENGAL,5
722162,JRM,JRM,JHARGRAM,EAST,WB,WEST BENGAL,5
722164,BIS,BIS,BISHNUPUR,EAST,WB,WEST BENGAL,5
722173,KTZ,KTZ,KHATRA,EAST,WB,WEST BENGAL,5
722204,BNQ,BNQ,BANKURA,EAST,WB,WEST BENGAL,5
722206,BIS,BIS,BISHNUPUR,EAST,WB,WEST BENGAL,5
722207,BIS,BIS,BISHNUPUR,EAST,WB,WEST BENGAL,5
722208,BNQ,BNQ,BANKURA,EAST,WB,WEST BENGAL,5
723101,PRL,PRL,PURULIA,EAST,WB,WEST BENGAL,5
723102,PRL,PRL,PURULIA,EAST,WB,WEST BENGAL,5
723103,PRL,PRL,PURULIA,EAST,WB,WEST BENGAL,5
723104,PRL,PRL,PURULIA,EAST,WB,WEST BENGAL,5
723121,RHN,RHN,RAGHUNATHPUR,EAST,WB,WEST BENGAL,5
723126,RHN,RHN,RAGHUNATHPUR,EAST,WB,WEST BENGAL,5
723127,PRL,PRL,PURULIA,EAST,WB,WEST BENGAL,5
723129,KTZ,KTZ,KHATRA,EAST,WB,WEST BENGAL,5
723131,KTZ,KTZ,KHATRA,EAST,WB,WEST BENGAL,5
723132,RHN,RHN,RAGHUNATHPUR,EAST,WB,WEST BENGAL,5
723133,RHN,RHN,RAGHUNATHPUR,EAST,WB,WEST BENGAL,5
723142,RHN,RHN,RAGHUNATHPUR,EAST,WB,WEST BENGAL,5
723145,RHN,RHN,RAGHUNATHPUR,EAST,WB,WEST BENGAL,5
723146,RHN,RHN,RAGHUNATHPUR,EAST,WB,WEST BENGAL,5
723147,PRL,PRL,PURULIA,EAST,WB,WEST BENGAL,5
723148,PRL,PRL,PURULIA,EAST,WB,WEST BENGAL,5
723149,PRL,PRL,PURULIA,EAST,WB,WEST BENGAL,5
723151,KTZ,KTZ,KHATRA,EAST,WB,WEST BENGAL,5
723153,PRL,PRL,PURULIA,EAST,WB,WEST BENGAL,5
723155,RHN,RHN,RAGHUNATHPUR,EAST,WB,WEST BENGAL,5
723156,RHN,RHN,RAGHUNATHPUR,EAST,WB,WEST BENGAL,5
723161,RHN,RHN,RAGHUNATHPUR,EAST,WB,WEST BENGAL,5
723168,RHN,RHN,RAGHUNATHPUR,EAST,WB,WEST BENGAL,5
727120,IKO,IKO,KOHIMA,EAST,NG,NAGALAND,7
731101,SIU,SIU,SIURI,EAST,WB,WEST BENGAL,5
731102,SIU,SIU,SIURI,EAST,WB,WEST BENGAL,5
731103,SIU,SIU,SIURI,EAST,WB,WEST BENGAL,5
731104,SIU,SIU,SIURI,EAST,WB,WEST BENGAL,5
731121,SIU,SIU,SIURI,EAST,WB,WEST BENGAL,5
731123,SIU,SIU,SIURI,EAST,WB,WEST BENGAL,5
731126,SIU,SIU,SIURI,EAST,WB,WEST BENGAL,5
731127,SIU,SIU,SIURI,EAST,WB,WEST BENGAL,5
731129,SIU,SIU,SIURI,EAST,WB,WEST BENGAL,5
731130,SIU,SIU,SIURI,EAST,WB,WEST BENGAL,5
731132,SIU,SIU,SIURI,EAST,WB,WEST BENGAL,5
731201,STN,STN,SANTINIKETAN,EAST,WB,WEST BENGAL,5
731202,RPX,RPX,RAMPURHAT,EAST,WB,WEST BENGAL,5
731204,BOL,BOL,BOLPUR,EAST,WB,WEST BENGAL,5
731215,KWT,KWT,KATWA,EAST,WB,WEST BENGAL,5
731216,RPX,RPX,RAMPURHAT,EAST,WB,WEST BENGAL,5
731220,RPX,RPX,RAMPURHAT,EAST,WB,WEST BENGAL,5
731223,RPX,RPX,RAMPURHAT,EAST,WB,WEST BENGAL,5
731224,RPX,RPX,RAMPURHAT,EAST,WB,WEST BENGAL,5
731233,RPX,RPX,RAMPURHAT,EAST,WB,WEST BENGAL,5
731234,SIU,SIU,SIURI,EAST,WB,WEST BENGAL,5
731235,STN,STN,SANTINIKETAN,EAST,WB,WEST BENGAL,5
731236,STN,STN,SANTINIKETAN,EAST,WB,WEST BENGAL,5
731237,RPX,RPX,RAMPURHAT,EAST,WB,WEST BENGAL,5
731238,RPX,RPX,RAMPURHAT,EAST,WB,WEST BENGAL,5
731240,STN,STN,SANTINIKETAN,EAST,WB,WEST BENGAL,5
731241,RPX,RPX,RAMPURHAT,EAST,WB,WEST BENGAL,5
731242,RPX,RPX,RAMPURHAT,EAST,WB,WEST BENGAL,5
731243,RPX,RPX,RAMPURHAT,EAST,WB,WEST BENGAL,5
731244,RPX,RPX,RAMPURHAT,EAST,WB,WEST BENGAL,5
731245,RPX,RPX,RAMPURHAT,EAST,WB,WEST BENGAL,5
731301,STN,STN,SANTINIKETAN,EAST,WB,WEST BENGAL,5
731302,STN,STN,SANTINIKETAN,EAST,WB,WEST BENGAL,5
731303,STN,STN,SANTINIKETAN,EAST,WB,WEST BENGAL,5
731304,STN,STN,SANTINIKETAN,EAST,WB,WEST BENGAL,5
732101,XMA,XMX,MALDA COD CENTRE,EAST,WB,WEST BENGAL,5
732102,XMA,XMX,MALDA COD CENTRE,EAST,WB,WEST BENGAL,5
732103,XMA,XMX,MALDA COD CENTRE,EAST,WB,WEST BENGAL,5
732121,XMW,XMW,MALDA OFFICE,EAST,WB,WEST BENGAL,5
732122,XMW,XMW,MALDA OFFICE,EAST,WB,WEST BENGAL,5
732123,CCL,CCL,CHANCHAL OFFICE,EAST,WB,WEST BENGAL,5
732124,GZL,GZL,GAZOLE,EAST,WB,WEST BENGAL,5
732125,CCL,CCL,CHANCHAL OFFICE,EAST,WB,WEST BENGAL,5
732126,CCL,CCL,CHANCHAL OFFICE,EAST,WB,WEST BENGAL,5
732127,FKK,FKK,FARAKKA,EAST,WB,WEST BENGAL,5
732128,XMW,XMW,MALDA OFFICE,EAST,WB,WEST BENGAL,5
732138,GZL,GZL,GAZOLE,EAST,WB,WEST BENGAL,5
732139,CCL,CCL,CHANCHAL OFFICE,EAST,WB,WEST BENGAL,5
732140,CCL,CCL,CHANCHAL OFFICE,EAST,WB,WEST BENGAL,5
732141,XMW,XMW,MALDA OFFICE,EAST,WB,WEST BENGAL,5
732142,XMW,XMW,MALDA OFFICE,EAST,WB,WEST BENGAL,5
732143,XMW,XMW,MALDA OFFICE,EAST,WB,WEST BENGAL,5
732144,XMW,XMW,MALDA OFFICE,EAST,WB,WEST BENGAL,5
732147,GZL,GZL,GAZOLE,EAST,WB,WEST BENGAL,5
732150,CCL,CCL,CHANCHAL OFFICE,EAST,WB,WEST BENGAL,5
732201,XMW,XMW,MALDA OFFICE,EAST,WB,WEST BENGAL,5
732202,XMW,XMW,MALDA OFFICE,EAST,WB,WEST BENGAL,5
732203,XMW,XMW,MALDA OFFICE,EAST,WB,WEST BENGAL,5
732204,GZL,GZL,GAZOLE,EAST,WB,WEST BENGAL,5
732205,CCL,CCL,CHANCHAL OFFICE,EAST,WB,WEST BENGAL,5
732206,XMW,XMW,MALDA OFFICE,EAST,WB,WEST BENGAL,5
732207,XMW,XMW,MALDA OFFICE,EAST,WB,WEST BENGAL,5
732208,XMW,XMW,MALDA OFFICE,EAST,WB,WEST BENGAL,5
732209,XMW,XMW,MALDA OFFICE,EAST,WB,WEST BENGAL,5
732210,FKK,FKK,FARAKKA,EAST,WB,WEST BENGAL,5
732211,XMW,XMW,MALDA OFFICE,EAST,WB,WEST BENGAL,5
732212,XMW,XMW,MALDA OFFICE,EAST,WB,WEST BENGAL,5
732213,GZL,GZL,GAZOLE,EAST,WB,WEST BENGAL,5
732214,GZL,GZL,GAZOLE,EAST,WB,WEST BENGAL,5
732215,FKK,FKK,FARAKKA,EAST,WB,WEST BENGAL,5
732216,XMW,XMW,MALDA OFFICE,EAST,WB,WEST BENGAL,5
733101,BLU,BLU,BALURGHAT ULTRA FRUGAL,EAST,WB,WEST BENGAL,5
733102,BLU,BLU,BALURGHAT ULTRA FRUGAL,EAST,WB,WEST BENGAL,5
733103,BLU,BLU,BALURGHAT ULTRA FRUGAL,EAST,WB,WEST BENGAL,5
733121,GRM,GRM,GANGARAMPUR,EAST,WB,WEST BENGAL,5
733123,RGA,RGA,RAIGANJ OFFICE,EAST,WB,WEST BENGAL,5
733124,GRM,GRM,GANGARAMPUR,EAST,WB,WEST BENGAL,5
733125,GRM,GRM,GANGARAMPUR,EAST,WB,WEST BENGAL,5
733126,BLU,BLU,BALURGHAT ULTRA FRUGAL,EAST,WB,WEST BENGAL,5
733127,GRM,GRM,GANGARAMPUR,EAST,WB,WEST BENGAL,5
733128,CCL,CCL,CHANCHAL OFFICE,EAST,WB,WEST BENGAL,5
733129,RGA,RGA,RAIGANJ OFFICE,EAST,WB,WEST BENGAL,5
733130,RGA,RGA,RAIGANJ OFFICE,EAST,WB,WEST BENGAL,5
733132,GRM,GRM,GANGARAMPUR,EAST,WB,WEST BENGAL,5
733133,BLU,BLU,BALURGHAT ULTRA FRUGAL,EAST,WB,WEST BENGAL,5
733134,RGJ,RGJ,RAIGANJ,EAST,WB,WEST BENGAL,5
733140,GRM,GRM,GANGARAMPUR,EAST,WB,WEST BENGAL,5
733141,BLU,BLU,BALURGHAT ULTRA FRUGAL,EAST,WB,WEST BENGAL,5
733142,GRM,GRM,GANGARAMPUR,EAST,WB,WEST BENGAL,5
733143,RGA,RGA,RAIGANJ OFFICE,EAST,WB,WEST BENGAL,5
733145,BLU,BLU,BALURGHAT ULTRA FRUGAL,EAST,WB,WEST BENGAL,5
733156,RGA,RGA,RAIGANJ OFFICE,EAST,WB,WEST BENGAL,5
733158,BLU,BLU,BALURGHAT ULTRA FRUGAL,EAST,WB,WEST BENGAL,5
733201,DKO,DKO,DALKHOLA OFFICE,EAST,WB,WEST BENGAL,5
733202,ISL,ISL,ISLAMPUR,EAST,WB,WEST BENGAL,5
733207,CRA,CRA,CHOPRA,EAST,WB,WEST BENGAL,5
733208,DKO,DKO,DALKHOLA OFFICE,EAST,WB,WEST BENGAL,5
733209,DKO,DKO,DALKHOLA OFFICE,EAST,WB,WEST BENGAL,5
733210,DKO,DKO,DALKHOLA OFFICE,EAST,WB,WEST BENGAL,5
733214,CRA,CRA,CHOPRA,EAST,WB,WEST BENGAL,5
733215,DKO,DKO,DALKHOLA OFFICE,EAST,WB,WEST BENGAL,5
733216,CRA,CRA,CHOPRA,EAST,WB,WEST BENGAL,5
734001,SIL,SLR,SILIGURI,EAST,WB,WEST BENGAL,5
734002,SIL,SLR,SILIGURI,EAST,WB,WEST BENGAL,5
734003,SIL,SLR,SILIGURI,EAST,WB,WEST BENGAL,5
734004,SIL,SLR,SILIGURI,EAST,WB,WEST BENGAL,5
734005,SIL,SLR,SILIGURI,EAST,WB,WEST BENGAL,5
734006,SIL,SLR,SILIGURI,EAST,WB,WEST BENGAL,5
734007,BKR,BKR,BHAKTINAGAR,EAST,WB,WEST BENGAL,5
734008,SLG,SLG,SALUGARA,EAST,WB,WEST BENGAL,5
734009,SVM,SVM,SHIVMANDIR OFFICE,EAST,WB,WEST BENGAL,5
734010,SVM,SVM,SHIVMANDIR OFFICE,EAST,WB,WEST BENGAL,5
734011,SVM,SVM,SHIVMANDIR OFFICE,EAST,WB,WEST BENGAL,5
734012,SVM,SVM,SHIVMANDIR OFFICE,EAST,WB,WEST BENGAL,5
734013,SVM,SVM,SHIVMANDIR OFFICE,EAST,WB,WEST BENGAL,5
734014,SVM,SVM,SHIVMANDIR OFFICE,EAST,WB,WEST BENGAL,5
734015,BKR,BKR,BHAKTINAGAR,EAST,WB,WEST BENGAL,5
734101,DJO,DJG,DARJEELING,EAST,WB,WEST BENGAL,5
734102,GHM,GHM,GHOOM,EAST,WB,WEST BENGAL,5
734103,GHM,GHM,GHOOM,EAST,WB,WEST BENGAL,5
734104,GHM,GHM,GHOOM,EAST,WB,WEST BENGAL,5
734105,GHM,GHM,GHOOM,EAST,WB,WEST BENGAL,5
734121,DJE,DJE,DARJEELING OFFICE,EAST,WB,WEST BENGAL,5
734123,GHM,GHM,GHOOM,EAST,WB,WEST BENGAL,5
734124,DJE,DJE,DARJEELING OFFICE,EAST,WB,WEST BENGAL,5
734201,DJE,DJE,DARJEELING OFFICE,EAST,WB,WEST BENGAL,5
734203,KUG,KUG,KURSEONG RSP,EAST,WB,WEST BENGAL,5
734209,GHM,GHM,GHOOM,EAST,WB,WEST BENGAL,5
734216,DJE,DJE,DARJEELING OFFICE,EAST,WB,WEST BENGAL,5
734219,DJE,DJE,DARJEELING OFFICE,EAST,WB,WEST BENGAL,5
734221,GHM,GHM,GHOOM,EAST,WB,WEST BENGAL,5
734224,GHM,GHM,GHOOM,EAST,WB,WEST BENGAL,5
734301,KLP,KLP,KALIMPONG,EAST,WB,WEST BENGAL,5
734333,SVM,SVM,SHIVMANDIR OFFICE,EAST,WB,WEST BENGAL,5
734401,SIL,SLR,SILIGURI,EAST,WB,WEST BENGAL,5
734403,SIL,SLR,SILIGURI,EAST,WB,WEST BENGAL,5
734404,SIL,SLR,SILIGURI,EAST,WB,WEST BENGAL,5
734405,SIL,SLR,SILIGURI,EAST,WB,WEST BENGAL,5
734421,SVM,SVM,SHIVMANDIR OFFICE,EAST,WB,WEST BENGAL,5
734422,SVM,SVM,SHIVMANDIR OFFICE,EAST,WB,WEST BENGAL,5
734423,SVM,SVM,SHIVMANDIR OFFICE,EAST,WB,WEST BENGAL,5
734424,SVM,SVM,SHIVMANDIR OFFICE,EAST,WB,WEST BENGAL,5
734426,CRA,CRA,CHOPRA,EAST,WB,WEST BENGAL,5
734427,SVM,SVM,SHIVMANDIR OFFICE,EAST,WB,WEST BENGAL,5
734429,SVM,SVM,SHIVMANDIR OFFICE,EAST,WB,WEST BENGAL,5
734431,SVM,SVM,SHIVMANDIR OFFICE,EAST,WB,WEST BENGAL,5
734434,SVM,SVM,SHIVMANDIR OFFICE,EAST,WB,WEST BENGAL,5
734436,SVM,SVM,SHIVMANDIR OFFICE,EAST,WB,WEST BENGAL,5
734501,MBZ,MBZ,MALBAZAR OFFICE,EAST,WB,WEST BENGAL,5
735101,JLX,JLX,JALPAIGURI COD CENTRE,EAST,WB,WEST BENGAL,5
735102,JLX,JLX,JALPAIGURI COD CENTRE,EAST,WB,WEST BENGAL,5
735121,JPG,JPG,JALPAIGURI OFFICE,EAST,WB,WEST BENGAL,5
735122,JPG,JPG,JALPAIGURI OFFICE,EAST,WB,WEST BENGAL,5
735132,JPG,JPG,JALPAIGURI OFFICE,EAST,WB,WEST BENGAL,5
735133,JPG,JPG,JALPAIGURI OFFICE,EAST,WB,WEST BENGAL,5
735134,JPG,JPG,JALPAIGURI OFFICE,EAST,WB,WEST BENGAL,5
735135,BKR,BKR,BHAKTINAGAR,EAST,WB,WEST BENGAL,5
735139,JPG,JPG,JALPAIGURI OFFICE,EAST,WB,WEST BENGAL,5
735140,JPG,JPG,JALPAIGURI OFFICE,EAST,WB,WEST BENGAL,5
735202,BAN,BAN,BANARHAT,EAST,WB,WEST BENGAL,5
735203,BIN,BIN,BINNAGURI,EAST,WB,WEST BENGAL,5
735204,BIR,BIR,BIRPARA,EAST,WB,WEST BENGAL,5
735205,BNN,BNN,BANARHAT OFFICE,EAST,WB,WEST BENGAL,5
735206,MBZ,MBZ,MALBAZAR OFFICE,EAST,WB,WEST BENGAL,5
735207,BNN,BNN,BANARHAT OFFICE,EAST,WB,WEST BENGAL,5
735208,JIN,JIN,JAIGON,EAST,WB,WEST BENGAL,5
735209,MBZ,MBZ,MALBAZAR OFFICE,EAST,WB,WEST BENGAL,5
735210,DUX,DUX,DHUPGURI,EAST,WB,WEST BENGAL,5
735211,FAL,FAL,FALAKATA,EAST,WB,WEST BENGAL,5
735212,BNN,BNN,BANARHAT OFFICE,EAST,WB,WEST BENGAL,5
735213,BNN,BNN,BANARHAT OFFICE,EAST,WB,WEST BENGAL,5
735214,ADU,ADU,ALIPURDUAR OFFICE,EAST,WB,WEST BENGAL,5
735216,BNN,BNN,BANARHAT OFFICE,EAST,WB,WEST BENGAL,5
735217,ADU,ADU,ALIPURDUAR OFFICE,EAST,WB,WEST BENGAL,5
735218,MBZ,MBZ,MALBAZAR OFFICE,EAST,WB,WEST BENGAL,5
735219,JPG,JPG,JALPAIGURI OFFICE,EAST,WB,WEST BENGAL,5
735220,BNN,BNN,BANARHAT OFFICE,EAST,WB,WEST BENGAL,5
735221,MBA,MBA,MALBAZAR,EAST,WB,WEST BENGAL,5
735222,MBZ,MBZ,MALBAZAR OFFICE,EAST,WB,WEST BENGAL,5
735223,MBZ,MBZ,MALBAZAR OFFICE,EAST,WB,WEST BENGAL,5
735224,MAY,MAY,MAYNAGURI,EAST,WB,WEST BENGAL,5
735225,NKT,NKT,NAGRAKATA,EAST,WB,WEST BENGAL,5
735226,ADU,ADU,ALIPURDUAR OFFICE,EAST,WB,WEST BENGAL,5
735227,ADU,ADU,ALIPURDUAR OFFICE,EAST,WB,WEST BENGAL,5
735228,BNN,BNN,BANARHAT OFFICE,EAST,WB,WEST BENGAL,5
735229,MBZ,MBZ,MALBAZAR OFFICE,EAST,WB,WEST BENGAL,5
735230,MBZ,MBZ,MALBAZAR OFFICE,EAST,WB,WEST BENGAL,5
735232,BNN,BNN,BANARHAT OFFICE,EAST,WB,WEST BENGAL,5
735233,BNN,BNN,BANARHAT OFFICE,EAST,WB,WEST BENGAL,5
735234,MBZ,MBZ,MALBAZAR OFFICE,EAST,WB,WEST BENGAL,5
735301,JPG,JPG,JALPAIGURI OFFICE,EAST,WB,WEST BENGAL,5
735302,JPG,JPG,JALPAIGURI OFFICE,EAST,WB,WEST BENGAL,5
735304,JPG,JPG,JALPAIGURI OFFICE,EAST,WB,WEST BENGAL,5
735305,JPG,JPG,JALPAIGURI OFFICE,EAST,WB,WEST BENGAL,5
736101,CBH,CBH,COOCH BEHAR,EAST,WB,WEST BENGAL,5
736121,APD,APD,ALIPURDUAR,EAST,WB,WEST BENGAL,5
736122,APD,APD,ALIPURDUAR,EAST,WB,WEST BENGAL,5
736123,ADU,ADU,ALIPURDUAR OFFICE,EAST,WB,WEST BENGAL,5
736133,ADU,ADU,ALIPURDUAR OFFICE,EAST,WB,WEST BENGAL,5
736134,NSJ,NSJ,NISHIGANJ,EAST,WB,WEST BENGAL,5
736135,DIN,DIN,DINAHATA,EAST,WB,WEST BENGAL,5
736145,NSJ,NSJ,NISHIGANJ,EAST,WB,WEST BENGAL,5
736146,MTB,MTB,MATHABHANGA,EAST,WB,WEST BENGAL,5
736156,CBH,CBH,COOCH BEHAR,EAST,WB,WEST BENGAL,5
736157,NSJ,NSJ,NISHIGANJ,EAST,WB,WEST BENGAL,5
736158,NSJ,NSJ,NISHIGANJ,EAST,WB,WEST BENGAL,5
736159,ADU,ADU,ALIPURDUAR OFFICE,EAST,WB,WEST BENGAL,5
736160,ADU,ADU,ALIPURDUAR OFFICE,EAST,WB,WEST BENGAL,5
736169,NSJ,NSJ,NISHIGANJ,EAST,WB,WEST BENGAL,5
736170,NSJ,NSJ,NISHIGANJ,EAST,WB,WEST BENGAL,5
736171,NSJ,NSJ,NISHIGANJ,EAST,WB,WEST BENGAL,5
736172,NSJ,NSJ,NISHIGANJ,EAST,WB,WEST BENGAL,5
736179,CBH,CBH,COOCH BEHAR,EAST,WB,WEST BENGAL,5
736182,JIN,JIN,JAIGON,EAST,WB,WEST BENGAL,5
736202,KMG,KMG,KAMAKHYAGURI,EAST,WB,WEST BENGAL,5
736206,KMG,KMG,KAMAKHYAGURI,EAST,WB,WEST BENGAL,5
736207,KMG,KMG,KAMAKHYAGURI,EAST,WB,WEST BENGAL,5
736208,ADU,ADU,ALIPURDUAR OFFICE,EAST,WB,WEST BENGAL,5
737101,GGK,GTK,GANGTOK,EAST,SK,SIKKIM,6
737102,RNP,RNP,RANIPOOL,EAST,SK,SIKKIM,6
737103,GGK,GKX,GANGTOK OFFICE,EAST,SK,SIKKIM,6
737121,JOR,JOR,JORETHANG,EAST,SK,SIKKIM,6
737132,RGO,RGO,RANGPO,EAST,SK,SIKKIM,6
737134,RGX,RGX,RANGPO OFFICEE,EAST,SK,SIKKIM,6
737135,RNP,RNP,RANIPOOL,EAST,SK,SIKKIM,6
737136,RGX,RGX,RANGPO OFFICEE,EAST,SK,SIKKIM,6
741101,KNR,KNR,KRISHNANAGAR,EAST,WB,WEST BENGAL,5
741102,RNA,RNA,RANAGHAT,EAST,WB,WEST BENGAL,5
741103,THH,THH,TEHATTA,EAST,WB,WEST BENGAL,5
741121,RNA,RNA,RANAGHAT,EAST,WB,WEST BENGAL,5
741122,DOK,DOK,DOMKAL,EAST,WB,WEST BENGAL,5
741123,THH,THH,TEHATTA,EAST,WB,WEST BENGAL,5
741124,THH,THH,TEHATTA,EAST,WB,WEST BENGAL,5
741125,THH,THH,TEHATTA,EAST,WB,WEST BENGAL,5
741126,THH,THH,TEHATTA,EAST,WB,WEST BENGAL,5
741127,RNA,RNA,RANAGHAT,EAST,WB,WEST BENGAL,5
741137,THH,THH,TEHATTA,EAST,WB,WEST BENGAL,5
741138,THH,THH,TEHATTA,EAST,WB,WEST BENGAL,5
741139,THH,THH,TEHATTA,EAST,WB,WEST BENGAL,5
741140,THH,THH,TEHATTA,EAST,WB,WEST BENGAL,5
741150,KWT,KWT,KATWA,EAST,WB,WEST BENGAL,5
741151,RNA,RNA,RANAGHAT,EAST,WB,WEST BENGAL,5
741152,DOK,DOK,DOMKAL,EAST,WB,WEST BENGAL,5
741153,KWT,KWT,KATWA,EAST,WB,WEST BENGAL,5
741154,THH,THH,TEHATTA,EAST,WB,WEST BENGAL,5
741155,THH,THH,TEHATTA,EAST,WB,WEST BENGAL,5
741156,THH,THH,TEHATTA,EAST,WB,WEST BENGAL,5
741157,THH,THH,TEHATTA,EAST,WB,WEST BENGAL,5
741159,RNA,RNA,RANAGHAT,EAST,WB,WEST BENGAL,5
741160,THH,THH,TEHATTA,EAST,WB,WEST BENGAL,5
741161,RNA,RNA,RANAGHAT,EAST,WB,WEST BENGAL,5
741162,THH,THH,TEHATTA,EAST,WB,WEST BENGAL,5
741163,THH,THH,TEHATTA,EAST,WB,WEST BENGAL,5
741164,THH,THH,TEHATTA,EAST,WB,WEST BENGAL,5
741165,DOK,DOK,DOMKAL,EAST,WB,WEST BENGAL,5
741166,THH,THH,TEHATTA,EAST,WB,WEST BENGAL,5
741181,KWT,KWT,KATWA,EAST,WB,WEST BENGAL,5
741201,RNA,RNA,RANAGHAT,EAST,WB,WEST BENGAL,5
741202,RNA,RNA,RANAGHAT,EAST,WB,WEST BENGAL,5
741221,KYA,KYA,KALYANI BDEL,EAST,WB,WEST BENGAL,5
741222,KYA,KYA,KALYANI BDEL,EAST,WB,WEST BENGAL,5
741223,RNA,RNA,RANAGHAT,EAST,WB,WEST BENGAL,5
741225,RNA,RNA,RANAGHAT,EAST,WB,WEST BENGAL,5
741232,RNA,RNA,RANAGHAT,EAST,WB,WEST BENGAL,5
741234,KYA,KYA,KALYANI BDEL,EAST,WB,WEST BENGAL,5
741235,KYA,KYA,KALYANI BDEL,EAST,WB,WEST BENGAL,5
741238,RNA,RNA,RANAGHAT,EAST,WB,WEST BENGAL,5
741245,KYA,KYA,KALYANI BDEL,EAST,WB,WEST BENGAL,5
741247,RNA,RNA,RANAGHAT,EAST,WB,WEST BENGAL,5
741248,KYA,KYA,KALYANI BDEL,EAST,WB,WEST BENGAL,5
741249,KYA,KYA,KALYANI BDEL,EAST,WB,WEST BENGAL,5
741250,KYA,KYA,KALYANI BDEL,EAST,WB,WEST BENGAL,5
741251,KYA,KYA,KALYANI BDEL,EAST,WB,WEST BENGAL,5
741252,KYA,KYA,KALYANI BDEL,EAST,WB,WEST BENGAL,5
741253,RNA,RNA,RANAGHAT,EAST,WB,WEST BENGAL,5
741254,RNA,RNA,RANAGHAT,EAST,WB,WEST BENGAL,5
741255,RNA,RNA,RANAGHAT,EAST,WB,WEST BENGAL,5
741256,RNA,RNA,RANAGHAT,EAST,WB,WEST BENGAL,5
741257,HBA,HBA,HABRA,EAST,WB,WEST BENGAL,5
741301,MYP,MYP,MAYAPUR,EAST,WB,WEST BENGAL,5
741302,NBW,NBW,NABABDWIP,EAST,WB,WEST BENGAL,5
741313,MYP,MYP,MAYAPUR,EAST,WB,WEST BENGAL,5
741315,MYP,MYP,MAYAPUR,EAST,WB,WEST BENGAL,5
741317,THH,THH,TEHATTA,EAST,WB,WEST BENGAL,5
741319,MEX,MEX,MEMARI,EAST,WB,WEST BENGAL,5
741401,RNA,RNA,RANAGHAT,EAST,WB,WEST BENGAL,5
741402,RNA,RNA,RANAGHAT,EAST,WB,WEST BENGAL,5
741404,RNA,RNA,RANAGHAT,EAST,WB,WEST BENGAL,5
741501,RNA,RNA,RANAGHAT,EAST,WB,WEST BENGAL,5
741502,SNF,SNF,SHANTIPUR REMOTE,EAST,WB,WEST BENGAL,5
741504,RNA,RNA,RANAGHAT,EAST,WB,WEST BENGAL,5
741506,RNA,RNA,RANAGHAT,EAST,WB,WEST BENGAL,5
741507,RNA,RNA,RANAGHAT,EAST,WB,WEST BENGAL,5
741508,THH,THH,TEHATTA,EAST,WB,WEST BENGAL,5
741509,RNA,RNA,RANAGHAT,EAST,WB,WEST BENGAL,5
742101,BRP,BRP,BERHAMPORE,EAST,WB,WEST BENGAL,5
742102,BRP,BRP,BERHAMPORE,EAST,WB,WEST BENGAL,5
742103,BRP,BRP,BERHAMPORE,EAST,WB,WEST BENGAL,5
742104,BMX,BMX,BERHAMPORE,EAST,WB,WEST BENGAL,5
742113,DOK,DOK,DOMKAL,EAST,WB,WEST BENGAL,5
742122,BMX,BMX,BERHAMPORE,EAST,WB,WEST BENGAL,5
742123,BMX,BMX,BERHAMPORE,EAST,WB,WEST BENGAL,5
742132,BWU,BWU,BURWAN,EAST,WB,WEST BENGAL,5
742133,BMX,BMX,BERHAMPORE,EAST,WB,WEST BENGAL,5
742134,BMX,BMX,BERHAMPORE,EAST,WB,WEST BENGAL,5
742136,BMX,BMX,BERHAMPORE,EAST,WB,WEST BENGAL,5
742137,BWU,BWU,BURWAN,EAST,WB,WEST BENGAL,5
742138,BWU,BWU,BURWAN,EAST,WB,WEST BENGAL,5
742147,BWU,BWU,BURWAN,EAST,WB,WEST BENGAL,5
742148,RGU,RGU,RAGHUNATHGANJ,EAST,WB,WEST BENGAL,5
742149,BMX,BMX,BERHAMPORE,EAST,WB,WEST BENGAL,5
742151,RGU,RGU,RAGHUNATHGANJ,EAST,WB,WEST BENGAL,5
742159,RPX,RPX,RAMPURHAT,EAST,WB,WEST BENGAL,5
742160,BMX,BMX,BERHAMPORE,EAST,WB,WEST BENGAL,5
742161,BWU,BWU,BURWAN,EAST,WB,WEST BENGAL,5
742163,BMX,BMX,BERHAMPORE,EAST,WB,WEST BENGAL,5
742164,BMX,BMX,BERHAMPORE,EAST,WB,WEST BENGAL,5
742165,BMX,BMX,BERHAMPORE,EAST,WB,WEST BENGAL,5
742166,BMX,BMX,BERHAMPORE,EAST,WB,WEST BENGAL,5
742168,BWU,BWU,BURWAN,EAST,WB,WEST BENGAL,5
742174,THH,THH,TEHATTA,EAST,WB,WEST BENGAL,5
742175,BMX,BMX,BERHAMPORE,EAST,WB,WEST BENGAL,5
742187,BMX,BMX,BERHAMPORE,EAST,WB,WEST BENGAL,5
742201,RGU,RGU,RAGHUNATHGANJ,EAST,WB,WEST BENGAL,5
742202,RGU,RGU,RAGHUNATHGANJ,EAST,WB,WEST BENGAL,5
742212,FKK,FKK,FARAKKA,EAST,WB,WEST BENGAL,5
742213,RGU,RGU,RAGHUNATHGANJ,EAST,WB,WEST BENGAL,5
742223,RGU,RGU,RAGHUNATHGANJ,EAST,WB,WEST BENGAL,5
742224,RGU,RGU,RAGHUNATHGANJ,EAST,WB,WEST BENGAL,5
742225,RGU,RGU,RAGHUNATHGANJ,EAST,WB,WEST BENGAL,5
742226,RGU,RGU,RAGHUNATHGANJ,EAST,WB,WEST BENGAL,5
742227,RGU,RGU,RAGHUNATHGANJ,EAST,WB,WEST BENGAL,5
742229,RGU,RGU,RAGHUNATHGANJ,EAST,WB,WEST BENGAL,5
742235,RGU,RGU,RAGHUNATHGANJ,EAST,WB,WEST BENGAL,5
742236,FKK,FKK,FARAKKA,EAST,WB,WEST BENGAL,5
742237,RGU,RGU,RAGHUNATHGANJ,EAST,WB,WEST BENGAL,5
742238,BMX,BMX,BERHAMPORE,EAST,WB,WEST BENGAL,5
742302,BMX,BMX,BERHAMPORE,EAST,WB,WEST BENGAL,5
742303,DOK,DOK,DOMKAL,EAST,WB,WEST BENGAL,5
742304,DOK,DOK,DOMKAL,EAST,WB,WEST BENGAL,5
742305,DOK,DOK,DOMKAL,EAST,WB,WEST BENGAL,5
742306,DOK,DOK,DOMKAL,EAST,WB,WEST BENGAL,5
742308,DOK,DOK,DOMKAL,EAST,WB,WEST BENGAL,5
742401,KWT,KWT,KATWA,EAST,WB,WEST BENGAL,5
742402,KWT,KWT,KATWA,EAST,WB,WEST BENGAL,5
742404,KWT,KWT,KATWA,EAST,WB,WEST BENGAL,5
742405,BMX,BMX,BERHAMPORE,EAST,WB,WEST BENGAL,5
742406,DOK,DOK,DOMKAL,EAST,WB,WEST BENGAL,5
742407,BMX,BMX,BERHAMPORE,EAST,WB,WEST BENGAL,5
742408,BMX,BMX,BERHAMPORE,EAST,WB,WEST BENGAL,5
742409,DOK,DOK,DOMKAL,EAST,WB,WEST BENGAL,5
743101,BRK,BRK,BARRACKPORE BDEL,EAST,WB,WEST BENGAL,5
743102,BRK,BRK,BARRACKPORE BDEL,EAST,WB,WEST BENGAL,5
743120,BRK,BRK,BARRACKPORE BDEL,EAST,WB,WEST BENGAL,5
743121,BRK,BRK,BARRACKPORE BDEL,EAST,WB,WEST BENGAL,5
743122,BRK,BRK,BARRACKPORE BDEL,EAST,WB,WEST BENGAL,5
743123,KYA,KYA,KALYANI BDEL,EAST,WB,WEST BENGAL,5
743125,BRK,BRK,BARRACKPORE BDEL,EAST,WB,WEST BENGAL,5
743126,KYA,KYA,KALYANI BDEL,EAST,WB,WEST BENGAL,5
743127,BRK,BRK,BARRACKPORE BDEL,EAST,WB,WEST BENGAL,5
743128,BRK,BRK,BARRACKPORE BDEL,EAST,WB,WEST BENGAL,5
743129,KYA,KYA,KALYANI BDEL,EAST,WB,WEST BENGAL,5
743133,BRK,BRK,BARRACKPORE BDEL,EAST,WB,WEST BENGAL,5
743134,KYA,KYA,KALYANI BDEL,EAST,WB,WEST BENGAL,5
743135,KYA,KYA,KALYANI BDEL,EAST,WB,WEST BENGAL,5
743136,KYA,KYA,KALYANI BDEL,EAST,WB,WEST BENGAL,5
743144,BRK,BRK,BARRACKPORE BDEL,EAST,WB,WEST BENGAL,5
743145,KYA,KYA,KALYANI BDEL,EAST,WB,WEST BENGAL,5
743155,BRK,BRK,BARRACKPORE BDEL,EAST,WB,WEST BENGAL,5
743165,KYA,KYA,KALYANI BDEL,EAST,WB,WEST BENGAL,5
743166,KYA,KYA,KALYANI BDEL,EAST,WB,WEST BENGAL,5
743170,BRK,BRK,BARRACKPORE BDEL,EAST,WB,WEST BENGAL,5
743175,BRK,BRK,BARRACKPORE BDEL,EAST,WB,WEST BENGAL,5
743176,BRK,BRK,BARRACKPORE BDEL,EAST,WB,WEST BENGAL,5
743177,BRK,BRK,BARRACKPORE BDEL,EAST,WB,WEST BENGAL,5
743178,BRK,BRK,BARRACKPORE BDEL,EAST,WB,WEST BENGAL,5
743179,BRK,BRK,BARRACKPORE BDEL,EAST,WB,WEST BENGAL,5
743180,BRK,BRK,BARRACKPORE BDEL,EAST,WB,WEST BENGAL,5
743186,BRK,BRK,BARRACKPORE BDEL,EAST,WB,WEST BENGAL,5
743187,BRK,BRK,BARRACKPORE BDEL,EAST,WB,WEST BENGAL,5
743188,BRK,BRK,BARRACKPORE BDEL,EAST,WB,WEST BENGAL,5
743193,KYA,KYA,KALYANI BDEL,EAST,WB,WEST BENGAL,5
743194,KYA,KYA,KALYANI BDEL,EAST,WB,WEST BENGAL,5
743195,KYA,KYA,KALYANI BDEL,EAST,WB,WEST BENGAL,5
743221,BST,BST,BARASAT,EAST,WB,WEST BENGAL,5
743222,HBA,HBA,HABRA,EAST,WB,WEST BENGAL,5
743223,HBA,HBA,HABRA,EAST,WB,WEST BENGAL,5
743232,RNA,RNA,RANAGHAT,EAST,WB,WEST BENGAL,5
743233,HBA,HBA,HABRA,EAST,WB,WEST BENGAL,5
743234,HBA,HBA,HABRA,EAST,WB,WEST BENGAL,5
743235,HBA,HBA,HABRA,EAST,WB,WEST BENGAL,5
743245,HBA,HBA,HABRA,EAST,WB,WEST BENGAL,5
743247,HBA,HBA,HABRA,EAST,WB,WEST BENGAL,5
743248,BST,BST,BARASAT,EAST,WB,WEST BENGAL,5
743249,HBA,HBA,HABRA,EAST,WB,WEST BENGAL,5
743251,RNA,RNA,RANAGHAT,EAST,WB,WEST BENGAL,5
743252,HBA,HBA,HABRA,EAST,WB,WEST BENGAL,5
743262,RNA,RNA,RANAGHAT,EAST,WB,WEST BENGAL,5
743263,HBA,HBA,HABRA,EAST,WB,WEST BENGAL,5
743268,HBA,HBA,HABRA,EAST,WB,WEST BENGAL,5
743269,HBA,HBA,HABRA,EAST,WB,WEST BENGAL,5
743270,RNA,RNA,RANAGHAT,EAST,WB,WEST BENGAL,5
743271,HBA,HBA,HABRA,EAST,WB,WEST BENGAL,5
743272,HBA,HBA,HABRA,EAST,WB,WEST BENGAL,5
743273,HBA,HBA,HABRA,EAST,WB,WEST BENGAL,5
743286,BIT,BIT,BASIRHAT,EAST,WB,WEST BENGAL,5
743287,HBA,HBA,HABRA,EAST,WB,WEST BENGAL,5
743289,HBA,HBA,HABRA,EAST,WB,WEST BENGAL,5
743290,HBA,HBA,HABRA,EAST,WB,WEST BENGAL,5
743291,BIT,BIT,BASIRHAT,EAST,WB,WEST BENGAL,5
743292,BIT,BIT,BASIRHAT,EAST,WB,WEST BENGAL,5
743293,BIT,BIT,BASIRHAT,EAST,WB,WEST BENGAL,5
743294,BST,BST,BARASAT,EAST,WB,WEST BENGAL,5
743297,RNA,RNA,RANAGHAT,EAST,WB,WEST BENGAL,5
743313,CCU,HSW,HSW APEX/SFC PUD CENTRE,EAST,WB,WEST BENGAL,5
743318,AAM,AAM,AMTALA BDEL,EAST,WB,WEST BENGAL,5
743329,CMG,CMG,CANNING,EAST,WB,WEST BENGAL,5
743330,BNO,BNO,BHANGAR OFFICE,EAST,WB,WEST BENGAL,5
743331,AAM,AAM,AMTALA BDEL,EAST,WB,WEST BENGAL,5
743332,DKB,DKB,DAKSHIN BARASAT,EAST,WB,WEST BENGAL,5
743336,DKB,DKB,DAKSHIN BARASAT,EAST,WB,WEST BENGAL,5
743337,DKB,DKB,DAKSHIN BARASAT,EAST,WB,WEST BENGAL,5
743338,DKB,DKB,DAKSHIN BARASAT,EAST,WB,WEST BENGAL,5
743345,DKB,DKB,DAKSHIN BARASAT,EAST,WB,WEST BENGAL,5
743351,AAM,AAM,AMTALA BDEL,EAST,WB,WEST BENGAL,5
743354,DKB,DKB,DAKSHIN BARASAT,EAST,WB,WEST BENGAL,5
743355,DKB,DKB,DAKSHIN BARASAT,EAST,WB,WEST BENGAL,5
743368,AAM,AAM,AMTALA BDEL,EAST,WB,WEST BENGAL,5
743372,DKB,DKB,DAKSHIN BARASAT,EAST,WB,WEST BENGAL,5
743375,DKB,DKB,DAKSHIN BARASAT,EAST,WB,WEST BENGAL,5
743376,CMG,CMG,CANNING,EAST,WB,WEST BENGAL,5
743377,AAM,AAM,AMTALA BDEL,EAST,WB,WEST BENGAL,5
743387,DKB,DKB,DAKSHIN BARASAT,EAST,WB,WEST BENGAL,5
743395,DKB,DKB,DAKSHIN BARASAT,EAST,WB,WEST BENGAL,5
743398,AAM,AAM,AMTALA BDEL,EAST,WB,WEST BENGAL,5
743401,HBA,HBA,HABRA,EAST,WB,WEST BENGAL,5
743405,HBA,HBA,HABRA,EAST,WB,WEST BENGAL,5
743411,BIT,BIT,BASIRHAT,EAST,WB,WEST BENGAL,5
743412,BIT,BIT,BASIRHAT,EAST,WB,WEST BENGAL,5
743422,BIT,BIT,BASIRHAT,EAST,WB,WEST BENGAL,5
743423,BST,BST,BARASAT,EAST,WB,WEST BENGAL,5
743424,BIT,BIT,BASIRHAT,EAST,WB,WEST BENGAL,5
743425,BNO,BNO,BHANGAR OFFICE,EAST,WB,WEST BENGAL,5
743426,BIT,BIT,BASIRHAT,EAST,WB,WEST BENGAL,5
743427,BIT,BIT,BASIRHAT,EAST,WB,WEST BENGAL,5
743428,BIT,BIT,BASIRHAT,EAST,WB,WEST BENGAL,5
743429,BIT,BIT,BASIRHAT,EAST,WB,WEST BENGAL,5
743437,BIT,BIT,BASIRHAT,EAST,WB,WEST BENGAL,5
743438,BIT,BIT,BASIRHAT,EAST,WB,WEST BENGAL,5
743445,BIT,BIT,BASIRHAT,EAST,WB,WEST BENGAL,5
743456,BIT,BIT,BASIRHAT,EAST,WB,WEST BENGAL,5
743502,BNO,BNO,BHANGAR OFFICE,EAST,WB,WEST BENGAL,5
743503,AAM,AAM,AMTALA BDEL,EAST,WB,WEST BENGAL,5
743504,AAM,AAM,AMTALA BDEL,EAST,WB,WEST BENGAL,5
743507,BNO,BNO,BHANGAR OFFICE,EAST,WB,WEST BENGAL,5
743513,AAM,AAM,AMTALA BDEL,EAST,WB,WEST BENGAL,5
743609,DKB,DKB,DAKSHIN BARASAT,EAST,WB,WEST BENGAL,5
743610,DKB,DKB,DAKSHIN BARASAT,EAST,WB,WEST BENGAL,5
743613,DKB,DKB,DAKSHIN BARASAT,EAST,WB,WEST BENGAL,5
743701,HBA,HBA,HABRA,EAST,WB,WEST BENGAL,5
743702,HBA,HBA,HABRA,EAST,WB,WEST BENGAL,5
743704,HBA,HBA,HABRA,EAST,WB,WEST BENGAL,5
743710,RNA,RNA,RANAGHAT,EAST,WB,WEST BENGAL,5
743711,HBA,HBA,HABRA,EAST,WB,WEST BENGAL,5
744101,PBA,PBA,PORT BLAIR,SOUTH1,AN,ANDAMAN & NICOBAR ISLANDS,7
744102,PBA,PBA,PORT BLAIR,SOUTH1,AN,ANDAMAN & NICOBAR ISLANDS,7
744103,PBA,PBA,PORT BLAIR,SOUTH1,AN,ANDAMAN & NICOBAR ISLANDS,7
744104,PBA,PBA,PORT BLAIR,SOUTH1,AN,ANDAMAN & NICOBAR ISLANDS,7
751001,BBN,BBI,BHUBANESWAR,EAST,OR,ODISHA,5
751002,BBN,BBI,BHUBANESWAR,EAST,OR,ODISHA,5
751003,BBN,BBC,CHANDRASHEKHARPUR,EAST,OR,ODISHA,5
751004,BBN,BBI,BHUBANESWAR,EAST,OR,ODISHA,5
751005,BBN,BBI,BHUBANESWAR,EAST,OR,ODISHA,5
751006,BBN,BBI,BHUBANESWAR,EAST,OR,ODISHA,5
751007,BBN,BBI,BHUBANESWAR,EAST,OR,ODISHA,5
751008,BBN,BBI,BHUBANESWAR,EAST,OR,ODISHA,5
751009,BBN,BBI,BHUBANESWAR,EAST,OR,ODISHA,5
751010,BBN,BBI,BHUBANESWAR,EAST,OR,ODISHA,5
751011,BBN,BBI,BHUBANESWAR,EAST,OR,ODISHA,5
751012,BBN,BBI,BHUBANESWAR,EAST,OR,ODISHA,5
751013,BBN,BBI,BHUBANESWAR,EAST,OR,ODISHA,5
751014,BBN,BBI,BHUBANESWAR,EAST,OR,ODISHA,5
751015,BBN,BBI,BHUBANESWAR,EAST,OR,ODISHA,5
751016,BBN,BBI,BHUBANESWAR,EAST,OR,ODISHA,5
751017,BBN,BBI,BHUBANESWAR,EAST,OR,ODISHA,5
751018,BBN,BBI,BHUBANESWAR,EAST,OR,ODISHA,5
751019,BBN,BBI,BHUBANESWAR,EAST,OR,ODISHA,5
751020,BBN,BBI,BHUBANESWAR,EAST,OR,ODISHA,5
751021,BBN,BBI,BHUBANESWAR,EAST,OR,ODISHA,5
751022,BBN,BBI,BHUBANESWAR,EAST,OR,ODISHA,5
751023,BBN,BBI,BHUBANESWAR,EAST,OR,ODISHA,5
751024,BBN,BBI,BHUBANESWAR,EAST,OR,ODISHA,5
751025,BBN,BBI,BHUBANESWAR,EAST,OR,ODISHA,5
751026,BBN,BBC,CHANDRASHEKHARPUR,EAST,OR,ODISHA,5
751027,BBN,BBC,CHANDRASHEKHARPUR,EAST,OR,ODISHA,5
751029,BBN,BBC,CHANDRASHEKHARPUR,EAST,OR,ODISHA,5
751030,BBN,BBI,BHUBANESWAR,EAST,OR,ODISHA,5
751031,BBN,BBI,BHUBANESWAR,EAST,OR,ODISHA,5
751062,BBN,BBI,BHUBANESWAR,EAST,OR,ODISHA,5
752001,PIX,PIX,PURI EXPANSION,EAST,OR,ODISHA,5
752002,PIX,PIX,PURI EXPANSION,EAST,OR,ODISHA,5
752003,PIX,PIX,PURI EXPANSION,EAST,OR,ODISHA,5
752010,PIX,PIX,PURI EXPANSION,EAST,OR,ODISHA,5
752012,PIX,PIX,PURI EXPANSION,EAST,OR,ODISHA,5
752013,PIX,PIX,PURI EXPANSION,EAST,OR,ODISHA,5
752014,PIX,PIX,PURI EXPANSION,EAST,OR,ODISHA,5
752017,PIX,PIX,PURI EXPANSION,EAST,OR,ODISHA,5
752018,JTI,JTI,JATNI,EAST,OR,ODISHA,5
752019,RPN,RPN,RANPUR OFFICE,EAST,OR,ODISHA,5
752020,RPN,RPN,RANPUR OFFICE,EAST,OR,ODISHA,5
752021,RPN,RPN,RANPUR OFFICE,EAST,OR,ODISHA,5
752022,RPN,RPN,RANPUR OFFICE,EAST,OR,ODISHA,5
752023,RPN,RPN,RANPUR OFFICE,EAST,OR,ODISHA,5
752024,RPN,RPN,RANPUR OFFICE,EAST,OR,ODISHA,5
752025,RPN,RPN,RANPUR OFFICE,EAST,OR,ODISHA,5
752026,RPN,RPN,RANPUR OFFICE,EAST,OR,ODISHA,5
752030,BLN,BLN,BALUGAON OFFICE,EAST,OR,ODISHA,5
752031,BLN,BLN,BALUGAON OFFICE,EAST,OR,ODISHA,5
752037,BLN,BLN,BALUGAON OFFICE,EAST,OR,ODISHA,5
752038,RPN,RPN,RANPUR OFFICE,EAST,OR,ODISHA,5
752045,PIX,PIX,PURI EXPANSION,EAST,OR,ODISHA,5
752050,JTI,JTI,JATNI,EAST,OR,ODISHA,5
752054,JTI,JTI,JATNI,EAST,OR,ODISHA,5
752055,JTI,JTI,JATNI,EAST,OR,ODISHA,5
752056,JTI,JTI,JATNI,EAST,OR,ODISHA,5
752057,JTI,JTI,JATNI,EAST,OR,ODISHA,5
752060,JTI,JTI,JATNI,EAST,OR,ODISHA,5
752061,JTI,JTI,JATNI,EAST,OR,ODISHA,5
752062,JTI,JTI,JATNI,EAST,OR,ODISHA,5
752063,RPN,RPN,RANPUR OFFICE,EAST,OR,ODISHA,5
752064,RPN,RPN,RANPUR OFFICE,EAST,OR,ODISHA,5
752065,RPN,RPN,RANPUR OFFICE,EAST,OR,ODISHA,5
752066,RPN,RPN,RANPUR OFFICE,EAST,OR,ODISHA,5
752068,NYG,NYG,NAYAGARH,EAST,OR,ODISHA,5
752069,NYG,NYG,NAYAGARH,EAST,OR,ODISHA,5
752070,NYG,NYG,NAYAGARH,EAST,OR,ODISHA,5
752077,RPN,RPN,RANPUR OFFICE,EAST,OR,ODISHA,5
752078,RPN,RPN,RANPUR OFFICE,EAST,OR,ODISHA,5
752079,NYG,NYG,NAYAGARH,EAST,OR,ODISHA,5
752080,NYG,NYG,NAYAGARH,EAST,OR,ODISHA,5
752081,NYG,NYG,NAYAGARH,EAST,OR,ODISHA,5
752092,RPN,RPN,RANPUR OFFICE,EAST,OR,ODISHA,5
752094,NYG,NYG,NAYAGARH,EAST,OR,ODISHA,5
752100,BBY,BBY,CHANDRASHEKHARPUR REACH,EAST,OR,ODISHA,5
752101,BBY,BBY,CHANDRASHEKHARPUR REACH,EAST,OR,ODISHA,5
752104,NMP,NMP,NIMAPARA,EAST,OR,ODISHA,5
752105,NMP,NMP,NIMAPARA,EAST,OR,ODISHA,5
752106,NMP,NMP,NIMAPARA,EAST,OR,ODISHA,5
752108,NMP,NMP,NIMAPARA,EAST,OR,ODISHA,5
752109,NMP,NMP,NIMAPARA,EAST,OR,ODISHA,5
752110,NMP,NMP,NIMAPARA,EAST,OR,ODISHA,5
752111,NMP,NMP,NIMAPARA,EAST,OR,ODISHA,5
752114,NMP,NMP,NIMAPARA,EAST,OR,ODISHA,5
753001,CTK,CUT,CUTTAK BLUE DART EXPRESS,EAST,OR,ODISHA,5
753002,CTK,CUT,CUTTAK BLUE DART EXPRESS,EAST,OR,ODISHA,5
753003,CTK,CUT,CUTTAK BLUE DART EXPRESS,EAST,OR,ODISHA,5
753004,CTK,CUT,CUTTAK BLUE DART EXPRESS,EAST,OR,ODISHA,5
753005,CTK,CUT,CUTTAK BLUE DART EXPRESS,EAST,OR,ODISHA,5
753006,CTK,CUT,CUTTAK BLUE DART EXPRESS,EAST,OR,ODISHA,5
753007,CTK,CUT,CUTTAK BLUE DART EXPRESS,EAST,OR,ODISHA,5
753008,CTK,CUT,CUTTAK BLUE DART EXPRESS,EAST,OR,ODISHA,5
753009,CTK,CUT,CUTTAK BLUE DART EXPRESS,EAST,OR,ODISHA,5
753010,CTK,CUT,CUTTAK BLUE DART EXPRESS,EAST,OR,ODISHA,5
753011,CTK,CUT,CUTTAK BLUE DART EXPRESS,EAST,OR,ODISHA,5
753012,CTK,CUT,CUTTAK BLUE DART EXPRESS,EAST,OR,ODISHA,5
753013,CTK,CUT,CUTTAK BLUE DART EXPRESS,EAST,OR,ODISHA,5
753014,CTK,CUT,CUTTAK BLUE DART EXPRESS,EAST,OR,ODISHA,5
753015,CTK,CUT,CUTTAK BLUE DART EXPRESS,EAST,OR,ODISHA,5
753051,CTK,CUT,CUTTAK BLUE DART EXPRESS,EAST,OR,ODISHA,5
754001,BBY,BBY,CHANDRASHEKHARPUR REACH,EAST,OR,ODISHA,5
754004,NMP,NMP,NIMAPARA,EAST,OR,ODISHA,5
754005,CTK,CUT,CUTTAK BLUE DART EXPRESS,EAST,OR,ODISHA,5
754006,CTK,CUT,CUTTAK BLUE DART EXPRESS,EAST,OR,ODISHA,5
754008,BKI,BKI,BANKI OFFICE,EAST,OR,ODISHA,5
754011,JSP,JSP,JAGATSINGHPUR,EAST,OR,ODISHA,5
754018,JSP,JSP,JAGATSINGHPUR,EAST,OR,ODISHA,5
754021,CTK,CUT,CUTTAK BLUE DART EXPRESS,EAST,OR,ODISHA,5
754022,CTK,CUT,CUTTAK BLUE DART EXPRESS,EAST,OR,ODISHA,5
754023,CAL,CAL,CHANDIKHOL OFFICE,EAST,OR,ODISHA,5
754024,CAL,CAL,CHANDIKHOL OFFICE,EAST,OR,ODISHA,5
754025,CTK,CUT,CUTTAK BLUE DART EXPRESS,EAST,OR,ODISHA,5
754028,CTK,CUT,CUTTAK BLUE DART EXPRESS,EAST,OR,ODISHA,5
754029,BKI,BKI,BANKI OFFICE,EAST,OR,ODISHA,5
754031,BKI,BKI,BANKI OFFICE,EAST,OR,ODISHA,5
754032,BKI,BKI,BANKI OFFICE,EAST,OR,ODISHA,5
754037,BKI,BKI,BANKI OFFICE,EAST,OR,ODISHA,5
754071,CTK,CUT,CUTTAK BLUE DART EXPRESS,EAST,OR,ODISHA,5
754082,CAL,CAL,CHANDIKHOL OFFICE,EAST,OR,ODISHA,5
754102,JSP,JSP,JAGATSINGHPUR,EAST,OR,ODISHA,5
754103,JSP,JSP,JAGATSINGHPUR,EAST,OR,ODISHA,5
754104,JSP,JSP,JAGATSINGHPUR,EAST,OR,ODISHA,5
754106,JSP,JSP,JAGATSINGHPUR,EAST,OR,ODISHA,5
754107,JSP,JSP,JAGATSINGHPUR,EAST,OR,ODISHA,5
754108,JSP,JSP,JAGATSINGHPUR,EAST,OR,ODISHA,5
754109,JSP,JSP,JAGATSINGHPUR,EAST,OR,ODISHA,5
754110,JSP,JSP,JAGATSINGHPUR,EAST,OR,ODISHA,5
754111,JSP,JSP,JAGATSINGHPUR,EAST,OR,ODISHA,5
754113,JSP,JSP,JAGATSINGHPUR,EAST,OR,ODISHA,5
754114,JSP,JSP,JAGATSINGHPUR,EAST,OR,ODISHA,5
754119,JSP,JSP,JAGATSINGHPUR,EAST,OR,ODISHA,5
754120,PDP,PRX,PARADEEP E-TAIL,EAST,OR,ODISHA,5
754130,JSP,JSP,JAGATSINGHPUR,EAST,OR,ODISHA,5
754131,JSP,JSP,JAGATSINGHPUR,EAST,OR,ODISHA,5
754132,JSP,JSP,JAGATSINGHPUR,EAST,OR,ODISHA,5
754133,JSP,JSP,JAGATSINGHPUR,EAST,OR,ODISHA,5
754134,JSP,JSP,JAGATSINGHPUR,EAST,OR,ODISHA,5
754136,JSP,JSP,JAGATSINGHPUR,EAST,OR,ODISHA,5
754137,JSP,JSP,JAGATSINGHPUR,EAST,OR,ODISHA,5
754140,PDP,PRX,PARADEEP E-TAIL,EAST,OR,ODISHA,5
754141,PDP,PRX,PARADEEP E-TAIL,EAST,OR,ODISHA,5
754142,PDP,PRX,PARADEEP E-TAIL,EAST,OR,ODISHA,5
754143,PDP,PRX,PARADEEP E-TAIL,EAST,OR,ODISHA,5
754145,PDP,PRX,PARADEEP E-TAIL,EAST,OR,ODISHA,5
754153,KDP,KDP,KENDRAPARA ,EAST,OR,ODISHA,5
754160,JSP,JSP,JAGATSINGHPUR,EAST,OR,ODISHA,5
754162,KDP,KDP,KENDRAPARA ,EAST,OR,ODISHA,5
754200,CTK,CUT,CUTTAK BLUE DART EXPRESS,EAST,OR,ODISHA,5
754201,CTK,CUT,CUTTAK BLUE DART EXPRESS,EAST,OR,ODISHA,5
754202,CTK,CUT,CUTTAK BLUE DART EXPRESS,EAST,OR,ODISHA,5
754203,CTK,CUT,CUTTAK BLUE DART EXPRESS,EAST,OR,ODISHA,5
754204,CAL,CAL,CHANDIKHOL OFFICE,EAST,OR,ODISHA,5
754205,CAL,CAL,CHANDIKHOL OFFICE,EAST,OR,ODISHA,5
754210,KDP,KDP,KENDRAPARA ,EAST,OR,ODISHA,5
754211,KDP,KDP,KENDRAPARA ,EAST,OR,ODISHA,5
754212,KDP,KDP,KENDRAPARA ,EAST,OR,ODISHA,5
754213,KDP,KDP,KENDRAPARA ,EAST,OR,ODISHA,5
754214,KDP,KDP,KENDRAPARA ,EAST,OR,ODISHA,5
754215,KDP,KDP,KENDRAPARA ,EAST,OR,ODISHA,5
754216,KDP,KDP,KENDRAPARA ,EAST,OR,ODISHA,5
754217,KDP,KDP,KENDRAPARA ,EAST,OR,ODISHA,5
754218,KDP,KDP,KENDRAPARA ,EAST,OR,ODISHA,5
754219,KDP,KDP,KENDRAPARA ,EAST,OR,ODISHA,5
754220,KDP,KDP,KENDRAPARA ,EAST,OR,ODISHA,5
754222,KDP,KDP,KENDRAPARA ,EAST,OR,ODISHA,5
754223,KDP,KDP,KENDRAPARA ,EAST,OR,ODISHA,5
754224,KDP,KDP,KENDRAPARA ,EAST,OR,ODISHA,5
754228,KDP,KDP,KENDRAPARA ,EAST,OR,ODISHA,5
754231,KDP,KDP,KENDRAPARA ,EAST,OR,ODISHA,5
754239,KDP,KDP,KENDRAPARA ,EAST,OR,ODISHA,5
754240,KDP,KDP,KENDRAPARA ,EAST,OR,ODISHA,5
754244,KDP,KDP,KENDRAPARA ,EAST,OR,ODISHA,5
754245,KDP,KDP,KENDRAPARA ,EAST,OR,ODISHA,5
754246,KDP,KDP,KENDRAPARA ,EAST,OR,ODISHA,5
754250,KDP,KDP,KENDRAPARA ,EAST,OR,ODISHA,5
754253,KDP,KDP,KENDRAPARA ,EAST,OR,ODISHA,5
754289,KDP,KDP,KENDRAPARA ,EAST,OR,ODISHA,5
754292,CAL,CAL,CHANDIKHOL OFFICE,EAST,OR,ODISHA,5
754295,BKI,BKI,BANKI OFFICE,EAST,OR,ODISHA,5
754296,CAL,CAL,CHANDIKHOL OFFICE,EAST,OR,ODISHA,5
755001,JJT,JJT,JAJPUR TOWN,EAST,OR,ODISHA,5
755003,KDP,KDP,KENDRAPARA ,EAST,OR,ODISHA,5
755004,JJT,JJT,JAJPUR TOWN,EAST,OR,ODISHA,5
755005,JJT,JJT,JAJPUR TOWN,EAST,OR,ODISHA,5
755006,JJT,JJT,JAJPUR TOWN,EAST,OR,ODISHA,5
755007,JJT,JJT,JAJPUR TOWN,EAST,OR,ODISHA,5
755008,CAL,CAL,CHANDIKHOL OFFICE,EAST,OR,ODISHA,5
755009,JJT,JJT,JAJPUR TOWN,EAST,OR,ODISHA,5
755010,KDP,KDP,KENDRAPARA ,EAST,OR,ODISHA,5
755011,JJT,JJT,JAJPUR TOWN,EAST,OR,ODISHA,5
755012,JJT,JJT,JAJPUR TOWN,EAST,OR,ODISHA,5
755013,JJT,JJT,JAJPUR TOWN,EAST,OR,ODISHA,5
755014,JJT,JJT,JAJPUR TOWN,EAST,OR,ODISHA,5
755015,JJR,JJR,JAJPUR,EAST,OR,ODISHA,5
755016,JJT,JJT,JAJPUR TOWN,EAST,OR,ODISHA,5
755017,JJT,JJT,JAJPUR TOWN,EAST,OR,ODISHA,5
755019,JJR,JJR,JAJPUR,EAST,OR,ODISHA,5
755020,JJR,JJR,JAJPUR,EAST,OR,ODISHA,5
755022,JJR,JJR,JAJPUR,EAST,OR,ODISHA,5
755023,CAL,CAL,CHANDIKHOL OFFICE,EAST,OR,ODISHA,5
755024,CAL,CAL,CHANDIKHOL OFFICE,EAST,OR,ODISHA,5
755026,JJR,JJR,JAJPUR,EAST,OR,ODISHA,5
755027,JJT,JJT,JAJPUR TOWN,EAST,OR,ODISHA,5
755036,JJT,JJT,JAJPUR TOWN,EAST,OR,ODISHA,5
755040,JJR,JJR,JAJPUR,EAST,OR,ODISHA,5
755043,JJR,JJR,JAJPUR,EAST,OR,ODISHA,5
755044,CAL,CAL,CHANDIKHOL OFFICE,EAST,OR,ODISHA,5
755049,CAL,CAL,CHANDIKHOL OFFICE,EAST,OR,ODISHA,5
755050,CAL,CAL,CHANDIKHOL OFFICE,EAST,OR,ODISHA,5
755061,JJT,JJT,JAJPUR TOWN,EAST,OR,ODISHA,5
755062,JJT,JJT,JAJPUR TOWN,EAST,OR,ODISHA,5
756001,BSO,BSO,BALASORE,EAST,OR,ODISHA,5
756002,BSO,BSO,BALASORE,EAST,OR,ODISHA,5
756003,BSO,BSO,BALASORE,EAST,OR,ODISHA,5
756019,BSO,BSO,BALASORE,EAST,OR,ODISHA,5
756020,BSO,BSO,BALASORE,EAST,OR,ODISHA,5
756023,BJL,BJL,BALIAPAL OFFICE,EAST,OR,ODISHA,5
756024,BJL,BJL,BALIAPAL OFFICE,EAST,OR,ODISHA,5
756025,BSO,BSO,BALASORE,EAST,OR,ODISHA,5
756026,BJL,BJL,BALIAPAL OFFICE,EAST,OR,ODISHA,5
756027,BSO,BSO,BALASORE,EAST,OR,ODISHA,5
756029,BJL,BJL,BALIAPAL OFFICE,EAST,OR,ODISHA,5
756030,BJL,BJL,BALIAPAL OFFICE,EAST,OR,ODISHA,5
756032,BJL,BJL,BALIAPAL OFFICE,EAST,OR,ODISHA,5
756034,BJL,BJL,BALIAPAL OFFICE,EAST,OR,ODISHA,5
756035,BJL,BJL,BALIAPAL OFFICE,EAST,OR,ODISHA,5
756036,BJL,BJL,BALIAPAL OFFICE,EAST,OR,ODISHA,5
756038,BJL,BJL,BALIAPAL OFFICE,EAST,OR,ODISHA,5
756039,BJL,BJL,BALIAPAL OFFICE,EAST,OR,ODISHA,5
756040,BSO,BSO,BALASORE,EAST,OR,ODISHA,5
756042,SOR,SOR,SORO,EAST,OR,ODISHA,5
756043,SOR,SOR,SORO,EAST,OR,ODISHA,5
756045,SOR,SOR,SORO,EAST,OR,ODISHA,5
756046,SOR,SOR,SORO,EAST,OR,ODISHA,5
756056,BSO,BSO,BALASORE,EAST,OR,ODISHA,5
756058,BSO,BSO,BALASORE,EAST,OR,ODISHA,5
756060,BSO,BSO,BALASORE,EAST,OR,ODISHA,5
756079,BJL,BJL,BALIAPAL OFFICE,EAST,OR,ODISHA,5
756080,BJL,BJL,BALIAPAL OFFICE,EAST,OR,ODISHA,5
756081,BJL,BJL,BALIAPAL OFFICE,EAST,OR,ODISHA,5
756083,BJL,BJL,BALIAPAL OFFICE,EAST,OR,ODISHA,5
756084,BJL,BJL,BALIAPAL OFFICE,EAST,OR,ODISHA,5
756085,BJL,BJL,BALIAPAL OFFICE,EAST,OR,ODISHA,5
756086,BJL,BJL,BALIAPAL OFFICE,EAST,OR,ODISHA,5
756087,BJL,BJL,BALIAPAL OFFICE,EAST,OR,ODISHA,5
756100,BDK,BDK,BHADRAK,EAST,OR,ODISHA,5
756101,BDK,BDK,BHADRAK,EAST,OR,ODISHA,5
756111,TPD,TPD,BHADRAK OFFICE,EAST,OR,ODISHA,5
756112,TPD,TPD,BHADRAK OFFICE,EAST,OR,ODISHA,5
756113,TPD,TPD,BHADRAK OFFICE,EAST,OR,ODISHA,5
756116,TPD,TPD,BHADRAK OFFICE,EAST,OR,ODISHA,5
756118,TPD,TPD,BHADRAK OFFICE,EAST,OR,ODISHA,5
756119,TPD,TPD,BHADRAK OFFICE,EAST,OR,ODISHA,5
756124,TPD,TPD,BHADRAK OFFICE,EAST,OR,ODISHA,5
756125,TPD,TPD,BHADRAK OFFICE,EAST,OR,ODISHA,5
756127,TPD,TPD,BHADRAK OFFICE,EAST,OR,ODISHA,5
756128,TPD,TPD,BHADRAK OFFICE,EAST,OR,ODISHA,5
756129,TPD,TPD,BHADRAK OFFICE,EAST,OR,ODISHA,5
756130,TPD,TPD,BHADRAK OFFICE,EAST,OR,ODISHA,5
756131,TPD,TPD,BHADRAK OFFICE,EAST,OR,ODISHA,5
756132,TPD,TPD,BHADRAK OFFICE,EAST,OR,ODISHA,5
756133,TPD,TPD,BHADRAK OFFICE,EAST,OR,ODISHA,5
756139,TPD,TPD,BHADRAK OFFICE,EAST,OR,ODISHA,5
756163,TPD,TPD,BHADRAK OFFICE,EAST,OR,ODISHA,5
756164,TPD,TPD,BHADRAK OFFICE,EAST,OR,ODISHA,5
756165,TPD,TPD,BHADRAK OFFICE,EAST,OR,ODISHA,5
756181,BDK,BDK,BHADRAK,EAST,OR,ODISHA,5
757001,MBJ,MBJ,MAYURBHANJ,EAST,OR,ODISHA,5
757002,MBJ,MBJ,MAYURBHANJ,EAST,OR,ODISHA,5
757017,UDL,UDL,UDALA OFFICE,EAST,OR,ODISHA,5
757019,UDL,UDL,UDALA OFFICE,EAST,OR,ODISHA,5
757020,MBJ,MBJ,MAYURBHANJ,EAST,OR,ODISHA,5
757021,MBJ,MBJ,MAYURBHANJ,EAST,OR,ODISHA,5
757022,MBJ,MBJ,MAYURBHANJ,EAST,OR,ODISHA,5
757023,MBJ,MBJ,MAYURBHANJ,EAST,OR,ODISHA,5
757024,MBJ,MBJ,MAYURBHANJ,EAST,OR,ODISHA,5
757025,UDL,UDL,UDALA OFFICE,EAST,OR,ODISHA,5
757026,UDL,UDL,UDALA OFFICE,EAST,OR,ODISHA,5
757027,UDL,UDL,UDALA OFFICE,EAST,OR,ODISHA,5
757029,MBJ,MBJ,MAYURBHANJ,EAST,OR,ODISHA,5
757030,MBJ,MBJ,MAYURBHANJ,EAST,OR,ODISHA,5
757040,UDL,UDL,UDALA OFFICE,EAST,OR,ODISHA,5
757041,UDL,UDL,UDALA OFFICE,EAST,OR,ODISHA,5
757049,MBJ,MBJ,MAYURBHANJ,EAST,OR,ODISHA,5
757075,MBJ,MBJ,MAYURBHANJ,EAST,OR,ODISHA,5
757077,UDL,UDL,UDALA OFFICE,EAST,OR,ODISHA,5
757079,UDL,UDL,UDALA OFFICE,EAST,OR,ODISHA,5
757084,MBJ,MBJ,MAYURBHANJ,EAST,OR,ODISHA,5
757085,UDL,UDL,UDALA OFFICE,EAST,OR,ODISHA,5
757087,UDL,UDL,UDALA OFFICE,EAST,OR,ODISHA,5
757101,UDL,UDL,UDALA OFFICE,EAST,OR,ODISHA,5
757103,UDL,UDL,UDALA OFFICE,EAST,OR,ODISHA,5
757104,UDL,UDL,UDALA OFFICE,EAST,OR,ODISHA,5
757105,MBJ,MBJ,MAYURBHANJ,EAST,OR,ODISHA,5
757107,MBJ,MBJ,MAYURBHANJ,EAST,OR,ODISHA,5
758001,KJR,KJR,KEONJHAR,EAST,OR,ODISHA,5
758002,KJR,KJR,KEONJHAR,EAST,OR,ODISHA,5
758013,KJR,KJR,KEONJHAR,EAST,OR,ODISHA,5
758014,KJR,KJR,KEONJHAR,EAST,OR,ODISHA,5
758018,KJR,KJR,KEONJHAR,EAST,OR,ODISHA,5
758031,KJR,KJR,KEONJHAR,EAST,OR,ODISHA,5
758034,BDB,BDB,BARBIL OFFICE,EAST,OR,ODISHA,5
758035,BDB,BDB,BARBIL OFFICE,EAST,OR,ODISHA,5
758037,BDB,BDB,BARBIL OFFICE,EAST,OR,ODISHA,5
758038,BDB,BDB,BARBIL OFFICE,EAST,OR,ODISHA,5
758041,BDB,BDB,BARBIL OFFICE,EAST,OR,ODISHA,5
758079,KJR,KJR,KEONJHAR,EAST,OR,ODISHA,5
758087,KJR,KJR,KEONJHAR,EAST,OR,ODISHA,5
759001,DKL,DKL,DHENKANAL,EAST,OR,ODISHA,5
759013,DKL,DKL,DHENKANAL,EAST,OR,ODISHA,5
759015,DKL,DKL,DHENKANAL,EAST,OR,ODISHA,5
759024,DKL,DKL,DHENKANAL,EAST,OR,ODISHA,5
759025,DKL,DKL,DHENKANAL,EAST,OR,ODISHA,5
759027,DKL,DKL,DHENKANAL,EAST,OR,ODISHA,5
759037,TCR,TCR,TALCHER,EAST,OR,ODISHA,5
759100,TCR,TCR,TALCHER,EAST,OR,ODISHA,5
759101,TCR,TCR,TALCHER,EAST,OR,ODISHA,5
759102,TCR,TCR,TALCHER,EAST,OR,ODISHA,5
759104,TCR,TCR,TALCHER,EAST,OR,ODISHA,5
759106,TCR,TCR,TALCHER,EAST,OR,ODISHA,5
759107,TCR,TCR,TALCHER,EAST,OR,ODISHA,5
759111,NGX,NGX,ANUGUL,EAST,OR,ODISHA,5
759116,TCR,TCR,TALCHER,EAST,OR,ODISHA,5
759121,NGX,NGX,ANUGUL,EAST,OR,ODISHA,5
759122,NGX,NGX,ANUGUL,EAST,OR,ODISHA,5
759123,NGX,NGX,ANUGUL,EAST,OR,ODISHA,5
759124,DEB,DEB,DEBAGARH OFFICE,EAST,OR,ODISHA,5
759125,BOH,BOH,BOUDH OFFICE,EAST,OR,ODISHA,5
759128,TCR,TCR,TALCHER,EAST,OR,ODISHA,5
759130,NGX,NGX,ANUGUL,EAST,OR,ODISHA,5
759143,NGX,NGX,ANUGUL,EAST,OR,ODISHA,5
759145,NGX,NGX,ANUGUL,EAST,OR,ODISHA,5
759146,TCR,TCR,TALCHER,EAST,OR,ODISHA,5
760001,EHM,EHM,BERHAMPUR,EAST,OR,ODISHA,5
760002,EHM,EHM,BERHAMPUR,EAST,OR,ODISHA,5
760003,EHM,EHM,BERHAMPUR,EAST,OR,ODISHA,5
760004,EHM,EHM,BERHAMPUR,EAST,OR,ODISHA,5
760005,EHM,EHM,BERHAMPUR,EAST,OR,ODISHA,5
760006,EHM,EHM,BERHAMPUR,EAST,OR,ODISHA,5
760007,EHM,EHM,BERHAMPUR,EAST,OR,ODISHA,5
760008,EHM,EHM,BERHAMPUR,EAST,OR,ODISHA,5
760009,EHM,EHM,BERHAMPUR,EAST,OR,ODISHA,5
760010,EHM,EHM,BERHAMPUR,EAST,OR,ODISHA,5
760011,EHM,EHM,BERHAMPUR,EAST,OR,ODISHA,5
761001,EHM,EHM,BERHAMPUR,EAST,OR,ODISHA,5
761002,EHM,EHM,BERHAMPUR,EAST,OR,ODISHA,5
761003,EHM,EHM,BERHAMPUR,EAST,OR,ODISHA,5
761008,EHM,EHM,BERHAMPUR,EAST,OR,ODISHA,5
761009,EHM,EHM,BERHAMPUR,EAST,OR,ODISHA,5
761010,EHM,EHM,BERHAMPUR,EAST,OR,ODISHA,5
761020,EHM,EHM,BERHAMPUR,EAST,OR,ODISHA,5
761025,EHM,EHM,BERHAMPUR,EAST,OR,ODISHA,5
761032,AKA,AKA,ASKA OFFICE,EAST,OR,ODISHA,5
761041,AKA,AKA,ASKA OFFICE,EAST,OR,ODISHA,5
761045,EHM,EHM,BERHAMPUR,EAST,OR,ODISHA,5
761052,EHM,EHM,BERHAMPUR,EAST,OR,ODISHA,5
761101,AKA,AKA,ASKA OFFICE,EAST,OR,ODISHA,5
761102,AKA,AKA,ASKA OFFICE,EAST,OR,ODISHA,5
761103,AKA,AKA,ASKA OFFICE,EAST,OR,ODISHA,5
761104,AKA,AKA,ASKA OFFICE,EAST,OR,ODISHA,5
761106,AKA,AKA,ASKA OFFICE,EAST,OR,ODISHA,5
761107,AKA,AKA,ASKA OFFICE,EAST,OR,ODISHA,5
761108,AKA,AKA,ASKA OFFICE,EAST,OR,ODISHA,5
761110,AKA,AKA,ASKA OFFICE,EAST,OR,ODISHA,5
761114,AKA,AKA,ASKA OFFICE,EAST,OR,ODISHA,5
761115,AKA,AKA,ASKA OFFICE,EAST,OR,ODISHA,5
761116,AKA,AKA,ASKA OFFICE,EAST,OR,ODISHA,5
761117,AKA,AKA,ASKA OFFICE,EAST,OR,ODISHA,5
761118,AKA,AKA,ASKA OFFICE,EAST,OR,ODISHA,5
761122,AKA,AKA,ASKA OFFICE,EAST,OR,ODISHA,5
761123,AKA,AKA,ASKA OFFICE,EAST,OR,ODISHA,5
761124,AKA,AKA,ASKA OFFICE,EAST,OR,ODISHA,5
761133,AKA,AKA,ASKA OFFICE,EAST,OR,ODISHA,5
761146,AKA,AKA,ASKA OFFICE,EAST,OR,ODISHA,5
761200,GPT,GPT,GAJAPATI,EAST,OR,ODISHA,5
761201,GPT,GPT,GAJAPATI,EAST,OR,ODISHA,5
761206,GPT,GPT,GAJAPATI,EAST,OR,ODISHA,5
761208,GPT,GPT,GAJAPATI,EAST,OR,ODISHA,5
761210,GPT,GPT,GAJAPATI,EAST,OR,ODISHA,5
761211,GPT,GPT,GAJAPATI,EAST,OR,ODISHA,5
762001,KHM,KHM,KANDHAMAL OFFICE,EAST,OR,ODISHA,5
762002,KHM,KHM,KANDHAMAL OFFICE,EAST,OR,ODISHA,5
762010,KHM,KHM,KANDHAMAL OFFICE,EAST,OR,ODISHA,5
762012,KHM,KHM,KANDHAMAL OFFICE,EAST,OR,ODISHA,5
762013,BOH,BOH,BOUDH OFFICE,EAST,OR,ODISHA,5
762014,BOH,BOH,BOUDH OFFICE,EAST,OR,ODISHA,5
762019,KHM,KHM,KANDHAMAL OFFICE,EAST,OR,ODISHA,5
762029,KHM,KHM,KANDHAMAL OFFICE,EAST,OR,ODISHA,5
762100,KHM,KHM,KANDHAMAL OFFICE,EAST,OR,ODISHA,5
762103,KHM,KHM,KANDHAMAL OFFICE,EAST,OR,ODISHA,5
763001,JPT,JPT,KORAPUT TOWN,EAST,OR,ODISHA,5
763002,JPT,JPT,KORAPUT TOWN,EAST,OR,ODISHA,5
763003,JPT,JPT,KORAPUT TOWN,EAST,OR,ODISHA,5
763004,JPT,JPT,KORAPUT TOWN,EAST,OR,ODISHA,5
763008,JPT,JPT,KORAPUT TOWN,EAST,OR,ODISHA,5
764001,KOA,KOA,KORAPUT OFFICE,EAST,OR,ODISHA,5
764003,KOA,KOA,KORAPUT OFFICE,EAST,OR,ODISHA,5
764004,KOA,KOA,KORAPUT OFFICE,EAST,OR,ODISHA,5
764005,KOA,KOA,KORAPUT OFFICE,EAST,OR,ODISHA,5
764006,KOA,KOA,KORAPUT OFFICE,EAST,OR,ODISHA,5
764011,KOA,KOA,KORAPUT OFFICE,EAST,OR,ODISHA,5
764020,KOA,KOA,KORAPUT OFFICE,EAST,OR,ODISHA,5
764021,KOA,KOA,KORAPUT OFFICE,EAST,OR,ODISHA,5
764036,JPT,JPT,KORAPUT TOWN,EAST,OR,ODISHA,5
764043,KOA,KOA,KORAPUT OFFICE,EAST,OR,ODISHA,5
764044,MKN,MKN,MALKANAGIRI OFFICE,EAST,OR,ODISHA,5
764045,MKN,MKN,MALKANAGIRI OFFICE,EAST,OR,ODISHA,5
764048,MKN,MKN,MALKANAGIRI OFFICE,EAST,OR,ODISHA,5
764049,NBG,NBG,NABARANGPUR OFFICE,EAST,OR,ODISHA,5
764051,MKN,MKN,MALKANAGIRI OFFICE,EAST,OR,ODISHA,5
764056,KOA,KOA,KORAPUT OFFICE,EAST,OR,ODISHA,5
764058,KOA,KOA,KORAPUT OFFICE,EAST,OR,ODISHA,5
764059,NBG,NBG,NABARANGPUR OFFICE,EAST,OR,ODISHA,5
764063,NBG,NBG,NABARANGPUR OFFICE,EAST,OR,ODISHA,5
764070,NBG,NBG,NABARANGPUR OFFICE,EAST,OR,ODISHA,5
764071,NBG,NBG,NABARANGPUR OFFICE,EAST,OR,ODISHA,5
764078,NBG,NBG,NABARANGPUR OFFICE,EAST,OR,ODISHA,5
764085,NBG,NBG,NABARANGPUR OFFICE,EAST,OR,ODISHA,5
765001,RAZ,RAZ,RAYGADA REACH,EAST,OR,ODISHA,5
765002,RAZ,RAZ,RAYGADA REACH,EAST,OR,ODISHA,5
765017,RAZ,RAZ,RAYGADA REACH,EAST,OR,ODISHA,5
765018,RAZ,RAZ,RAYGADA REACH,EAST,OR,ODISHA,5
766001,BWP,BWP,KALAHANDI,EAST,OR,ODISHA,5
766002,BWP,BWP,KALAHANDI,EAST,OR,ODISHA,5
766014,BWP,BWP,KALAHANDI,EAST,OR,ODISHA,5
766020,BWP,BWP,KALAHANDI,EAST,OR,ODISHA,5
766027,BWP,BWP,KALAHANDI,EAST,OR,ODISHA,5
766104,NUA,NUA,NUAPARA,EAST,OR,ODISHA,5
766105,NUA,NUA,NUAPARA,EAST,OR,ODISHA,5
766107,HRR,HRR,KHARIAR,EAST,OR,ODISHA,5
767001,BGU,BGU,BALANGIR,EAST,OR,ODISHA,5
767002,BGU,BGU,BALANGIR,EAST,OR,ODISHA,5
767016,SOU,SOU,SONEPUR,EAST,OR,ODISHA,5
767017,SOU,SOU,SONEPUR,EAST,OR,ODISHA,5
767018,SOU,SOU,SONEPUR,EAST,OR,ODISHA,5
767019,SOU,SOU,SONEPUR,EAST,OR,ODISHA,5
767020,BGU,BGU,BALANGIR,EAST,OR,ODISHA,5
767033,TTG,TTG,TITILAGARH OFFICE,EAST,OR,ODISHA,5
767039,TTG,TTG,TITILAGARH OFFICE,EAST,OR,ODISHA,5
767065,BGU,BGU,BALANGIR,EAST,OR,ODISHA,5
767066,TTG,TTG,TITILAGARH OFFICE,EAST,OR,ODISHA,5
767067,BGU,BGU,BALANGIR,EAST,OR,ODISHA,5
767070,TTG,TTG,TITILAGARH OFFICE,EAST,OR,ODISHA,5
767071,BGU,BGU,BALANGIR,EAST,OR,ODISHA,5
768001,SMB,SML,SAMBALPUR BDEL,EAST,OR,ODISHA,5
768002,SMB,SML,SAMBALPUR BDEL,EAST,OR,ODISHA,5
768003,SMB,SML,SAMBALPUR BDEL,EAST,OR,ODISHA,5
768004,SMB,SML,SAMBALPUR BDEL,EAST,OR,ODISHA,5
768005,SMB,SML,SAMBALPUR BDEL,EAST,OR,ODISHA,5
768006,SMB,SML,SAMBALPUR BDEL,EAST,OR,ODISHA,5
768016,SMB,SML,SAMBALPUR BDEL,EAST,OR,ODISHA,5
768017,SMB,SML,SAMBALPUR BDEL,EAST,OR,ODISHA,5
768018,SMB,SML,SAMBALPUR BDEL,EAST,OR,ODISHA,5
768019,SMB,SML,SAMBALPUR BDEL,EAST,OR,ODISHA,5
768020,SMB,SML,SAMBALPUR BDEL,EAST,OR,ODISHA,5
768027,ATB,ATB,ATTABIRA OFFICE,EAST,OR,ODISHA,5
768028,ATB,ATB,ATTABIRA OFFICE,EAST,OR,ODISHA,5
768040,ATB,ATB,ATTABIRA OFFICE,EAST,OR,ODISHA,5
768106,RKL,RKL,REDHAKHOL ,EAST,OR,ODISHA,5
768108,DEB,DEB,DEBAGARH OFFICE,EAST,OR,ODISHA,5
768109,DEB,DEB,DEBAGARH OFFICE,EAST,OR,ODISHA,5
768118,RKL,RKL,REDHAKHOL ,EAST,OR,ODISHA,5
768119,DEB,DEB,DEBAGARH OFFICE,EAST,OR,ODISHA,5
768201,JSY,JSY,JHARSUGUDA,EAST,OR,ODISHA,5
768202,JSY,JSY,JHARSUGUDA,EAST,OR,ODISHA,5
768203,JSY,JSY,JHARSUGUDA,EAST,OR,ODISHA,5
768204,JSY,JSY,JHARSUGUDA,EAST,OR,ODISHA,5
768210,JSY,JSY,JHARSUGUDA,EAST,OR,ODISHA,5
768211,JSY,JSY,JHARSUGUDA,EAST,OR,ODISHA,5
768216,JSY,JSY,JHARSUGUDA,EAST,OR,ODISHA,5
768217,JSY,JSY,JHARSUGUDA,EAST,OR,ODISHA,5
768218,JSY,JSY,JHARSUGUDA,EAST,OR,ODISHA,5
768224,RJG,RJG,SUNDERGARH OFFICE,EAST,OR,ODISHA,5
768225,JSY,JSY,JHARSUGUDA,EAST,OR,ODISHA,5
768233,JSY,JSY,JHARSUGUDA,EAST,OR,ODISHA,5
769001,RRK,ROU,ROURKELA,EAST,OR,ODISHA,5
769002,RRK,ROU,ROURKELA,EAST,OR,ODISHA,5
769003,RRK,ROU,ROURKELA,EAST,OR,ODISHA,5
769004,RRK,ROU,ROURKELA,EAST,OR,ODISHA,5
769005,RRK,ROU,ROURKELA,EAST,OR,ODISHA,5
769006,RRK,ROU,ROURKELA,EAST,OR,ODISHA,5
769007,RRK,ROU,ROURKELA,EAST,OR,ODISHA,5
769008,RRK,ROU,ROURKELA,EAST,OR,ODISHA,5
769009,RRK,ROU,ROURKELA,EAST,OR,ODISHA,5
769010,RRK,ROU,ROURKELA,EAST,OR,ODISHA,5
769011,RRK,ROU,ROURKELA,EAST,OR,ODISHA,5
769012,RRK,ROU,ROURKELA,EAST,OR,ODISHA,5
769013,RRK,ROU,ROURKELA,EAST,OR,ODISHA,5
769014,RRK,ROU,ROURKELA,EAST,OR,ODISHA,5
769015,RRK,ROU,ROURKELA,EAST,OR,ODISHA,5
769016,RRK,ROU,ROURKELA,EAST,OR,ODISHA,5
769042,RRK,ROU,ROURKELA,EAST,OR,ODISHA,5
770001,BJS,BJS,BRAJRAJ NAGAR,EAST,OR,ODISHA,5
770002,BJS,BJS,BRAJRAJ NAGAR,EAST,OR,ODISHA,5
770016,RJG,RJG,SUNDERGARH OFFICE,EAST,OR,ODISHA,5
770017,RJG,RJG,SUNDERGARH OFFICE,EAST,OR,ODISHA,5
770025,BJS,BJS,BRAJRAJ NAGAR,EAST,OR,ODISHA,5
770031,RJG,RJG,SUNDERGARH OFFICE,EAST,OR,ODISHA,5
770070,RJG,RJG,SUNDERGARH OFFICE,EAST,OR,ODISHA,5
770072,BJS,BJS,BRAJRAJ NAGAR,EAST,OR,ODISHA,5
781001,GAU,GAX,REHABARI OFFICE,EAST,AS,ASSAM,5
781002,GAU,GUT,GUWAHATI,EAST,AS,ASSAM,5
781003,GAU,GUT,GUWAHATI,EAST,AS,ASSAM,5
781004,GAU,GAX,REHABARI OFFICE,EAST,AS,ASSAM,5
781005,GAU,GUT,GUWAHATI,EAST,AS,ASSAM,5
781006,GAU,GUT,GUWAHATI,EAST,AS,ASSAM,5
781007,GAU,GAX,REHABARI OFFICE,EAST,AS,ASSAM,5
781008,GAU,GAX,REHABARI OFFICE,EAST,AS,ASSAM,5
781009,GAU,GAX,REHABARI OFFICE,EAST,AS,ASSAM,5
781010,GAU,GAX,REHABARI OFFICE,EAST,AS,ASSAM,5
781011,GAU,GAX,REHABARI OFFICE,EAST,AS,ASSAM,5
781012,GAU,GAX,REHABARI OFFICE,EAST,AS,ASSAM,5
781013,GAU,GBX,GUWAHATI BELTOLA COD,EAST,AS,ASSAM,5
781014,GAU,GBX,GUWAHATI BELTOLA COD,EAST,AS,ASSAM,5
781015,GAU,GAI,GAUAIRPORT SERVICE CENTRE,EAST,AS,ASSAM,5
781016,GAU,GAX,REHABARI OFFICE,EAST,AS,ASSAM,5
781017,GAU,GAI,GAUAIRPORT SERVICE CENTRE,EAST,AS,ASSAM,5
781018,GAU,GAX,REHABARI OFFICE,EAST,AS,ASSAM,5
781019,GAU,GUT,GUWAHATI,EAST,AS,ASSAM,5
781020,GAU,GUT,GUWAHATI,EAST,AS,ASSAM,5
781021,GAU,GUT,GUWAHATI,EAST,AS,ASSAM,5
781022,GAU,GUT,GUWAHATI,EAST,AS,ASSAM,5
781023,GAU,GUT,GUWAHATI,EAST,AS,ASSAM,5
781024,GAU,GUT,GUWAHATI,EAST,AS,ASSAM,5
781025,GAU,GAX,REHABARI OFFICE,EAST,AS,ASSAM,5
781026,GAU,GUT,GUWAHATI,EAST,AS,ASSAM,5
781027,GAU,GUT,GUWAHATI,EAST,AS,ASSAM,5
781028,GAU,GUT,GUWAHATI,EAST,AS,ASSAM,5
781029,GAU,GBX,GUWAHATI BELTOLA COD,EAST,AS,ASSAM,5
781030,CSI,CSI,CHANGSARI,EAST,AS,ASSAM,5
781031,GAU,GAI,GAUAIRPORT SERVICE CENTRE,EAST,AS,ASSAM,5
781032,GAU,GUT,GUWAHATI,EAST,AS,ASSAM,5
781033,GAU,GBX,GUWAHATI BELTOLA COD,EAST,AS,ASSAM,5
781034,GAU,GBX,GUWAHATI BELTOLA COD,EAST,AS,ASSAM,5
781035,GAU,GBX,GUWAHATI BELTOLA COD,EAST,AS,ASSAM,5
781036,GAU,GUT,GUWAHATI,EAST,AS,ASSAM,5
781037,GAU,GUT,GUWAHATI,EAST,AS,ASSAM,5
781038,GAU,GUT,GUWAHATI,EAST,AS,ASSAM,5
781039,GAU,GAI,GAUAIRPORT SERVICE CENTRE,EAST,AS,ASSAM,5
781040,GAU,GBX,GUWAHATI BELTOLA COD,EAST,AS,ASSAM,5
781071,GAU,GUT,GUWAHATI,EAST,AS,ASSAM,5
781101,CSI,CSI,CHANGSARI,EAST,AS,ASSAM,5
781102,HJO,HJO,HAJO,EAST,AS,ASSAM,5
781103,HJO,HJO,HAJO,EAST,AS,ASSAM,5
781104,HJO,HJO,HAJO,EAST,AS,ASSAM,5
781121,BCA,BCA,BAIHATA CHARIALI,EAST,AS,ASSAM,5
781122,GAT,GAT,GUWAHATI AIRPORT REACH,EAST,AS,ASSAM,5
781123,GAT,GAT,GUWAHATI AIRPORT REACH,EAST,AS,ASSAM,5
781124,GAT,GAT,GUWAHATI AIRPORT REACH,EAST,AS,ASSAM,5
781125,GAU,GAI,GAUAIRPORT SERVICE CENTRE,EAST,AS,ASSAM,5
781128,GAU,GAI,GAUAIRPORT SERVICE CENTRE,EAST,AS,ASSAM,5
781131,GAZ,GAZ,GUWAHATI AIRPORT REACH,EAST,AS,ASSAM,5
781132,GAT,GAT,GUWAHATI AIRPORT REACH,EAST,AS,ASSAM,5
781133,BCA,BCA,BAIHATA CHARIALI,EAST,AS,ASSAM,5
781134,GAT,GAT,GUWAHATI AIRPORT REACH,EAST,AS,ASSAM,5
781150,GAU,GUT,GUWAHATI,EAST,AS,ASSAM,5
781171,GAU,GUT,GUWAHATI,EAST,AS,ASSAM,5
781301,BPO,BPO,BARPETA ROAD,EAST,AS,ASSAM,5
781303,NBL,NBL,NALBARI OFFICE,EAST,AS,ASSAM,5
781304,NBL,NBL,NALBARI OFFICE,EAST,AS,ASSAM,5
781306,NBL,NBL,NALBARI OFFICE,EAST,AS,ASSAM,5
781309,BTO,BTO,BARPETA TOWN,EAST,AS,ASSAM,5
781310,NBL,NBL,NALBARI OFFICE,EAST,AS,ASSAM,5
781313,BPO,BPO,BARPETA ROAD,EAST,AS,ASSAM,5
781314,BPO,BPO,BARPETA ROAD,EAST,AS,ASSAM,5
781315,BPO,BPO,BARPETA ROAD,EAST,AS,ASSAM,5
781316,BPO,BPO,BARPETA ROAD,EAST,AS,ASSAM,5
781318,BTO,BTO,BARPETA TOWN,EAST,AS,ASSAM,5
781319,BTO,BTO,BARPETA TOWN,EAST,AS,ASSAM,5
781325,BPO,BPO,BARPETA ROAD,EAST,AS,ASSAM,5
781334,NBL,NBL,NALBARI OFFICE,EAST,AS,ASSAM,5
781335,NLB,NLB,NALBARI,EAST,AS,ASSAM,5
781337,NBL,NBL,NALBARI OFFICE,EAST,AS,ASSAM,5
781338,NBL,NBL,NALBARI OFFICE,EAST,AS,ASSAM,5
781339,NBL,NBL,NALBARI OFFICE,EAST,AS,ASSAM,5
781340,NBL,NBL,NALBARI OFFICE,EAST,AS,ASSAM,5
781341,NBL,NBL,NALBARI OFFICE,EAST,AS,ASSAM,5
781346,NBL,NBL,NALBARI OFFICE,EAST,AS,ASSAM,5
781347,NBL,NBL,NALBARI OFFICE,EAST,AS,ASSAM,5
781348,NBL,NBL,NALBARI OFFICE,EAST,AS,ASSAM,5
781349,NBL,NBL,NALBARI OFFICE,EAST,AS,ASSAM,5
781351,NBL,NBL,NALBARI OFFICE,EAST,AS,ASSAM,5
781352,BTO,BTO,BARPETA TOWN,EAST,AS,ASSAM,5
781353,NBL,NBL,NALBARI OFFICE,EAST,AS,ASSAM,5
781354,RNG,RNG,RANGIA,EAST,AS,ASSAM,5
781360,TMP,TMP,TAMULPUR,EAST,AS,ASSAM,5
781365,RNG,RNG,RANGIA,EAST,AS,ASSAM,5
781367,TMP,TMP,TAMULPUR,EAST,AS,ASSAM,5
781369,NBL,NBL,NALBARI OFFICE,EAST,AS,ASSAM,5
781370,NBL,NBL,NALBARI OFFICE,EAST,AS,ASSAM,5
781374,NBL,NBL,NALBARI OFFICE,EAST,AS,ASSAM,5
781376,RNG,RNG,RANGIA,EAST,AS,ASSAM,5
781380,DMU,DMU,DIMU RSP,EAST,AS,ASSAM,5
781381,BCA,BCA,BAIHATA CHARIALI,EAST,AS,ASSAM,5
781382,DMU,DMU,DIMU RSP,EAST,AS,ASSAM,5
782001,NAO,NAO,NAGAON OFFICE,EAST,AS,ASSAM,5
782002,NAO,NAO,NAGAON OFFICE,EAST,AS,ASSAM,5
782003,NAO,NAO,NAGAON OFFICE,EAST,AS,ASSAM,5
782102,NAO,NAO,NAGAON OFFICE,EAST,AS,ASSAM,5
782105,MAO,MAO,MARIGAON OFFICE,EAST,AS,ASSAM,5
782120,KBU,KBU,KOLIABOR OFFICE,EAST,AS,ASSAM,5
782135,KBU,KBU,KOLIABOR OFFICE,EAST,AS,ASSAM,5
782136,KBU,KBU,KOLIABOR OFFICE,EAST,AS,ASSAM,5
782137,KBU,KBU,KOLIABOR OFFICE,EAST,AS,ASSAM,5
782138,KBU,KBU,KOLIABOR OFFICE,EAST,AS,ASSAM,5
782139,KBU,KBU,KOLIABOR OFFICE,EAST,AS,ASSAM,5
782140,KBU,KBU,KOLIABOR OFFICE,EAST,AS,ASSAM,5
782143,KBU,KBU,KOLIABOR OFFICE,EAST,AS,ASSAM,5
782402,MAO,MAO,MARIGAON OFFICE,EAST,AS,ASSAM,5
782410,MAO,MAO,MARIGAON OFFICE,EAST,AS,ASSAM,5
782435,HOJ,HOJ,HOJAI,EAST,AS,ASSAM,5
782439,DBK,DBK,DABOKA,EAST,AS,ASSAM,5
782440,DBK,DBK,DABOKA,EAST,AS,ASSAM,5
782442,DBK,DBK,DABOKA,EAST,AS,ASSAM,5
782445,DBK,DBK,DABOKA,EAST,AS,ASSAM,5
782447,LUM,LUM,LUMDING,EAST,AS,ASSAM,5
782460,DIP,DIP,DIPHU OFFICE,EAST,AS,ASSAM,5
782461,DIP,DIP,DIPHU OFFICE,EAST,AS,ASSAM,5
782462,DIP,DIP,DIPHU OFFICE,EAST,AS,ASSAM,5
782480,BOJ,BOJ,BOKAJAN,EAST,AS,ASSAM,5
783101,GPO,GPO,GOALPARA OFFICE,EAST,AS,ASSAM,5
783120,GPO,GPO,GOALPARA OFFICE,EAST,AS,ASSAM,5
783121,GPO,GPO,GOALPARA OFFICE,EAST,AS,ASSAM,5
783122,KIN,KIN,KRISHNAI,EAST,AS,ASSAM,5
783124,KIN,KIN,KRISHNAI,EAST,AS,ASSAM,5
783125,KIN,KIN,KRISHNAI,EAST,AS,ASSAM,5
783126,KIN,KIN,KRISHNAI,EAST,AS,ASSAM,5
783133,KIN,KIN,KRISHNAI,EAST,AS,ASSAM,5
783134,KIN,KIN,KRISHNAI,EAST,AS,ASSAM,5
783301,DHB,DHB,DHUBRI,EAST,AS,ASSAM,5
783323,DAA,DAA,GAURIPUR,EAST,AS,ASSAM,5
783324,DAA,DAA,GAURIPUR,EAST,AS,ASSAM,5
783331,DAA,DAA,GAURIPUR,EAST,AS,ASSAM,5
783333,GOS,GOS,GOSSAIGAON,EAST,AS,ASSAM,5
783334,DAU,DAU,SMARTGOGISTICS,EAST,AS,ASSAM,5
783335,DAU,DAU,SMARTGOGISTICS,EAST,AS,ASSAM,5
783336,GOS,GOS,GOSSAIGAON,EAST,AS,ASSAM,5
783337,KKR,KKR,KOKRAJHAR,EAST,AS,ASSAM,5
783339,DAA,DAA,GAURIPUR,EAST,AS,ASSAM,5
783345,KKR,KKR,KOKRAJHAR,EAST,AS,ASSAM,5
783346,KKR,KKR,KOKRAJHAR,EAST,AS,ASSAM,5
783347,KKR,KKR,KOKRAJHAR,EAST,AS,ASSAM,5
783354,GOS,GOS,GOSSAIGAON,EAST,AS,ASSAM,5
783360,GOS,GOS,GOSSAIGAON,EAST,AS,ASSAM,5
783361,GOS,GOS,GOSSAIGAON,EAST,AS,ASSAM,5
783369,KKR,KKR,KOKRAJHAR,EAST,AS,ASSAM,5
783370,KKR,KKR,KOKRAJHAR,EAST,AS,ASSAM,5
783375,BGB,BGB,BONGAIGAON OFFICE,EAST,AS,ASSAM,5
783376,KKR,KKR,KOKRAJHAR,EAST,AS,ASSAM,5
783380,BGB,BGB,BONGAIGAON OFFICE,EAST,AS,ASSAM,5
783381,BGB,BGB,BONGAIGAON OFFICE,EAST,AS,ASSAM,5
783385,BGB,BGB,BONGAIGAON OFFICE,EAST,AS,ASSAM,5
783390,MKR,MKR,MANIKPUR,EAST,AS,ASSAM,5
783391,MKR,MKR,MANIKPUR,EAST,AS,ASSAM,5
783392,MKR,MKR,MANIKPUR,EAST,AS,ASSAM,5
784001,TEZ,TPR,TEZPUR,EAST,AS,ASSAM,5
784010,NAP,NAP,NAPAAM,EAST,AS,ASSAM,5
784025,NAP,NAP,NAPAAM,EAST,AS,ASSAM,5
784027,NAP,NAP,NAPAAM,EAST,AS,ASSAM,5
784028,NAP,NAP,NAPAAM,EAST,AS,ASSAM,5
784101,NAP,NAP,NAPAAM,EAST,AS,ASSAM,5
784104,NAP,NAP,NAPAAM,EAST,AS,ASSAM,5
784105,NAP,NAP,NAPAAM,EAST,AS,ASSAM,5
784110,DKJ,DKJ,DHEKIAJULI,EAST,AS,ASSAM,5
784115,MGB,MGB,MANGALDOI,EAST,AS,ASSAM,5
784117,DKJ,DKJ,DHEKIAJULI,EAST,AS,ASSAM,5
784125,MGB,MGB,MANGALDOI,EAST,AS,ASSAM,5
784149,NAP,NAP,NAPAAM,EAST,AS,ASSAM,5
784150,NAP,NAP,NAPAAM,EAST,AS,ASSAM,5
784153,NAP,NAP,NAPAAM,EAST,AS,ASSAM,5
784154,TEZ,TPR,TEZPUR,EAST,AS,ASSAM,5
784160,BNU,BNU,BANDERDEWA,EAST,AS,ASSAM,5
784161,BNU,BNU,BANDERDEWA,EAST,AS,ASSAM,5
784164,BNU,BNU,BANDERDEWA,EAST,AS,ASSAM,5
784169,GHP,GHP,GOHPUR,EAST,AS,ASSAM,5
784170,GHP,GHP,GOHPUR,EAST,AS,ASSAM,5
784171,GHP,GHP,GOHPUR,EAST,AS,ASSAM,5
784172,GHP,GHP,GOHPUR,EAST,AS,ASSAM,5
784174,JGH,JGH,JAMUGURIHAT,EAST,AS,ASSAM,5
784175,JGH,JGH,JAMUGURIHAT,EAST,AS,ASSAM,5
784176,BCL,BCL,BISWANATH CHARIALI,EAST,AS,ASSAM,5
784177,JGH,JGH,JAMUGURIHAT,EAST,AS,ASSAM,5
784178,GHP,GHP,GOHPUR,EAST,AS,ASSAM,5
784180,JGH,JGH,JAMUGURIHAT,EAST,AS,ASSAM,5
784189,JGH,JGH,JAMUGURIHAT,EAST,AS,ASSAM,5
784501,NAP,NAP,NAPAAM,EAST,AS,ASSAM,5
784502,NAP,NAP,NAPAAM,EAST,AS,ASSAM,5
784504,NAP,NAP,NAPAAM,EAST,AS,ASSAM,5
784505,NAP,NAP,NAPAAM,EAST,AS,ASSAM,5
784506,NAP,NAP,NAPAAM,EAST,AS,ASSAM,5
784521,MGB,MGB,MANGALDOI,EAST,AS,ASSAM,5
785001,JHT,JRT,JORHAT,EAST,AS,ASSAM,5
785002,JHT,JRT,JORHAT,EAST,AS,ASSAM,5
785004,JHT,JRT,JORHAT,EAST,AS,ASSAM,5
785005,JHT,JRT,JORHAT,EAST,AS,ASSAM,5
785006,JHT,JRT,JORHAT,EAST,AS,ASSAM,5
785007,JHT,JRT,JORHAT,EAST,AS,ASSAM,5
785008,JHT,JRT,JORHAT,EAST,AS,ASSAM,5
785009,JHT,JRT,JORHAT,EAST,AS,ASSAM,5
785010,JHT,JRT,JORHAT,EAST,AS,ASSAM,5
785013,JHT,JRT,JORHAT,EAST,AS,ASSAM,5
785101,JHT,JRT,JORHAT,EAST,AS,ASSAM,5
785102,DKA,DKA,DHAKUAKHANA OFFICE,EAST,AS,ASSAM,5
785107,JHT,JRT,JORHAT,EAST,AS,ASSAM,5
785108,JHT,JRT,JORHAT,EAST,AS,ASSAM,5
785111,JHT,JRT,JORHAT,EAST,AS,ASSAM,5
785112,AUI,AUI,AMGURI,EAST,AS,ASSAM,5
785609,BKO,BKO,BOKAKHAT OFFICE,EAST,AS,ASSAM,5
785610,GLO,GLO,GOLAGHAT OFFICE,EAST,AS,ASSAM,5
785612,BKO,BKO,BOKAKHAT OFFICE,EAST,AS,ASSAM,5
785613,GLO,GLO,GOLAGHAT OFFICE,EAST,AS,ASSAM,5
785615,BKO,BKO,BOKAKHAT OFFICE,EAST,AS,ASSAM,5
785618,GLO,GLO,GOLAGHAT OFFICE,EAST,AS,ASSAM,5
785619,BKO,BKO,BOKAKHAT OFFICE,EAST,AS,ASSAM,5
785621,GLO,GLO,GOLAGHAT OFFICE,EAST,AS,ASSAM,5
785622,GLO,GLO,GOLAGHAT OFFICE,EAST,AS,ASSAM,5
785625,GLO,GLO,GOLAGHAT OFFICE,EAST,AS,ASSAM,5
785626,GLO,GLO,GOLAGHAT OFFICE,EAST,AS,ASSAM,5
785630,JHT,JRT,JORHAT,EAST,AS,ASSAM,5
785636,AUI,AUI,AMGURI,EAST,AS,ASSAM,5
785640,SIB,SVR,SIBSAGAR,EAST,AS,ASSAM,5
785661,AUI,AUI,AMGURI,EAST,AS,ASSAM,5
785662,MRA,MRN,MORAN,EAST,AS,ASSAM,5
785665,SIB,SVR,SIBSAGAR,EAST,AS,ASSAM,5
785669,MRA,MRN,MORAN,EAST,AS,ASSAM,5
785670,MRA,MRN,MORAN,EAST,AS,ASSAM,5
785671,MRA,MRN,MORAN,EAST,AS,ASSAM,5
785672,MRA,MRN,MORAN,EAST,AS,ASSAM,5
785680,AUI,AUI,AMGURI,EAST,AS,ASSAM,5
785681,AUI,AUI,AMGURI,EAST,AS,ASSAM,5
785682,AUI,AUI,AMGURI,EAST,AS,ASSAM,5
785683,AUI,AUI,AMGURI,EAST,AS,ASSAM,5
785684,NAZ,NAZ,NAZIRA EXTERIOR,EAST,AS,ASSAM,5
785685,NZR,NZR,NAZIRA,EAST,AS,ASSAM,5
785686,NZR,NZR,NAZIRA,EAST,AS,ASSAM,5
785687,NAZ,NAZ,NAZIRA EXTERIOR,EAST,AS,ASSAM,5
785688,SOI,SOI,SONARI,EAST,AS,ASSAM,5
785689,SOI,SOI,SONARI,EAST,AS,ASSAM,5
785690,SNI,SNI,SONARI,EAST,AS,ASSAM,5
785691,SOI,SOI,SONARI,EAST,AS,ASSAM,5
785692,SOI,SOI,SONARI,EAST,AS,ASSAM,5
785696,NAZ,NAZ,NAZIRA EXTERIOR,EAST,AS,ASSAM,5
785699,BKO,BKO,BOKAKHAT OFFICE,EAST,AS,ASSAM,5
785700,AUI,AUI,AMGURI,EAST,AS,ASSAM,5
785701,NZR,NZR,NAZIRA,EAST,AS,ASSAM,5
785702,GLO,GLO,GOLAGHAT OFFICE,EAST,AS,ASSAM,5
785703,JHT,JRT,JORHAT,EAST,AS,ASSAM,5
785704,JHT,JRT,JORHAT,EAST,AS,ASSAM,5
785705,GLO,GLO,GOLAGHAT OFFICE,EAST,AS,ASSAM,5
786001,DIB,DBG,DIBRUGARH,EAST,AS,ASSAM,5
786002,DIB,DBG,DIBRUGARH,EAST,AS,ASSAM,5
786003,DIB,DBG,DIBRUGARH,EAST,AS,ASSAM,5
786004,DIB,DBG,DIBRUGARH,EAST,AS,ASSAM,5
786005,DIB,DBG,DIBRUGARH,EAST,AS,ASSAM,5
786006,DIB,DIX,DIBRUGARH,EAST,AS,ASSAM,5
786007,DIB,DIX,DIBRUGARH,EAST,AS,ASSAM,5
786008,DIB,DBG,DIBRUGARH,EAST,AS,ASSAM,5
786010,DIB,DIX,DIBRUGARH,EAST,AS,ASSAM,5
786012,DIB,DIX,DIBRUGARH,EAST,AS,ASSAM,5
786102,TIN,TKA,TINSUKIA,EAST,AS,ASSAM,5
786125,TIN,TKA,TINSUKIA,EAST,AS,ASSAM,5
786126,TIN,TKA,TINSUKIA,EAST,AS,ASSAM,5
786145,TIN,TKA,TINSUKIA,EAST,AS,ASSAM,5
786146,TIN,TKA,TINSUKIA,EAST,AS,ASSAM,5
786147,TIN,TKA,TINSUKIA,EAST,AS,ASSAM,5
786148,TIN,TKA,TINSUKIA,EAST,AS,ASSAM,5
786150,DMA,DMA,DOOM DOOMA,EAST,AS,ASSAM,5
786151,DMA,DMA,DOOM DOOMA,EAST,AS,ASSAM,5
786153,DMA,DMA,DOOM DOOMA,EAST,AS,ASSAM,5
786170,TIN,TKA,TINSUKIA,EAST,AS,ASSAM,5
786171,DBO,DBO,DIGBOI,EAST,AS,ASSAM,5
786173,DBO,DBO,DIGBOI,EAST,AS,ASSAM,5
786179,JAU,JAU,JAGUN,EAST,AS,ASSAM,5
786181,DBO,DBO,DIGBOI,EAST,AS,ASSAM,5
786182,DBO,DBO,DIGBOI,EAST,AS,ASSAM,5
786183,TIN,TKA,TINSUKIA,EAST,AS,ASSAM,5
786184,TIN,TKA,TINSUKIA,EAST,AS,ASSAM,5
786187,DBO,DBO,DIGBOI,EAST,AS,ASSAM,5
786188,JAU,JAU,JAGUN,EAST,AS,ASSAM,5
786189,TIN,TKA,TINSUKIA,EAST,AS,ASSAM,5
786191,DJN,DJX,DULIAJAN COD CENTRE,EAST,AS,ASSAM,5
786192,TIN,TKA,TINSUKIA,EAST,AS,ASSAM,5
786601,DJN,DLN,DULIAJAN,EAST,AS,ASSAM,5
786602,DJN,DLN,DULIAJAN,EAST,AS,ASSAM,5
786610,NRT,NRT,NAHARKATIA,EAST,AS,ASSAM,5
786611,MRA,MRN,MORAN,EAST,AS,ASSAM,5
786612,NRT,NRT,NAHARKATIA,EAST,AS,ASSAM,5
786614,NRT,NRT,NAHARKATIA,EAST,AS,ASSAM,5
786621,NRT,NRT,NAHARKATIA,EAST,AS,ASSAM,5
786622,NRT,NRT,NAHARKATIA,EAST,AS,ASSAM,5
786623,NRT,NRT,NAHARKATIA,EAST,AS,ASSAM,5
786692,DJN,DLN,DULIAJAN,EAST,AS,ASSAM,5
787001,NKB,NKB,NORTH LAKHIMPUR OFFICE,EAST,AS,ASSAM,5
787023,NKB,NKB,NORTH LAKHIMPUR OFFICE,EAST,AS,ASSAM,5
787026,GOG,GOG,GOGAMUKH OFFICE,EAST,AS,ASSAM,5
787031,NKB,NKB,NORTH LAKHIMPUR OFFICE,EAST,AS,ASSAM,5
787034,GOG,GOG,GOGAMUKH OFFICE,EAST,AS,ASSAM,5
787035,GOG,GOG,GOGAMUKH OFFICE,EAST,AS,ASSAM,5
787051,NKB,NKB,NORTH LAKHIMPUR OFFICE,EAST,AS,ASSAM,5
787053,DKA,DKA,DHAKUAKHANA OFFICE,EAST,AS,ASSAM,5
787055,DKA,DKA,DHAKUAKHANA OFFICE,EAST,AS,ASSAM,5
787057,DMJ,DMJ,DHEMAJI,EAST,AS,ASSAM,5
787059,SPH,SPH,SILAPATHER,EAST,AS,ASSAM,5
787060,JON,JON,JONAI,EAST,AS,ASSAM,5
787061,JON,JON,JONAI,EAST,AS,ASSAM,5
787110,SPH,SPH,SILAPATHER,EAST,AS,ASSAM,5
788001,IXS,IXR,SILCHAR,EAST,AS,ASSAM,5
788002,IXS,IXR,SILCHAR,EAST,AS,ASSAM,5
788003,IXS,IXR,SILCHAR,EAST,AS,ASSAM,5
788004,IXS,IXR,SILCHAR,EAST,AS,ASSAM,5
788005,IXS,IXR,SILCHAR,EAST,AS,ASSAM,5
788006,IXS,IXR,SILCHAR,EAST,AS,ASSAM,5
788007,IXS,IXR,SILCHAR,EAST,AS,ASSAM,5
788009,IXS,IXR,SILCHAR,EAST,AS,ASSAM,5
788010,IXS,IXR,SILCHAR,EAST,AS,ASSAM,5
788011,IXS,IXR,SILCHAR,EAST,AS,ASSAM,5
788014,IXS,IXR,SILCHAR,EAST,AS,ASSAM,5
788015,IXS,IXR,SILCHAR,EAST,AS,ASSAM,5
788098,POI,POI,PAILAPOOL,EAST,AS,ASSAM,5
788101,POI,POI,PAILAPOOL,EAST,AS,ASSAM,5
788102,POI,POI,PAILAPOOL,EAST,AS,ASSAM,5
788103,POI,POI,PAILAPOOL,EAST,AS,ASSAM,5
788104,POI,POI,PAILAPOOL,EAST,AS,ASSAM,5
788106,POI,POI,PAILAPOOL,EAST,AS,ASSAM,5
788107,POI,POI,PAILAPOOL,EAST,AS,ASSAM,5
788150,HKL,HKL,HAILAKANDI OFFICE,EAST,AS,ASSAM,5
788151,HKL,HKL,HAILAKANDI OFFICE,EAST,AS,ASSAM,5
788152,HKL,HKL,HAILAKANDI OFFICE,EAST,AS,ASSAM,5
788155,HKL,HKL,HAILAKANDI OFFICE,EAST,AS,ASSAM,5
788160,HKL,HKL,HAILAKANDI OFFICE,EAST,AS,ASSAM,5
788163,HKL,HKL,HAILAKANDI OFFICE,EAST,AS,ASSAM,5
788164,HKL,HKL,HAILAKANDI OFFICE,EAST,AS,ASSAM,5
788165,HKL,HKL,HAILAKANDI OFFICE,EAST,AS,ASSAM,5
788166,HKL,HKL,HAILAKANDI OFFICE,EAST,AS,ASSAM,5
788168,HKL,HKL,HAILAKANDI OFFICE,EAST,AS,ASSAM,5
788709,KMJ,KJA,KARIMGANJ,EAST,AS,ASSAM,5
788710,KMJ,KJA,KARIMGANJ,EAST,AS,ASSAM,5
788711,KMJ,KJA,KARIMGANJ,EAST,AS,ASSAM,5
788712,KMJ,KJA,KARIMGANJ,EAST,AS,ASSAM,5
788713,KMJ,KJA,KARIMGANJ,EAST,AS,ASSAM,5
788719,KMJ,KJA,KARIMGANJ,EAST,AS,ASSAM,5
788720,KMJ,KJA,KARIMGANJ,EAST,AS,ASSAM,5
788722,KMJ,KJA,KARIMGANJ,EAST,AS,ASSAM,5
788723,KMJ,KJA,KARIMGANJ,EAST,AS,ASSAM,5
788733,KMJ,KJA,KARIMGANJ,EAST,AS,ASSAM,5
788781,KMJ,KJA,KARIMGANJ,EAST,AS,ASSAM,5
788802,BXD,BXD,BADARPUR ,EAST,AS,ASSAM,5
788803,BXD,BXD,BADARPUR ,EAST,AS,ASSAM,5
788805,BXD,BXD,BADARPUR ,EAST,AS,ASSAM,5
788806,BXD,BXD,BADARPUR ,EAST,AS,ASSAM,5
791110,NHL,NHL,NAHARLAGUN,EAST,AU,ARUNACHAL PRADESH,6
791111,ITA,ITF,ITANAGAR,EAST,AU,ARUNACHAL PRADESH,6
791113,ITA,ITF,ITANAGAR,EAST,AU,ARUNACHAL PRADESH,6
791123,BNU,BNU,BANDERDEWA,EAST,AS,ASSAM,5
792110,ROG,ROG,ROING OFFICE,EAST,AU,ARUNACHAL PRADESH,6
793001,SHI,SHL,SHILLONG,EAST,MG,MEGHALAYA,6
793002,SHI,SHL,SHILLONG,EAST,MG,MEGHALAYA,6
793003,SHI,SHL,SHILLONG,EAST,MG,MEGHALAYA,6
793004,SHC,SHC,SHILLONG OFFICE,EAST,MG,MEGHALAYA,6
793005,SHC,SHC,SHILLONG OFFICE,EAST,MG,MEGHALAYA,6
793006,SHI,SHL,SHILLONG,EAST,MG,MEGHALAYA,6
793007,SHI,SHL,SHILLONG,EAST,MG,MEGHALAYA,6
793008,SHC,SHC,SHILLONG OFFICE,EAST,MG,MEGHALAYA,6
793010,SHC,SHC,SHILLONG OFFICE,EAST,MG,MEGHALAYA,6
793011,SHC,SHC,SHILLONG OFFICE,EAST,MG,MEGHALAYA,6
793014,SHC,SHC,SHILLONG OFFICE,EAST,MG,MEGHALAYA,6
793017,SHC,SHC,SHILLONG OFFICE,EAST,MG,MEGHALAYA,6
793018,SHC,SHC,SHILLONG OFFICE,EAST,MG,MEGHALAYA,6
793022,SHC,SHC,SHILLONG OFFICE,EAST,MG,MEGHALAYA,6
793150,JOW,JOW,JOWAI,EAST,MG,MEGHALAYA,6
794001,TRA,TRA,TURA,EAST,MG,MEGHALAYA,6
795001,IMP,IML,IMPHAL,EAST,MN,MANIPUR,6
795002,IMO,IMO,IMPHAL OFFICE,EAST,MN,MANIPUR,6
795003,IMO,IMO,IMPHAL OFFICE,EAST,MN,MANIPUR,6
795004,IMP,IML,IMPHAL,EAST,MN,MANIPUR,6
795005,IMO,IMO,IMPHAL OFFICE,EAST,MN,MANIPUR,6
795008,IMP,IML,IMPHAL,EAST,MN,MANIPUR,6
795009,IMO,IMO,IMPHAL OFFICE,EAST,MN,MANIPUR,6
795010,IMO,IMO,IMPHAL OFFICE,EAST,MN,MANIPUR,6
795011,BSN,BSN,BISHNUPUR OFFICE,EAST,MN,MANIPUR,6
795103,KCG,KCG,KAKCHING,EAST,MN,MANIPUR,6
795106,SEN,SEN,SENAPATI,EAST,MN,MANIPUR,6
795126,BSN,BSN,BISHNUPUR OFFICE,EAST,MN,MANIPUR,6
795134,BSN,BSN,BISHNUPUR OFFICE,EAST,MN,MANIPUR,6
795138,THB,THB,THOUBAL OFFICE,EAST,MN,MANIPUR,6
795140,IMO,IMO,IMPHAL OFFICE,EAST,MN,MANIPUR,6
795146,IMO,IMO,IMPHAL OFFICE,EAST,MN,MANIPUR,6
796001,AIX,AIX,AIZAWL,EAST,MZ,MIZORAM,6
796004,AIX,AIX,AIZAWL,EAST,MZ,MIZORAM,6
796005,AIX,AIX,AIZAWL,EAST,MZ,MIZORAM,6
796007,AIX,AIX,AIZAWL,EAST,MZ,MIZORAM,6
796008,AIX,AIX,AIZAWL,EAST,MZ,MIZORAM,6
796009,AIX,AIX,AIZAWL,EAST,MZ,MIZORAM,6
796012,AIX,AIX,AIZAWL,EAST,MZ,MIZORAM,6
796014,AIX,AIX,AIZAWL,EAST,MZ,MIZORAM,6
796691,LGL,LGL,LUNGLEI,EAST,MZ,MIZORAM,6
796701,LGL,LGL,LUNGLEI,EAST,MZ,MIZORAM,6
797001,IKO,IKO,KOHIMA,EAST,NG,NAGALAND,6
797004,IKO,IKO,KOHIMA,EAST,NG,NAGALAND,6
797103,DIM,DIM,DIMAPUR,EAST,NG,NAGALAND,6
797111,WKA,WKA,WOKHA,EAST,NG,NAGALAND,6
797112,DIM,DIM,DIMAPUR,EAST,NG,NAGALAND,6
797113,DIM,DIM,DIMAPUR,EAST,NG,NAGALAND,6
797115,DIM,DIM,DIMAPUR,EAST,NG,NAGALAND,6
797116,DIM,DIM,DIMAPUR,EAST,NG,NAGALAND,6
797117,DIM,DIM,DIMAPUR,EAST,NG,NAGALAND,6
797121,IKO,IKO,KOHIMA,EAST,NG,NAGALAND,6
798601,MOK,MOK,MOKOKCHUNG,EAST,NG,NAGALAND,6
798612,TNG,TNG,TUENSANG,EAST,NG,NAGALAND,6
798618,TUI,TUI,TULI,EAST,NG,NAGALAND,6
798620,ZUN,ZUN,ZUNHEBOTO,EAST,NG,NAGALAND,6
798623,TUI,TUI,TULI,EAST,NG,NAGALAND,6
798627,MOK,MOK,MOKOKCHUNG,EAST,NG,NAGALAND,6
799001,AAG,AGA,AGARTALA SERVICE CENTRE,EAST,TP,TRIPURA,6
799002,AAG,AGA,AGARTALA SERVICE CENTRE,EAST,TP,TRIPURA,6
799003,AAG,AGA,AGARTALA SERVICE CENTRE,EAST,TP,TRIPURA,6
799004,AAG,AGA,AGARTALA SERVICE CENTRE,EAST,TP,TRIPURA,6
799005,AAG,AGA,AGARTALA SERVICE CENTRE,EAST,TP,TRIPURA,6
799006,AAG,AGA,AGARTALA SERVICE CENTRE,EAST,TP,TRIPURA,6
799007,AAG,AGA,AGARTALA SERVICE CENTRE,EAST,TP,TRIPURA,6
799008,AAG,AGA,AGARTALA SERVICE CENTRE,EAST,TP,TRIPURA,6
799009,AAG,AGA,AGARTALA SERVICE CENTRE,EAST,TP,TRIPURA,6
799010,AAG,AGA,AGARTALA SERVICE CENTRE,EAST,TP,TRIPURA,6
799011,AAG,AGA,AGARTALA SERVICE CENTRE,EAST,TP,TRIPURA,6
799012,AAG,AGA,AGARTALA SERVICE CENTRE,EAST,TP,TRIPURA,6
799013,UDA,UDA,UDAIPUR TRIPURA,EAST,TP,TRIPURA,6
799014,AAG,AGA,AGARTALA SERVICE CENTRE,EAST,TP,TRIPURA,6
799015,AAG,AGA,AGARTALA SERVICE CENTRE,EAST,TP,TRIPURA,6
799022,AAG,AGA,AGARTALA SERVICE CENTRE,EAST,TP,TRIPURA,6
799035,AAG,AGA,AGARTALA SERVICE CENTRE,EAST,TP,TRIPURA,6
799046,AAG,AGA,AGARTALA SERVICE CENTRE,EAST,TP,TRIPURA,6
799101,AMP,AMP,AMARPUR,EAST,TP,TRIPURA,6
799103,MEL,MEL,MELAGHAR,EAST,TP,TRIPURA,6
799104,AMP,AMP,AMARPUR,EAST,TP,TRIPURA,6
799105,UDA,UDA,UDAIPUR TRIPURA,EAST,TP,TRIPURA,6
799113,UDA,UDA,UDAIPUR TRIPURA,EAST,TP,TRIPURA,6
799114,UDA,UDA,UDAIPUR TRIPURA,EAST,TP,TRIPURA,6
799115,MEL,MEL,MELAGHAR,EAST,TP,TRIPURA,6
799120,UDA,UDA,UDAIPUR TRIPURA,EAST,TP,TRIPURA,6
799125,UDA,UDA,UDAIPUR TRIPURA,EAST,TP,TRIPURA,6
799130,AAG,AGA,AGARTALA SERVICE CENTRE,EAST,TP,TRIPURA,6
799131,MEL,MEL,MELAGHAR,EAST,TP,TRIPURA,6
799132,MEL,MEL,MELAGHAR,EAST,TP,TRIPURA,6
799204,DNT,DNT,AMBASA,EAST,TP,TRIPURA,6
799210,AAG,AGA,AGARTALA SERVICE CENTRE,EAST,TP,TRIPURA,6
799211,AAG,AGA,AGARTALA SERVICE CENTRE,EAST,TP,TRIPURA,6
799250,DGR,DGR,DHARMANAGAR,EAST,TP,TRIPURA,6
799253,DGR,DGR,DHARMANAGAR,EAST,TP,TRIPURA,6
799254,DGR,DGR,DHARMANAGAR,EAST,TP,TRIPURA,6
799256,DGR,DGR,DHARMANAGAR,EAST,TP,TRIPURA,6
799260,PCL,PCL,PECHARTHAL,EAST,TP,TRIPURA,6
799261,DGR,DGR,DHARMANAGAR,EAST,TP,TRIPURA,6
799263,PCL,PCL,PECHARTHAL,EAST,TP,TRIPURA,6
799264,PCL,PCL,PECHARTHAL,EAST,TP,TRIPURA,6
799270,PCL,PCL,PECHARTHAL,EAST,TP,TRIPURA,6
799277,KSR,KSR,KAILASHAHAR,EAST,TP,TRIPURA,6
799278,DNT,DNT,AMBASA,EAST,TP,TRIPURA,6
799279,KSR,KSR,KAILASHAHAR,EAST,TP,TRIPURA,6
799280,KSR,KSR,KAILASHAHAR,EAST,TP,TRIPURA,6
799281,KSR,KSR,KAILASHAHAR,EAST,TP,TRIPURA,6
799282,KSR,KSR,KAILASHAHAR,EAST,TP,TRIPURA,6
799287,DNT,DNT,AMBASA,EAST,TP,TRIPURA,6
799289,DNT,DNT,AMBASA,EAST,TP,TRIPURA,6
800001,PAT,PAA,PATNA SERVICE CENTRE,EAST,BH,BIHAR,5
800002,PAT,ASX,PATNA ANISABAD PUD,EAST,BH,BIHAR,5
800003,PAT,PAA,PATNA SERVICE CENTRE,EAST,BH,BIHAR,5
800004,PAT,PAA,PATNA SERVICE CENTRE,EAST,BH,BIHAR,5
800005,PAT,PAA,PATNA SERVICE CENTRE,EAST,BH,BIHAR,5
800006,PAT,PNX,PATNA ETAIL PUD,EAST,BH,BIHAR,5
800007,PAT,PXX,PATNA PAX,EAST,BH,BIHAR,5
800008,PAT,PXX,PATNA PAX,EAST,BH,BIHAR,5
800009,PAT,PXX,PATNA PAX,EAST,BH,BIHAR,5
800010,PAT,PAA,PATNA SERVICE CENTRE,EAST,BH,BIHAR,5
800011,PAT,PAA,PATNA SERVICE CENTRE,EAST,BH,BIHAR,5
800012,PAT,PAA,PATNA SERVICE CENTRE,EAST,BH,BIHAR,5
800013,PAT,PAA,PATNA SERVICE CENTRE,EAST,BH,BIHAR,5
800014,PAT,PAA,PATNA SERVICE CENTRE,EAST,BH,BIHAR,5
800015,PAT,ASX,PATNA ANISABAD PUD,EAST,BH,BIHAR,5
800016,PAT,PAA,PATNA SERVICE CENTRE,EAST,BH,BIHAR,5
800017,PAT,PAA,PATNA SERVICE CENTRE,EAST,BH,BIHAR,5
800018,PAT,PAA,PATNA SERVICE CENTRE,EAST,BH,BIHAR,5
800019,PAT,PAA,PATNA SERVICE CENTRE,EAST,BH,BIHAR,5
800020,PAT,PNX,PATNA ETAIL PUD,EAST,BH,BIHAR,5
800021,PAT,PAA,PATNA SERVICE CENTRE,EAST,BH,BIHAR,5
800022,PAT,ASX,PATNA ANISABAD PUD,EAST,BH,BIHAR,5
800023,PAT,ASX,PATNA ANISABAD PUD,EAST,BH,BIHAR,5
800024,PAT,PAA,PATNA SERVICE CENTRE,EAST,BH,BIHAR,5
800025,PAT,ASX,PATNA ANISABAD PUD,EAST,BH,BIHAR,5
800026,PAT,PXX,PATNA PAX,EAST,BH,BIHAR,5
800027,PAT,PXX,PATNA PAX,EAST,BH,BIHAR,5
800028,PAT,PAA,PATNA SERVICE CENTRE,EAST,BH,BIHAR,5
800030,PAT,PXX,PATNA PAX,EAST,BH,BIHAR,5
801102,BTE,BTE,BIHTA OFFICE,EAST,BH,BIHAR,5
801103,BTE,BTE,BIHTA OFFICE,EAST,BH,BIHAR,5
801104,BTE,BTE,BIHTA OFFICE,EAST,BH,BIHAR,5
801105,DNP,DNP,DANAPUR,EAST,BH,BIHAR,5
801106,BTE,BTE,BIHTA OFFICE,EAST,BH,BIHAR,5
801108,BTE,BTE,BIHTA OFFICE,EAST,BH,BIHAR,5
801109,BTE,BTE,BIHTA OFFICE,EAST,BH,BIHAR,5
801110,ARW,ARW,ARWAL OFFICE,EAST,BH,BIHAR,5
801111,BTE,BTE,BIHTA OFFICE,EAST,BH,BIHAR,5
801112,BTE,BTE,BIHTA OFFICE,EAST,BH,BIHAR,5
801113,BTE,BTE,BIHTA OFFICE,EAST,BH,BIHAR,5
801302,BSF,BSF,BIHARSHARIF OFFICE,EAST,BH,BIHAR,5
801304,FAT,FAT,FATUHA,EAST,BH,BIHAR,5
801306,JBD,JBD,JAHANABAD,EAST,BH,BIHAR,5
801501,PAT,ASX,PATNA ANISABAD PUD,EAST,BH,BIHAR,5
801503,DNP,DNP,DANAPUR,EAST,BH,BIHAR,5
801505,PWS,PWS,PHULWARISHARIF,EAST,BH,BIHAR,5
801506,PAT,ASX,PATNA ANISABAD PUD,EAST,BH,BIHAR,5
801507,PWS,PWS,PHULWARISHARIF,EAST,BH,BIHAR,5
802101,BUV,BUV,BUXAR,EAST,BH,BIHAR,5
802102,BUX,BUX,BUXAR OFFICE,EAST,BH,BIHAR,5
802103,BUX,BUX,BUXAR OFFICE,EAST,BH,BIHAR,5
802111,BUX,BUX,BUXAR OFFICE,EAST,BH,BIHAR,5
802112,BYH,BYH,BIHIYA OFFICE,EAST,BH,BIHAR,5
802113,BUX,BUX,BUXAR OFFICE,EAST,BH,BIHAR,5
802116,BUX,BUX,BUXAR OFFICE,EAST,BH,BIHAR,5
802117,BUX,BUX,BUXAR OFFICE,EAST,BH,BIHAR,5
802118,BUX,BUX,BUXAR OFFICE,EAST,BH,BIHAR,5
802119,BUV,BUV,BUXAR,EAST,BH,BIHAR,5
802120,BUX,BUX,BUXAR OFFICE,EAST,BH,BIHAR,5
802122,BUX,BUX,BUXAR OFFICE,EAST,BH,BIHAR,5
802123,BUX,BUX,BUXAR OFFICE,EAST,BH,BIHAR,5
802125,BKG,BKG,BIKRAMGANJ OFFICE,EAST,BH,BIHAR,5
802126,BUX,BUX,BUXAR OFFICE,EAST,BH,BIHAR,5
802130,BYH,BYH,BIHIYA OFFICE,EAST,BH,BIHAR,5
802133,BUX,BUX,BUXAR OFFICE,EAST,BH,BIHAR,5
802134,BYH,BYH,BIHIYA OFFICE,EAST,BH,BIHAR,5
802135,BUX,BUX,BUXAR OFFICE,EAST,BH,BIHAR,5
802136,BUX,BUX,BUXAR OFFICE,EAST,BH,BIHAR,5
802151,BYH,BYH,BIHIYA OFFICE,EAST,BH,BIHAR,5
802152,BYH,BYH,BIHIYA OFFICE,EAST,BH,BIHAR,5
802153,BYH,BYH,BIHIYA OFFICE,EAST,BH,BIHAR,5
802154,BYH,BYH,BIHIYA OFFICE,EAST,BH,BIHAR,5
802156,ARH,ARH,ARRAH OFFICE,EAST,BH,BIHAR,5
802157,ARH,ARH,ARRAH OFFICE,EAST,BH,BIHAR,5
802158,BYH,BYH,BIHIYA OFFICE,EAST,BH,BIHAR,5
802159,BKG,BKG,BIKRAMGANJ OFFICE,EAST,BH,BIHAR,5
802160,ARH,ARH,ARRAH OFFICE,EAST,BH,BIHAR,5
802161,ARH,ARH,ARRAH OFFICE,EAST,BH,BIHAR,5
802162,ARH,ARH,ARRAH OFFICE,EAST,BH,BIHAR,5
802163,ARH,ARH,ARRAH OFFICE,EAST,BH,BIHAR,5
802165,BYH,BYH,BIHIYA OFFICE,EAST,BH,BIHAR,5
802166,BYH,BYH,BIHIYA OFFICE,EAST,BH,BIHAR,5
802183,BYH,BYH,BIHIYA OFFICE,EAST,BH,BIHAR,5
802201,ARH,ARH,ARRAH OFFICE,EAST,BH,BIHAR,5
802202,BKG,BKG,BIKRAMGANJ OFFICE,EAST,BH,BIHAR,5
802203,ARH,ARH,ARRAH OFFICE,EAST,BH,BIHAR,5
802204,BKG,BKG,BIKRAMGANJ OFFICE,EAST,BH,BIHAR,5
802205,BKG,BKG,BIKRAMGANJ OFFICE,EAST,BH,BIHAR,5
802206,ARH,ARH,ARRAH OFFICE,EAST,BH,BIHAR,5
802207,BKG,BKG,BIKRAMGANJ OFFICE,EAST,BH,BIHAR,5
802209,BKG,BKG,BIKRAMGANJ OFFICE,EAST,BH,BIHAR,5
802210,ARH,ARH,ARRAH OFFICE,EAST,BH,BIHAR,5
802211,BKG,BKG,BIKRAMGANJ OFFICE,EAST,BH,BIHAR,5
802212,BKG,BKG,BIKRAMGANJ OFFICE,EAST,BH,BIHAR,5
802213,BKG,BKG,BIKRAMGANJ OFFICE,EAST,BH,BIHAR,5
802214,BKG,BKG,BIKRAMGANJ OFFICE,EAST,BH,BIHAR,5
802215,SSR,SSR,SASARAM,EAST,BH,BIHAR,5
802216,BKG,BKG,BIKRAMGANJ OFFICE,EAST,BH,BIHAR,5
802217,SSR,SSR,SASARAM,EAST,BH,BIHAR,5
802218,BKG,BKG,BIKRAMGANJ OFFICE,EAST,BH,BIHAR,5
802220,BKG,BKG,BIKRAMGANJ OFFICE,EAST,BH,BIHAR,5
802221,BKG,BKG,BIKRAMGANJ OFFICE,EAST,BH,BIHAR,5
802223,BKG,BKG,BIKRAMGANJ OFFICE,EAST,BH,BIHAR,5
802226,BKG,BKG,BIKRAMGANJ OFFICE,EAST,BH,BIHAR,5
802229,BYH,BYH,BIHIYA OFFICE,EAST,BH,BIHAR,5
802301,ARQ,ARQ,ARRAH RSP,EAST,BH,BIHAR,5
802302,ARQ,ARQ,ARRAH RSP,EAST,BH,BIHAR,5
802311,ARH,ARH,ARRAH OFFICE,EAST,BH,BIHAR,5
802312,ARH,ARH,ARRAH OFFICE,EAST,BH,BIHAR,5
802314,ARH,ARH,ARRAH OFFICE,EAST,BH,BIHAR,5
802316,ARH,ARH,ARRAH OFFICE,EAST,BH,BIHAR,5
802351,BYH,BYH,BIHIYA OFFICE,EAST,BH,BIHAR,5
802352,ARH,ARH,ARRAH OFFICE,EAST,BH,BIHAR,5
803101,BSF,BSF,BIHARSHARIF OFFICE,EAST,BH,BIHAR,5
803110,BAX,BAX,BAARH OFFICE,EAST,BH,BIHAR,5
803111,BSF,BSF,BIHARSHARIF OFFICE,EAST,BH,BIHAR,5
803113,BSF,BSF,BIHARSHARIF OFFICE,EAST,BH,BIHAR,5
803114,BSF,BSF,BIHARSHARIF OFFICE,EAST,BH,BIHAR,5
803115,BSF,BSF,BIHARSHARIF OFFICE,EAST,BH,BIHAR,5
803116,BSF,BSF,BIHARSHARIF OFFICE,EAST,BH,BIHAR,5
803117,BSF,BSF,BIHARSHARIF OFFICE,EAST,BH,BIHAR,5
803118,BSF,BSF,BIHARSHARIF OFFICE,EAST,BH,BIHAR,5
803121,BSF,BSF,BIHARSHARIF OFFICE,EAST,BH,BIHAR,5
803201,FAT,FAT,FATUHA,EAST,BH,BIHAR,5
803202,FAT,FAT,FATUHA,EAST,BH,BIHAR,5
803203,FAT,FAT,FATUHA,EAST,BH,BIHAR,5
803211,BAX,BAX,BAARH OFFICE,EAST,BH,BIHAR,5
803212,BAX,BAX,BAARH OFFICE,EAST,BH,BIHAR,5
803213,BAX,BAX,BAARH OFFICE,EAST,BH,BIHAR,5
803214,BAX,BAX,BAARH OFFICE,EAST,BH,BIHAR,5
803215,BAX,BAX,BAARH OFFICE,EAST,BH,BIHAR,5
803221,BAX,BAX,BAARH OFFICE,EAST,BH,BIHAR,5
803301,MOA,MOA,MOKAMA OFFICE,EAST,BH,BIHAR,5
803302,MOA,MOA,MOKAMA OFFICE,EAST,BH,BIHAR,5
803303,MOA,MOA,MOKAMA OFFICE,EAST,BH,BIHAR,5
803306,MOA,MOA,MOKAMA OFFICE,EAST,BH,BIHAR,5
803307,BAX,BAX,BAARH OFFICE,EAST,BH,BIHAR,5
804401,ARW,ARW,ARWAL OFFICE,EAST,BH,BIHAR,5
804402,ARW,ARW,ARWAL OFFICE,EAST,BH,BIHAR,5
804404,GAG,GAG,GAYA OFFICE,EAST,BH,BIHAR,5
804406,JBD,JBD,JAHANABAD,EAST,BH,BIHAR,5
804408,JBD,JBD,JAHANABAD,EAST,BH,BIHAR,5
804417,JBD,JBD,JAHANABAD,EAST,BH,BIHAR,5
804418,JBD,JBD,JAHANABAD,EAST,BH,BIHAR,5
804419,ARW,ARW,ARWAL OFFICE,EAST,BH,BIHAR,5
804420,JBD,JBD,JAHANABAD,EAST,BH,BIHAR,5
804422,JBD,JBD,JAHANABAD,EAST,BH,BIHAR,5
804423,JBD,JBD,JAHANABAD,EAST,BH,BIHAR,5
804424,JBD,JBD,JAHANABAD,EAST,BH,BIHAR,5
804425,JBD,JBD,JAHANABAD,EAST,BH,BIHAR,5
804426,ARW,ARW,ARWAL OFFICE,EAST,BH,BIHAR,5
804427,JBD,JBD,JAHANABAD,EAST,BH,BIHAR,5
804429,JBD,JBD,JAHANABAD,EAST,BH,BIHAR,5
804430,ARW,ARW,ARWAL OFFICE,EAST,BH,BIHAR,5
804432,JBD,JBD,JAHANABAD,EAST,BH,BIHAR,5
804434,JBD,JBD,JAHANABAD,EAST,BH,BIHAR,5
804451,MSU,MSU,MASAURHI OFFICE,EAST,BH,BIHAR,5
804452,MSU,MSU,MASAURHI OFFICE,EAST,BH,BIHAR,5
804453,MSU,MSU,MASAURHI OFFICE,EAST,BH,BIHAR,5
804454,JBD,JBD,JAHANABAD,EAST,BH,BIHAR,5
805102,NWX,NWX,NAWADA OFFICE,EAST,BH,BIHAR,5
805103,NWX,NWX,NAWADA OFFICE,EAST,BH,BIHAR,5
805104,NWX,NWX,NAWADA OFFICE,EAST,BH,BIHAR,5
805106,NWX,NWX,NAWADA OFFICE,EAST,BH,BIHAR,5
805107,NWX,NWX,NAWADA OFFICE,EAST,BH,BIHAR,5
805108,NWX,NWX,NAWADA OFFICE,EAST,BH,BIHAR,5
805109,NWX,NWX,NAWADA OFFICE,EAST,BH,BIHAR,5
805110,NWX,NWX,NAWADA OFFICE,EAST,BH,BIHAR,5
805111,NWX,NWX,NAWADA OFFICE,EAST,BH,BIHAR,5
805112,NWX,NWX,NAWADA OFFICE,EAST,BH,BIHAR,5
805113,NWX,NWX,NAWADA OFFICE,EAST,BH,BIHAR,5
805121,NWX,NWX,NAWADA OFFICE,EAST,BH,BIHAR,5
805122,NWX,NWX,NAWADA OFFICE,EAST,BH,BIHAR,5
805123,NWX,NWX,NAWADA OFFICE,EAST,BH,BIHAR,5
805124,NWX,NWX,NAWADA OFFICE,EAST,BH,BIHAR,5
805125,NWX,NWX,NAWADA OFFICE,EAST,BH,BIHAR,5
805126,NWX,NWX,NAWADA OFFICE,EAST,BH,BIHAR,5
805127,NWX,NWX,NAWADA OFFICE,EAST,BH,BIHAR,5
805129,NWX,NWX,NAWADA OFFICE,EAST,BH,BIHAR,5
805130,NWX,NWX,NAWADA OFFICE,EAST,BH,BIHAR,5
805131,GAG,GAG,GAYA OFFICE,EAST,BH,BIHAR,5
805132,NWX,NWX,NAWADA OFFICE,EAST,BH,BIHAR,5
805133,NWX,NWX,NAWADA OFFICE,EAST,BH,BIHAR,5
805141,NWX,NWX,NAWADA OFFICE,EAST,BH,BIHAR,5
805236,NWX,NWX,NAWADA OFFICE,EAST,BH,BIHAR,5
811101,SHK,SHK,SHEKHAPURA OFFICE,EAST,BH,BIHAR,5
811102,SHK,SHK,SHEKHAPURA OFFICE,EAST,BH,BIHAR,5
811103,SHK,SHK,SHEKHAPURA OFFICE,EAST,BH,BIHAR,5
811104,SHK,SHK,SHEKHAPURA OFFICE,EAST,BH,BIHAR,5
811105,SHK,SHK,SHEKHAPURA OFFICE,EAST,BH,BIHAR,5
811106,LAK,LAK,LAKHISARAI OFFICE,EAST,BH,BIHAR,5
811107,LAK,LAK,LAKHISARAI OFFICE,EAST,BH,BIHAR,5
811112,LAK,LAK,LAKHISARAI OFFICE,EAST,BH,BIHAR,5
811201,MNG,MER,MUNGER,EAST,BH,BIHAR,5
811202,MNG,MER,MUNGER,EAST,BH,BIHAR,5
811211,MGX,MGX,MUNGER OFFICE,EAST,BH,BIHAR,5
811212,MGX,MGX,MUNGER OFFICE,EAST,BH,BIHAR,5
811213,MGX,MGX,MUNGER OFFICE,EAST,BH,BIHAR,5
811214,JML,JML,JAMALPUR,EAST,BH,BIHAR,5
811302,LAK,LAK,LAKHISARAI OFFICE,EAST,BH,BIHAR,5
811305,JMI,JMI,JAMUI OFFICE,EAST,BH,BIHAR,5
811307,JMI,JMI,JAMUI OFFICE,EAST,BH,BIHAR,5
811308,JMI,JMI,JAMUI OFFICE,EAST,BH,BIHAR,5
811309,LAK,LAK,LAKHISARAI OFFICE,EAST,BH,BIHAR,5
811310,LAK,LAK,LAKHISARAI OFFICE,EAST,BH,BIHAR,5
811311,LAK,LAK,LAKHISARAI OFFICE,EAST,BH,BIHAR,5
811312,JMI,JMI,JAMUI OFFICE,EAST,BH,BIHAR,5
811313,JMI,JMI,JAMUI OFFICE,EAST,BH,BIHAR,5
811315,JMI,JMI,JAMUI OFFICE,EAST,BH,BIHAR,5
811317,JMI,JMI,JAMUI OFFICE,EAST,BH,BIHAR,5
811538,SWA,SWA,SIWAN OFFICE,EAST,BH,BIHAR,5
812001,BGE,BGE,BHAGALPUR OFFICE,EAST,BH,BIHAR,5
812002,BGE,BGE,BHAGALPUR OFFICE,EAST,BH,BIHAR,5
812003,BGE,BGE,BHAGALPUR OFFICE,EAST,BH,BIHAR,5
812004,BGE,BGE,BHAGALPUR OFFICE,EAST,BH,BIHAR,5
812005,BGE,BGE,BHAGALPUR OFFICE,EAST,BH,BIHAR,5
812006,BGE,BGE,BHAGALPUR OFFICE,EAST,BH,BIHAR,5
812007,BGE,BGE,BHAGALPUR OFFICE,EAST,BH,BIHAR,5
813101,BKA,BKA,BANKA OFFICE,EAST,BH,BIHAR,5
813102,BKA,BKA,BANKA OFFICE,EAST,BH,BIHAR,5
813103,BKA,BKA,BANKA OFFICE,EAST,BH,BIHAR,5
813104,BKA,BKA,BANKA OFFICE,EAST,BH,BIHAR,5
813105,BGE,BGE,BHAGALPUR OFFICE,EAST,BH,BIHAR,5
813107,BKA,BKA,BANKA OFFICE,EAST,BH,BIHAR,5
813108,BGE,BGE,BHAGALPUR OFFICE,EAST,BH,BIHAR,5
813109,BKA,BKA,BANKA OFFICE,EAST,BH,BIHAR,5
813110,BKA,BKA,BANKA OFFICE,EAST,BH,BIHAR,5
813113,BGE,BGE,BHAGALPUR OFFICE,EAST,BH,BIHAR,5
813203,KAG,KAG,KAHALGAON OFFICE,EAST,BH,BIHAR,5
813204,KAG,KAG,KAHALGAON OFFICE,EAST,BH,BIHAR,5
813205,KAG,KAG,KAHALGAON OFFICE,EAST,BH,BIHAR,5
813206,KAG,KAG,KAHALGAON OFFICE,EAST,BH,BIHAR,5
813207,BKA,BKA,BANKA OFFICE,EAST,BH,BIHAR,5
813208,SBG,SBG,SAHIBGANJ,EAST,JH,JHARKHAND,5
813209,KAG,KAG,KAHALGAON OFFICE,EAST,BH,BIHAR,5
813210,BGE,BGE,BHAGALPUR OFFICE,EAST,BH,BIHAR,5
813211,BKA,BKA,BANKA OFFICE,EAST,BH,BIHAR,5
813213,BGE,BGE,BHAGALPUR OFFICE,EAST,BH,BIHAR,5
813214,KAG,KAG,KAHALGAON OFFICE,EAST,BH,BIHAR,5
813221,MGX,MGX,MUNGER OFFICE,EAST,BH,BIHAR,5
813222,KAG,KAG,KAHALGAON OFFICE,EAST,BH,BIHAR,5
814101,DUM,DUM,DUMKA OFFICE,EAST,JH,JHARKHAND,5
814102,DUM,DUM,DUMKA OFFICE,EAST,JH,JHARKHAND,5
814103,DUM,DUM,DUMKA OFFICE,EAST,JH,JHARKHAND,5
814110,DUM,DUM,DUMKA OFFICE,EAST,JH,JHARKHAND,5
814111,PKU,PKU,PAKUR OFFICE,EAST,JH,JHARKHAND,5
814112,DEG,DGH,DEOGHAR,EAST,JH,JHARKHAND,5
814113,DGA,DGA,DEOGHAR OFFICE,EAST,JH,JHARKHAND,5
814114,DGA,DGA,DEOGHAR OFFICE,EAST,JH,JHARKHAND,5
814115,DGA,DGA,DEOGHAR OFFICE,EAST,JH,JHARKHAND,5
814116,DGA,DGA,DEOGHAR OFFICE,EAST,JH,JHARKHAND,5
814118,DUM,DUM,DUMKA OFFICE,EAST,JH,JHARKHAND,5
814119,DUM,DUM,DUMKA OFFICE,EAST,JH,JHARKHAND,5
814120,DGA,DGA,DEOGHAR OFFICE,EAST,JH,JHARKHAND,5
814122,DGA,DGA,DEOGHAR OFFICE,EAST,JH,JHARKHAND,5
814133,GDA,GDA,GODDA OFFICE,EAST,JH,JHARKHAND,5
814141,DUM,DUM,DUMKA OFFICE,EAST,JH,JHARKHAND,5
814142,DGA,DGA,DEOGHAR OFFICE,EAST,JH,JHARKHAND,5
814143,DGA,DGA,DEOGHAR OFFICE,EAST,JH,JHARKHAND,5
814144,DUM,DUM,DUMKA OFFICE,EAST,JH,JHARKHAND,5
814145,DUM,DUM,DUMKA OFFICE,EAST,JH,JHARKHAND,5
814147,GDA,GDA,GODDA OFFICE,EAST,JH,JHARKHAND,5
814148,DUM,DUM,DUMKA OFFICE,EAST,JH,JHARKHAND,5
814150,DGA,DGA,DEOGHAR OFFICE,EAST,JH,JHARKHAND,5
814153,GDA,GDA,GODDA OFFICE,EAST,JH,JHARKHAND,5
814154,GDA,GDA,GODDA OFFICE,EAST,JH,JHARKHAND,5
814156,GDA,GDA,GODDA OFFICE,EAST,JH,JHARKHAND,5
814157,DGA,DGA,DEOGHAR OFFICE,EAST,JH,JHARKHAND,5
814158,DUM,DUM,DUMKA OFFICE,EAST,JH,JHARKHAND,5
814160,KAG,KAG,KAHALGAON OFFICE,EAST,BH,BIHAR,5
814165,GDA,GDA,GODDA OFFICE,EAST,JH,JHARKHAND,5
814166,JMT,JMT,JAMTARA OFFICE,EAST,JH,JHARKHAND,5
814167,DUM,DUM,DUMKA OFFICE,EAST,JH,JHARKHAND,5
815301,GIR,GIR,GIRIDIH OFFICE,EAST,JH,JHARKHAND,5
815302,GIR,GIR,GIRIDIH OFFICE,EAST,JH,JHARKHAND,5
815311,GIR,GIR,GIRIDIH OFFICE,EAST,JH,JHARKHAND,5
815312,GIR,GIR,GIRIDIH OFFICE,EAST,JH,JHARKHAND,5
815351,JMT,JMT,JAMTARA OFFICE,EAST,JH,JHARKHAND,5
815352,JMT,JMT,JAMTARA OFFICE,EAST,JH,JHARKHAND,5
815354,JMT,JMT,JAMTARA OFFICE,EAST,JH,JHARKHAND,5
815355,JMT,JMT,JAMTARA OFFICE,EAST,JH,JHARKHAND,5
815357,JMT,JMT,JAMTARA OFFICE,EAST,JH,JHARKHAND,5
816104,PKU,PKU,PAKUR OFFICE,EAST,JH,JHARKHAND,5
816107,PKU,PKU,PAKUR OFFICE,EAST,JH,JHARKHAND,5
816108,SBG,SBG,SAHIBGANJ,EAST,JH,JHARKHAND,5
816109,SBG,SBG,SAHIBGANJ,EAST,JH,JHARKHAND,5
816115,SBG,SBG,SAHIBGANJ,EAST,JH,JHARKHAND,5
816116,SBG,SBG,SAHIBGANJ,EAST,JH,JHARKHAND,5
816118,DUM,DUM,DUMKA OFFICE,EAST,JH,JHARKHAND,5
816120,SBG,SBG,SAHIBGANJ,EAST,JH,JHARKHAND,5
816129,SBG,SBG,SAHIBGANJ,EAST,JH,JHARKHAND,5
821101,KMU,KMU,BHABHUA,EAST,BH,BIHAR,5
821102,KMU,KMU,BHABHUA,EAST,BH,BIHAR,5
821103,KMU,KMU,BHABHUA,EAST,BH,BIHAR,5
821106,KMU,KMU,BHABHUA,EAST,BH,BIHAR,5
821107,SSR,SSR,SASARAM,EAST,BH,BIHAR,5
821108,KMU,KMU,BHABHUA,EAST,BH,BIHAR,5
821109,KMU,KMU,BHABHUA,EAST,BH,BIHAR,5
821111,SSR,SSR,SASARAM,EAST,BH,BIHAR,5
821112,SSR,SSR,SASARAM,EAST,BH,BIHAR,5
821115,SSR,SSR,SASARAM,EAST,BH,BIHAR,5
821307,SSR,SSR,SASARAM,EAST,BH,BIHAR,5
821309,BKG,BKG,BIKRAMGANJ OFFICE,EAST,BH,BIHAR,5
821310,BKG,BKG,BIKRAMGANJ OFFICE,EAST,BH,BIHAR,5
822101,DLT,DLT,DALTONGUNJ,EAST,JH,JHARKHAND,5
822102,DLT,DLT,DALTONGUNJ,EAST,JH,JHARKHAND,5
822111,DLT,DLT,DALTONGUNJ,EAST,JH,JHARKHAND,5
822114,GRW,GRW,GARHWA OFFICE,EAST,JH,JHARKHAND,5
822121,GRW,GRW,GARHWA OFFICE,EAST,JH,JHARKHAND,5
822124,GRW,GRW,GARHWA OFFICE,EAST,JH,JHARKHAND,5
822128,GRW,GRW,GARHWA OFFICE,EAST,JH,JHARKHAND,5
822132,GRW,GRW,GARHWA OFFICE,EAST,JH,JHARKHAND,5
822133,GRW,GRW,GARHWA OFFICE,EAST,JH,JHARKHAND,5
823001,GAG,GAG,GAYA OFFICE,EAST,BH,BIHAR,5
823002,GAG,GAG,GAYA OFFICE,EAST,BH,BIHAR,5
823003,GAG,GAG,GAYA OFFICE,EAST,BH,BIHAR,5
823004,GAG,GAG,GAYA OFFICE,EAST,BH,BIHAR,5
823005,GAG,GAG,GAYA OFFICE,EAST,BH,BIHAR,5
824101,AUG,AUG,AURANGABAD BH UFO,EAST,BH,BIHAR,5
824102,AUG,AUG,AURANGABAD BH UFO,EAST,BH,BIHAR,5
824103,AUG,AUG,AURANGABAD BH UFO,EAST,BH,BIHAR,5
824111,AUG,AUG,AURANGABAD BH UFO,EAST,BH,BIHAR,5
824112,AUG,AUG,AURANGABAD BH UFO,EAST,BH,BIHAR,5
824113,AUG,AUG,AURANGABAD BH UFO,EAST,BH,BIHAR,5
824114,AUG,AUG,AURANGABAD BH UFO,EAST,BH,BIHAR,5
824120,ARW,ARW,ARWAL OFFICE,EAST,BH,BIHAR,5
824121,AUG,AUG,AURANGABAD BH UFO,EAST,BH,BIHAR,5
824123,AUG,AUG,AURANGABAD BH UFO,EAST,BH,BIHAR,5
824124,AUG,AUG,AURANGABAD BH UFO,EAST,BH,BIHAR,5
824143,AUG,AUG,AURANGABAD BH UFO,EAST,BH,BIHAR,5
824202,AUG,AUG,AURANGABAD BH UFO,EAST,BH,BIHAR,5
824231,GAG,GAG,GAYA OFFICE,EAST,BH,BIHAR,5
824301,AUG,AUG,AURANGABAD BH UFO,EAST,BH,BIHAR,5
824302,AUG,AUG,AURANGABAD BH UFO,EAST,BH,BIHAR,5
824303,AUG,AUG,AURANGABAD BH UFO,EAST,BH,BIHAR,5
825101,GOA,GOA,GOLA OFFICE,EAST,JH,JHARKHAND,5
825102,PSO,PSO,PHUSRO OFFICE,EAST,JH,JHARKHAND,5
825103,CTA,CTA,CHATRA,EAST,JH,JHARKHAND,5
825301,HAZ,HAZ,HAZARIBAG OFFICE,EAST,JH,JHARKHAND,5
825302,HAZ,HAZ,HAZARIBAG OFFICE,EAST,JH,JHARKHAND,5
825314,RMM,RMM,RAMGARH BDEL,EAST,JH,JHARKHAND,5
825316,RMM,RMM,RAMGARH BDEL,EAST,JH,JHARKHAND,5
825325,RMM,RMM,RAMGARH BDEL,EAST,JH,JHARKHAND,5
825330,RMM,RMM,RAMGARH BDEL,EAST,JH,JHARKHAND,5
825336,HAZ,HAZ,HAZARIBAG OFFICE,EAST,JH,JHARKHAND,5
825401,CTA,CTA,CHATRA,EAST,JH,JHARKHAND,5
825402,HAZ,HAZ,HAZARIBAG OFFICE,EAST,JH,JHARKHAND,5
825403,CTA,CTA,CHATRA,EAST,JH,JHARKHAND,5
825404,CTA,CTA,CHATRA,EAST,JH,JHARKHAND,5
825407,KEM,KEM,KODERMA OFFICE,EAST,JH,JHARKHAND,5
825408,CTA,CTA,CHATRA,EAST,JH,JHARKHAND,5
825409,KEM,KEM,KODERMA OFFICE,EAST,JH,JHARKHAND,5
825410,KEM,KEM,KODERMA OFFICE,EAST,JH,JHARKHAND,5
825413,KEM,KEM,KODERMA OFFICE,EAST,JH,JHARKHAND,5
825418,KEM,KEM,KODERMA OFFICE,EAST,JH,JHARKHAND,5
825421,KEM,KEM,KODERMA OFFICE,EAST,JH,JHARKHAND,5
826001,DBD,DBD,DHANBAD BDEL,EAST,JH,JHARKHAND,5
826003,DBD,DBD,DHANBAD BDEL,EAST,JH,JHARKHAND,5
826004,DBD,DBD,DHANBAD BDEL,EAST,JH,JHARKHAND,5
826005,DBD,DBD,DHANBAD BDEL,EAST,JH,JHARKHAND,5
826006,DBD,DBD,DHANBAD BDEL,EAST,JH,JHARKHAND,5
826106,DBD,DBD,DHANBAD BDEL,EAST,JH,JHARKHAND,5
827001,BOK,BOK,BOKARO,EAST,JH,JHARKHAND,5
827003,BOK,BOK,BOKARO,EAST,JH,JHARKHAND,5
827004,BOK,BOK,BOKARO,EAST,JH,JHARKHAND,5
827006,BOK,BOK,BOKARO,EAST,JH,JHARKHAND,5
827009,BOK,BOK,BOKARO,EAST,JH,JHARKHAND,5
827010,BOK,BOK,BOKARO,EAST,JH,JHARKHAND,5
827012,BOK,BOK,BOKARO,EAST,JH,JHARKHAND,5
827013,BOK,BOK,BOKARO,EAST,JH,JHARKHAND,5
827014,BOK,BOK,BOKARO,EAST,JH,JHARKHAND,5
827015,BOK,BOK,BOKARO,EAST,JH,JHARKHAND,5
827302,GOA,GOA,GOLA OFFICE,EAST,JH,JHARKHAND,5
827611,BOK,BOK,BOKARO,EAST,JH,JHARKHAND,5
828101,DBD,DBD,DHANBAD BDEL,EAST,JH,JHARKHAND,5
828103,DBD,DBD,DHANBAD BDEL,EAST,JH,JHARKHAND,5
828104,DBD,DBD,DHANBAD BDEL,EAST,JH,JHARKHAND,5
828105,DBD,DBD,DHANBAD BDEL,EAST,JH,JHARKHAND,5
828106,DBD,DBD,DHANBAD BDEL,EAST,JH,JHARKHAND,5
828107,SNU,SNU,SINDRI OFFICE,EAST,JH,JHARKHAND,5
828108,SNU,SNU,SINDRI OFFICE,EAST,JH,JHARKHAND,5
828109,DBD,DBD,DHANBAD BDEL,EAST,JH,JHARKHAND,5
828110,DBD,DBD,DHANBAD BDEL,EAST,JH,JHARKHAND,5
828111,DBD,DBD,DHANBAD BDEL,EAST,JH,JHARKHAND,5
828112,DBD,DBD,DHANBAD BDEL,EAST,JH,JHARKHAND,5
828113,GMO,GMO,GOMOH OFFICE,EAST,JH,JHARKHAND,5
828114,DBD,DBD,DHANBAD BDEL,EAST,JH,JHARKHAND,5
828115,DBD,DBD,DHANBAD BDEL,EAST,JH,JHARKHAND,5
828116,DBD,DBD,DHANBAD BDEL,EAST,JH,JHARKHAND,5
828117,DBD,DBD,DHANBAD BDEL,EAST,JH,JHARKHAND,5
828119,DBD,DBD,DHANBAD BDEL,EAST,JH,JHARKHAND,5
828120,SNU,SNU,SINDRI OFFICE,EAST,JH,JHARKHAND,5
828121,DBD,DBD,DHANBAD BDEL,EAST,JH,JHARKHAND,5
828122,SNU,SNU,SINDRI OFFICE,EAST,JH,JHARKHAND,5
828123,SNU,SNU,SINDRI OFFICE,EAST,JH,JHARKHAND,5
828124,DBD,DBD,DHANBAD BDEL,EAST,JH,JHARKHAND,5
828125,GMO,GMO,GOMOH OFFICE,EAST,JH,JHARKHAND,5
828126,SNU,SNU,SINDRI OFFICE,EAST,JH,JHARKHAND,5
828127,DBD,DBD,DHANBAD BDEL,EAST,JH,JHARKHAND,5
828128,GMO,GMO,GOMOH OFFICE,EAST,JH,JHARKHAND,5
828129,DBD,DBD,DHANBAD BDEL,EAST,JH,JHARKHAND,5
828130,DBD,DBD,DHANBAD BDEL,EAST,JH,JHARKHAND,5
828131,DBD,DBD,DHANBAD BDEL,EAST,JH,JHARKHAND,5
828132,SNU,SNU,SINDRI OFFICE,EAST,JH,JHARKHAND,5
828133,SNU,SNU,SINDRI OFFICE,EAST,JH,JHARKHAND,5
828134,BOK,BOK,BOKARO,EAST,JH,JHARKHAND,5
828135,SNU,SNU,SINDRI OFFICE,EAST,JH,JHARKHAND,5
828201,SNU,SNU,SINDRI OFFICE,EAST,JH,JHARKHAND,5
828206,DBD,DBD,DHANBAD BDEL,EAST,JH,JHARKHAND,5
828301,DBD,DBD,DHANBAD BDEL,EAST,JH,JHARKHAND,5
828302,SNU,SNU,SINDRI OFFICE,EAST,JH,JHARKHAND,5
828303,BOK,BOK,BOKARO,EAST,JH,JHARKHAND,5
828304,DBD,DBD,DHANBAD BDEL,EAST,JH,JHARKHAND,5
828305,GMO,GMO,GOMOH OFFICE,EAST,JH,JHARKHAND,5
828306,GMO,GMO,GOMOH OFFICE,EAST,JH,JHARKHAND,5
828307,GMO,GMO,GOMOH OFFICE,EAST,JH,JHARKHAND,5
828309,DBD,DBD,DHANBAD BDEL,EAST,JH,JHARKHAND,5
828401,GMO,GMO,GOMOH OFFICE,EAST,JH,JHARKHAND,5
828402,GMO,GMO,GOMOH OFFICE,EAST,JH,JHARKHAND,5
828403,PSO,PSO,PHUSRO OFFICE,EAST,JH,JHARKHAND,5
828404,PSO,PSO,PHUSRO OFFICE,EAST,JH,JHARKHAND,5
829101,RMM,RMM,RAMGARH BDEL,EAST,JH,JHARKHAND,5
829102,RMM,RMM,RAMGARH BDEL,EAST,JH,JHARKHAND,5
829103,RMM,RMM,RAMGARH BDEL,EAST,JH,JHARKHAND,5
829104,PSO,PSO,PHUSRO OFFICE,EAST,JH,JHARKHAND,5
829105,RMM,RMM,RAMGARH BDEL,EAST,JH,JHARKHAND,5
829106,RMM,RMM,RAMGARH BDEL,EAST,JH,JHARKHAND,5
829107,BKL,BKL,BOKARO THARMAL,EAST,JH,JHARKHAND,5
829108,RMM,RMM,RAMGARH BDEL,EAST,JH,JHARKHAND,5
829109,RMM,RMM,RAMGARH BDEL,EAST,JH,JHARKHAND,5
829110,GOA,GOA,GOLA OFFICE,EAST,JH,JHARKHAND,5
829111,BKL,BKL,BOKARO THARMAL,EAST,JH,JHARKHAND,5
829112,BKL,BKL,BOKARO THARMAL,EAST,JH,JHARKHAND,5
829113,BKL,BKL,BOKARO THARMAL,EAST,JH,JHARKHAND,5
829114,PSO,PSO,PHUSRO OFFICE,EAST,JH,JHARKHAND,5
829115,BOK,BOK,BOKARO,EAST,JH,JHARKHAND,5
829116,BKL,BKL,BOKARO THARMAL,EAST,JH,JHARKHAND,5
829117,RMM,RMM,RAMGARH BDEL,EAST,JH,JHARKHAND,5
829118,RMM,RMM,RAMGARH BDEL,EAST,JH,JHARKHAND,5
829119,RMM,RMM,RAMGARH BDEL,EAST,JH,JHARKHAND,5
829121,GOA,GOA,GOLA OFFICE,EAST,JH,JHARKHAND,5
829122,RMM,RMM,RAMGARH BDEL,EAST,JH,JHARKHAND,5
829123,BKL,BKL,BOKARO THARMAL,EAST,JH,JHARKHAND,5
829124,RMM,RMM,RAMGARH BDEL,EAST,JH,JHARKHAND,5
829125,RMM,RMM,RAMGARH BDEL,EAST,JH,JHARKHAND,5
829126,RMM,RMM,RAMGARH BDEL,EAST,JH,JHARKHAND,5
829127,PSO,PSO,PHUSRO OFFICE,EAST,JH,JHARKHAND,5
829128,BKL,BKL,BOKARO THARMAL,EAST,JH,JHARKHAND,5
829129,BKL,BKL,BOKARO THARMAL,EAST,JH,JHARKHAND,5
829130,RMM,RMM,RAMGARH BDEL,EAST,JH,JHARKHAND,5
829131,RMM,RMM,RAMGARH BDEL,EAST,JH,JHARKHAND,5
829132,PSO,PSO,PHUSRO OFFICE,EAST,JH,JHARKHAND,5
829133,RMM,RMM,RAMGARH BDEL,EAST,JH,JHARKHAND,5
829134,RMM,RMM,RAMGARH BDEL,EAST,JH,JHARKHAND,5
829135,RMM,RMM,RAMGARH BDEL,EAST,JH,JHARKHAND,5
829138,PSO,PSO,PHUSRO OFFICE,EAST,JH,JHARKHAND,5
829143,RMM,RMM,RAMGARH BDEL,EAST,JH,JHARKHAND,5
829144,PSO,PSO,PHUSRO OFFICE,EAST,JH,JHARKHAND,5
829149,BKL,BKL,BOKARO THARMAL,EAST,JH,JHARKHAND,5
829150,GOA,GOA,GOLA OFFICE,EAST,JH,JHARKHAND,5
829203,LTH,LTH,LATEHAR OFFICE,EAST,JH,JHARKHAND,5
829206,LTH,LTH,LATEHAR OFFICE,EAST,JH,JHARKHAND,5
829207,LTH,LTH,LATEHAR OFFICE,EAST,JH,JHARKHAND,5
829301,BOK,BOK,BOKARO,EAST,JH,JHARKHAND,5
831001,JMD,JMS,JAMSHEDPUR,EAST,JH,JHARKHAND,5
831002,JMD,JMS,JAMSHEDPUR,EAST,JH,JHARKHAND,5
831003,JMD,JMS,JAMSHEDPUR,EAST,JH,JHARKHAND,5
831004,JMD,JMS,JAMSHEDPUR,EAST,JH,JHARKHAND,5
831005,JMD,JMS,JAMSHEDPUR,EAST,JH,JHARKHAND,5
831006,JMD,JMS,JAMSHEDPUR,EAST,JH,JHARKHAND,5
831007,JMD,JMS,JAMSHEDPUR,EAST,JH,JHARKHAND,5
831008,JMD,JMS,JAMSHEDPUR,EAST,JH,JHARKHAND,5
831009,JMD,JMS,JAMSHEDPUR,EAST,JH,JHARKHAND,5
831010,JMD,JMS,JAMSHEDPUR,EAST,JH,JHARKHAND,5
831011,JMD,JMS,JAMSHEDPUR,EAST,JH,JHARKHAND,5
831012,JMD,JMS,JAMSHEDPUR,EAST,JH,JHARKHAND,5
831013,JMD,JMS,JAMSHEDPUR,EAST,JH,JHARKHAND,5
831014,JMD,JMS,JAMSHEDPUR,EAST,JH,JHARKHAND,5
831015,JMD,JMS,JAMSHEDPUR,EAST,JH,JHARKHAND,5
831016,JMD,JMS,JAMSHEDPUR,EAST,JH,JHARKHAND,5
831017,JMD,JMS,JAMSHEDPUR,EAST,JH,JHARKHAND,5
831018,JMD,JMS,JAMSHEDPUR,EAST,JH,JHARKHAND,5
831019,JMD,JMS,JAMSHEDPUR,EAST,JH,JHARKHAND,5
831020,JDV,JDV,JAMSHEDPUR REACH,EAST,JH,JHARKHAND,5
831021,JMT,JMT,JAMTARA OFFICE,EAST,JH,JHARKHAND,5
831035,JMD,JMS,JAMSHEDPUR,EAST,JH,JHARKHAND,5
832102,GSL,GSL,GHATSILA,EAST,JH,JHARKHAND,5
832103,GSL,GSL,GHATSILA,EAST,JH,JHARKHAND,5
832104,GSL,GSL,GHATSILA,EAST,JH,JHARKHAND,5
832105,JDV,JDV,JAMSHEDPUR REACH,EAST,JH,JHARKHAND,5
832106,GSL,GSL,GHATSILA,EAST,JH,JHARKHAND,5
832107,JMD,JMS,JAMSHEDPUR,EAST,JH,JHARKHAND,5
832108,JMD,JMS,JAMSHEDPUR,EAST,JH,JHARKHAND,5
832109,JMD,JMS,JAMSHEDPUR,EAST,JH,JHARKHAND,5
832110,JMD,JMS,JAMSHEDPUR,EAST,JH,JHARKHAND,5
832111,GSL,GSL,GHATSILA,EAST,JH,JHARKHAND,5
832302,GSL,GSL,GHATSILA,EAST,JH,JHARKHAND,5
832303,GSL,GSL,GHATSILA,EAST,JH,JHARKHAND,5
832304,GSL,GSL,GHATSILA,EAST,JH,JHARKHAND,5
833102,CKP,CKP,CHAKRADHARPUR,EAST,JH,JHARKHAND,5
833103,CKP,CKP,CHAKRADHARPUR,EAST,JH,JHARKHAND,5
833105,CKP,CKP,CHAKRADHARPUR,EAST,JH,JHARKHAND,5
833201,CAB,CAB,CHAIBASA,EAST,JH,JHARKHAND,5
833202,CAB,CAB,CHAIBASA,EAST,JH,JHARKHAND,5
833212,CAB,CAB,CHAIBASA,EAST,JH,JHARKHAND,5
833215,CAB,CAB,CHAIBASA,EAST,JH,JHARKHAND,5
833217,CAB,CAB,CHAIBASA,EAST,JH,JHARKHAND,5
833218,CAB,CAB,CHAIBASA,EAST,JH,JHARKHAND,5
834001,RAN,RAC,RANCHI SERVICE CENTRE,EAST,JH,JHARKHAND,5
834002,RAN,RAC,RANCHI SERVICE CENTRE,EAST,JH,JHARKHAND,5
834003,RAN,RAC,RANCHI SERVICE CENTRE,EAST,JH,JHARKHAND,5
834004,RAN,RAC,RANCHI SERVICE CENTRE,EAST,JH,JHARKHAND,5
834005,RAN,RAC,RANCHI SERVICE CENTRE,EAST,JH,JHARKHAND,5
834006,RAN,RAC,RANCHI SERVICE CENTRE,EAST,JH,JHARKHAND,5
834007,RAN,RAC,RANCHI SERVICE CENTRE,EAST,JH,JHARKHAND,5
834008,RAN,RAC,RANCHI SERVICE CENTRE,EAST,JH,JHARKHAND,5
834009,RAN,RAC,RANCHI SERVICE CENTRE,EAST,JH,JHARKHAND,5
834010,RAN,RAC,RANCHI SERVICE CENTRE,EAST,JH,JHARKHAND,5
834011,RAN,RAC,RANCHI SERVICE CENTRE,EAST,JH,JHARKHAND,5
834012,RAN,RAC,RANCHI SERVICE CENTRE,EAST,JH,JHARKHAND,5
834013,RAN,RAC,RANCHI SERVICE CENTRE,EAST,JH,JHARKHAND,5
835103,RAN,RAC,RANCHI SERVICE CENTRE,EAST,JH,JHARKHAND,5
835207,GUM,GUM,GUMLA,EAST,JH,JHARKHAND,5
835208,GUM,GUM,GUMLA,EAST,JH,JHARKHAND,5
835213,LHD,LHD,LOHARDAGA OFFICE,EAST,JH,JHARKHAND,5
835215,RAN,RAC,RANCHI SERVICE CENTRE,EAST,JH,JHARKHAND,5
835217,OMJ,OMJ,ORMANJHI,EAST,JH,JHARKHAND,5
835219,OMJ,OMJ,ORMANJHI,EAST,JH,JHARKHAND,5
835223,SMM,SMM,SIMDEGA OFFICE,EAST,JH,JHARKHAND,5
835224,GUM,GUM,GUMLA,EAST,JH,JHARKHAND,5
835226,SMM,SMM,SIMDEGA OFFICE,EAST,JH,JHARKHAND,5
835228,SMM,SMM,SIMDEGA OFFICE,EAST,JH,JHARKHAND,5
835233,GUM,GUM,GUMLA,EAST,JH,JHARKHAND,5
835235,SMM,SMM,SIMDEGA OFFICE,EAST,JH,JHARKHAND,5
835302,LHD,LHD,LOHARDAGA OFFICE,EAST,JH,JHARKHAND,5
835325,LHD,LHD,LOHARDAGA OFFICE,EAST,JH,JHARKHAND,5
841101,HJI,HJI,HAJIPUR OFFICE,EAST,BH,BIHAR,5
841201,CPP,CPP,CHHAPRA OFFICE,EAST,BH,BIHAR,5
841202,CPP,CPP,CHHAPRA OFFICE,EAST,BH,BIHAR,5
841203,SWA,SWA,SIWAN OFFICE,EAST,BH,BIHAR,5
841204,CPP,CPP,CHHAPRA OFFICE,EAST,BH,BIHAR,5
841205,CPP,CPP,CHHAPRA OFFICE,EAST,BH,BIHAR,5
841206,CPP,CPP,CHHAPRA OFFICE,EAST,BH,BIHAR,5
841207,CPP,CPP,CHHAPRA OFFICE,EAST,BH,BIHAR,5
841208,CPP,CPP,CHHAPRA OFFICE,EAST,BH,BIHAR,5
841209,CPP,CPP,CHHAPRA OFFICE,EAST,BH,BIHAR,5
841211,CPP,CPP,CHHAPRA OFFICE,EAST,BH,BIHAR,5
841212,CPP,CPP,CHHAPRA OFFICE,EAST,BH,BIHAR,5
841213,CPP,CPP,CHHAPRA OFFICE,EAST,BH,BIHAR,5
841214,CPP,CPP,CHHAPRA OFFICE,EAST,BH,BIHAR,5
841216,CPP,CPP,CHHAPRA OFFICE,EAST,BH,BIHAR,5
841217,HJI,HJI,HAJIPUR OFFICE,EAST,BH,BIHAR,5
841218,CPP,CPP,CHHAPRA OFFICE,EAST,BH,BIHAR,5
841219,CPP,CPP,CHHAPRA OFFICE,EAST,BH,BIHAR,5
841220,CPP,CPP,CHHAPRA OFFICE,EAST,BH,BIHAR,5
841221,HJI,HJI,HAJIPUR OFFICE,EAST,BH,BIHAR,5
841222,HJI,HJI,HAJIPUR OFFICE,EAST,BH,BIHAR,5
841223,CPP,CPP,CHHAPRA OFFICE,EAST,BH,BIHAR,5
841225,CPP,CPP,CHHAPRA OFFICE,EAST,BH,BIHAR,5
841226,CWN,SWN,SIWAN,EAST,BH,BIHAR,5
841227,SWA,SWA,SIWAN OFFICE,EAST,BH,BIHAR,5
841231,SWA,SWA,SIWAN OFFICE,EAST,BH,BIHAR,5
841232,SWA,SWA,SIWAN OFFICE,EAST,BH,BIHAR,5
841233,SWA,SWA,SIWAN OFFICE,EAST,BH,BIHAR,5
841236,SWA,SWA,SIWAN OFFICE,EAST,BH,BIHAR,5
841237,SWA,SWA,SIWAN OFFICE,EAST,BH,BIHAR,5
841238,SWA,SWA,SIWAN OFFICE,EAST,BH,BIHAR,5
841239,SWA,SWA,SIWAN OFFICE,EAST,BH,BIHAR,5
841240,SWA,SWA,SIWAN OFFICE,EAST,BH,BIHAR,5
841241,SWA,SWA,SIWAN OFFICE,EAST,BH,BIHAR,5
841244,SWA,SWA,SIWAN OFFICE,EAST,BH,BIHAR,5
841245,SWA,SWA,SIWAN OFFICE,EAST,BH,BIHAR,5
841286,SWA,SWA,SIWAN OFFICE,EAST,BH,BIHAR,5
841287,SWA,SWA,SIWAN OFFICE,EAST,BH,BIHAR,5
841301,CPA,CPA,CHHAPRA,EAST,BH,BIHAR,5
841302,CPP,CPP,CHHAPRA OFFICE,EAST,BH,BIHAR,5
841305,CPP,CPP,CHHAPRA OFFICE,EAST,BH,BIHAR,5
841311,CPP,CPP,CHHAPRA OFFICE,EAST,BH,BIHAR,5
841313,CPP,CPP,CHHAPRA OFFICE,EAST,BH,BIHAR,5
841316,CPP,CPP,CHHAPRA OFFICE,EAST,BH,BIHAR,5
841401,CPP,CPP,CHHAPRA OFFICE,EAST,BH,BIHAR,5
841402,CPP,CPP,CHHAPRA OFFICE,EAST,BH,BIHAR,5
841403,CPP,CPP,CHHAPRA OFFICE,EAST,BH,BIHAR,5
841405,GOP,GOP,GOPALGANJ OFFICE,EAST,BH,BIHAR,5
841411,CPP,CPP,CHHAPRA OFFICE,EAST,BH,BIHAR,5
841412,CPP,CPP,CHHAPRA OFFICE,EAST,BH,BIHAR,5
841414,CPP,CPP,CHHAPRA OFFICE,EAST,BH,BIHAR,5
841415,CPP,CPP,CHHAPRA OFFICE,EAST,BH,BIHAR,5
841418,CPP,CPP,CHHAPRA OFFICE,EAST,BH,BIHAR,5
841419,CPP,CPP,CHHAPRA OFFICE,EAST,BH,BIHAR,5
841421,CPP,CPP,CHHAPRA OFFICE,EAST,BH,BIHAR,5
841422,CPP,CPP,CHHAPRA OFFICE,EAST,BH,BIHAR,5
841423,GOP,GOP,GOPALGANJ OFFICE,EAST,BH,BIHAR,5
841424,CPP,CPP,CHHAPRA OFFICE,EAST,BH,BIHAR,5
841427,GOP,GOP,GOPALGANJ OFFICE,EAST,BH,BIHAR,5
841428,GOP,GOP,GOPALGANJ OFFICE,EAST,BH,BIHAR,5
841436,GOP,GOP,GOPALGANJ OFFICE,EAST,BH,BIHAR,5
841438,GOP,GOP,GOPALGANJ OFFICE,EAST,BH,BIHAR,5
841439,SWA,SWA,SIWAN OFFICE,EAST,BH,BIHAR,5
841440,GOP,GOP,GOPALGANJ OFFICE,EAST,BH,BIHAR,5
841442,CPP,CPP,CHHAPRA OFFICE,EAST,BH,BIHAR,5
841446,SWA,SWA,SIWAN OFFICE,EAST,BH,BIHAR,5
841501,GOP,GOP,GOPALGANJ OFFICE,EAST,BH,BIHAR,5
841503,GOP,GOP,GOPALGANJ OFFICE,EAST,BH,BIHAR,5
841505,GOP,GOP,GOPALGANJ OFFICE,EAST,BH,BIHAR,5
841506,SWA,SWA,SIWAN OFFICE,EAST,BH,BIHAR,5
842001,MZF,MZF,MUZAFFARPUR OFFICE,EAST,BH,BIHAR,5
842002,MZF,MZF,MUZAFFARPUR OFFICE,EAST,BH,BIHAR,5
842003,MZF,MZF,MUZAFFARPUR OFFICE,EAST,BH,BIHAR,5
842004,MZF,MZF,MUZAFFARPUR OFFICE,EAST,BH,BIHAR,5
842005,MZF,MZF,MUZAFFARPUR OFFICE,EAST,BH,BIHAR,5
842008,MZF,MZF,MUZAFFARPUR OFFICE,EAST,BH,BIHAR,5
843101,MZF,MZF,MUZAFFARPUR OFFICE,EAST,BH,BIHAR,5
843102,MZF,MZF,MUZAFFARPUR OFFICE,EAST,BH,BIHAR,5
843103,GGH,GGH,KATRA GAYGHAT OFFICE,EAST,BH,BIHAR,5
843104,MZF,MZF,MUZAFFARPUR OFFICE,EAST,BH,BIHAR,5
843105,MZF,MZF,MUZAFFARPUR OFFICE,EAST,BH,BIHAR,5
843106,MZF,MZF,MUZAFFARPUR OFFICE,EAST,BH,BIHAR,5
843107,MZF,MZF,MUZAFFARPUR OFFICE,EAST,BH,BIHAR,5
843108,KTN,KTN,KANTI,EAST,BH,BIHAR,5
843109,KTN,KTN,KANTI,EAST,BH,BIHAR,5
843110,MHH,MHH,MAHUA OFFICE,EAST,BH,BIHAR,5
843111,MOP,MOP,MOTIPUR,EAST,BH,BIHAR,5
843112,MZF,MZF,MUZAFFARPUR OFFICE,EAST,BH,BIHAR,5
843113,MZF,MZF,MUZAFFARPUR OFFICE,EAST,BH,BIHAR,5
843114,MHH,MHH,MAHUA OFFICE,EAST,BH,BIHAR,5
843115,GGH,GGH,KATRA GAYGHAT OFFICE,EAST,BH,BIHAR,5
843116,MZF,MZF,MUZAFFARPUR OFFICE,EAST,BH,BIHAR,5
843117,MZF,MZF,MUZAFFARPUR OFFICE,EAST,BH,BIHAR,5
843118,GGH,GGH,KATRA GAYGHAT OFFICE,EAST,BH,BIHAR,5
843119,MZF,MZF,MUZAFFARPUR OFFICE,EAST,BH,BIHAR,5
843120,MOP,MOP,MOTIPUR,EAST,BH,BIHAR,5
843121,MZF,MZF,MUZAFFARPUR OFFICE,EAST,BH,BIHAR,5
843122,MOP,MOP,MOTIPUR,EAST,BH,BIHAR,5
843123,MZF,MZF,MUZAFFARPUR OFFICE,EAST,BH,BIHAR,5
843124,MOP,MOP,MOTIPUR,EAST,BH,BIHAR,5
843125,MOP,MOP,MOTIPUR,EAST,BH,BIHAR,5
843126,MZF,MZF,MUZAFFARPUR OFFICE,EAST,BH,BIHAR,5
843127,MOP,MOP,MOTIPUR,EAST,BH,BIHAR,5
843128,MZF,MZF,MUZAFFARPUR OFFICE,EAST,BH,BIHAR,5
843129,GGH,GGH,KATRA GAYGHAT OFFICE,EAST,BH,BIHAR,5
843130,KTN,KTN,KANTI,EAST,BH,BIHAR,5
843131,MZF,MZF,MUZAFFARPUR OFFICE,EAST,BH,BIHAR,5
843141,MZF,MZF,MUZAFFARPUR OFFICE,EAST,BH,BIHAR,5
843146,MZF,MZF,MUZAFFARPUR OFFICE,EAST,BH,BIHAR,5
843301,STM,SRI,SITAMARHI,EAST,BH,BIHAR,5
843302,STM,SRI,SITAMARHI,EAST,BH,BIHAR,5
843311,SIM,SIM,SITAMARHI OFFICE,EAST,BH,BIHAR,5
843312,GGH,GGH,KATRA GAYGHAT OFFICE,EAST,BH,BIHAR,5
843314,SIM,SIM,SITAMARHI OFFICE,EAST,BH,BIHAR,5
843315,SIM,SIM,SITAMARHI OFFICE,EAST,BH,BIHAR,5
843316,SIM,SIM,SITAMARHI OFFICE,EAST,BH,BIHAR,5
843317,SIM,SIM,SITAMARHI OFFICE,EAST,BH,BIHAR,5
843320,SIM,SIM,SITAMARHI OFFICE,EAST,BH,BIHAR,5
843321,GGH,GGH,KATRA GAYGHAT OFFICE,EAST,BH,BIHAR,5
843322,SIM,SIM,SITAMARHI OFFICE,EAST,BH,BIHAR,5
843323,SIM,SIM,SITAMARHI OFFICE,EAST,BH,BIHAR,5
843324,SIM,SIM,SITAMARHI OFFICE,EAST,BH,BIHAR,5
843325,SIM,SIM,SITAMARHI OFFICE,EAST,BH,BIHAR,5
843327,SIM,SIM,SITAMARHI OFFICE,EAST,BH,BIHAR,5
843328,SIM,SIM,SITAMARHI OFFICE,EAST,BH,BIHAR,5
843329,SHO,SHO,SHEOHAR,EAST,BH,BIHAR,5
843330,SIM,SIM,SITAMARHI OFFICE,EAST,BH,BIHAR,5
843331,SIM,SIM,SITAMARHI OFFICE,EAST,BH,BIHAR,5
843332,SIM,SIM,SITAMARHI OFFICE,EAST,BH,BIHAR,5
843334,SHO,SHO,SHEOHAR,EAST,BH,BIHAR,5
843351,SIM,SIM,SITAMARHI OFFICE,EAST,BH,BIHAR,5
843360,GGH,GGH,KATRA GAYGHAT OFFICE,EAST,BH,BIHAR,5
844101,HJI,HJI,HAJIPUR OFFICE,EAST,BH,BIHAR,5
844102,HJI,HJI,HAJIPUR OFFICE,EAST,BH,BIHAR,5
844103,HJI,HJI,HAJIPUR OFFICE,EAST,BH,BIHAR,5
844111,MZF,MZF,MUZAFFARPUR OFFICE,EAST,BH,BIHAR,5
844112,MHH,MHH,MAHUA OFFICE,EAST,BH,BIHAR,5
844113,HJI,HJI,HAJIPUR OFFICE,EAST,BH,BIHAR,5
844114,MHH,MHH,MAHUA OFFICE,EAST,BH,BIHAR,5
844115,HJI,HJI,HAJIPUR OFFICE,EAST,BH,BIHAR,5
844116,MHH,MHH,MAHUA OFFICE,EAST,BH,BIHAR,5
844117,HJI,HJI,HAJIPUR OFFICE,EAST,BH,BIHAR,5
844118,MHH,MHH,MAHUA OFFICE,EAST,BH,BIHAR,5
844119,HJI,HJI,HAJIPUR OFFICE,EAST,BH,BIHAR,5
844120,MZF,MZF,MUZAFFARPUR OFFICE,EAST,BH,BIHAR,5
844121,HJI,HJI,HAJIPUR OFFICE,EAST,BH,BIHAR,5
844122,MHH,MHH,MAHUA OFFICE,EAST,BH,BIHAR,5
844123,MHH,MHH,MAHUA OFFICE,EAST,BH,BIHAR,5
844124,MHH,MHH,MAHUA OFFICE,EAST,BH,BIHAR,5
844125,MHH,MHH,MAHUA OFFICE,EAST,BH,BIHAR,5
844126,MHH,MHH,MAHUA OFFICE,EAST,BH,BIHAR,5
844127,MZF,MZF,MUZAFFARPUR OFFICE,EAST,BH,BIHAR,5
844128,HJI,HJI,HAJIPUR OFFICE,EAST,BH,BIHAR,5
844501,MHH,MHH,MAHUA OFFICE,EAST,BH,BIHAR,5
844502,HJI,HJI,HAJIPUR OFFICE,EAST,BH,BIHAR,5
844503,HJI,HJI,HAJIPUR OFFICE,EAST,BH,BIHAR,5
844504,HJI,HJI,HAJIPUR OFFICE,EAST,BH,BIHAR,5
844505,MHH,MHH,MAHUA OFFICE,EAST,BH,BIHAR,5
844507,MHH,MHH,MAHUA OFFICE,EAST,BH,BIHAR,5
845103,NRK,NRK,NARKATIYAGANJ,EAST,BH,BIHAR,5
845106,NRK,NRK,NARKATIYAGANJ,EAST,BH,BIHAR,5
845301,RXX,RXX,RAXAUL OFFICE,EAST,BH,BIHAR,5
845305,RXX,RXX,RAXAUL OFFICE,EAST,BH,BIHAR,5
845306,NRK,NRK,NARKATIYAGANJ,EAST,BH,BIHAR,5
845307,NRK,NRK,NARKATIYAGANJ,EAST,BH,BIHAR,5
845401,MOT,MOT,MOTIHARI OFFICE,EAST,BH,BIHAR,5
845411,ARJ,ARJ,ARERAJ OFFICE,EAST,BH,BIHAR,5
845412,MOP,MOP,MOTIPUR,EAST,BH,BIHAR,5
845414,SHO,SHO,SHEOHAR,EAST,BH,BIHAR,5
845415,MOT,MOT,MOTIHARI OFFICE,EAST,BH,BIHAR,5
845416,MOT,MOT,MOTIHARI OFFICE,EAST,BH,BIHAR,5
845417,ARJ,ARJ,ARERAJ OFFICE,EAST,BH,BIHAR,5
845419,ARJ,ARJ,ARERAJ OFFICE,EAST,BH,BIHAR,5
845420,SHO,SHO,SHEOHAR,EAST,BH,BIHAR,5
845422,ARJ,ARJ,ARERAJ OFFICE,EAST,BH,BIHAR,5
845425,ARJ,ARJ,ARERAJ OFFICE,EAST,BH,BIHAR,5
845426,MOP,MOP,MOTIPUR,EAST,BH,BIHAR,5
845427,SHO,SHO,SHEOHAR,EAST,BH,BIHAR,5
845429,MOT,MOT,MOTIHARI OFFICE,EAST,BH,BIHAR,5
845430,SHO,SHO,SHEOHAR,EAST,BH,BIHAR,5
845431,MOT,MOT,MOTIHARI OFFICE,EAST,BH,BIHAR,5
845433,RXX,RXX,RAXAUL OFFICE,EAST,BH,BIHAR,5
845434,ARJ,ARJ,ARERAJ OFFICE,EAST,BH,BIHAR,5
845435,MOT,MOT,MOTIHARI OFFICE,EAST,BH,BIHAR,5
845436,SHO,SHO,SHEOHAR,EAST,BH,BIHAR,5
845437,ARJ,ARJ,ARERAJ OFFICE,EAST,BH,BIHAR,5
845438,BIH,BIH,BETIAH ULTRA FRUGAL,EAST,BH,BIHAR,5
845440,RXX,RXX,RAXAUL OFFICE,EAST,BH,BIHAR,5
845449,BIH,BIH,BETIAH ULTRA FRUGAL,EAST,BH,BIHAR,5
845450,BIH,BIH,BETIAH ULTRA FRUGAL,EAST,BH,BIHAR,5
845451,NRK,NRK,NARKATIYAGANJ,EAST,BH,BIHAR,5
845452,BIH,BIH,BETIAH ULTRA FRUGAL,EAST,BH,BIHAR,5
845453,BIH,BIH,BETIAH ULTRA FRUGAL,EAST,BH,BIHAR,5
845454,BIH,BIH,BETIAH ULTRA FRUGAL,EAST,BH,BIHAR,5
845455,NRK,NRK,NARKATIYAGANJ,EAST,BH,BIHAR,5
845456,RXX,RXX,RAXAUL OFFICE,EAST,BH,BIHAR,5
845458,ARJ,ARJ,ARERAJ OFFICE,EAST,BH,BIHAR,5
845459,BIH,BIH,BETIAH ULTRA FRUGAL,EAST,BH,BIHAR,5
846001,DAB,DAB,DARBHANGA REACH,EAST,BH,BIHAR,5
846002,DAB,DAB,DARBHANGA REACH,EAST,BH,BIHAR,5
846003,DAB,DAB,DARBHANGA REACH,EAST,BH,BIHAR,5
846004,DAB,DAB,DARBHANGA REACH,EAST,BH,BIHAR,5
846005,DAB,DAB,DARBHANGA REACH,EAST,BH,BIHAR,5
846006,DAB,DAB,DARBHANGA REACH,EAST,BH,BIHAR,5
846007,DAB,DAB,DARBHANGA REACH,EAST,BH,BIHAR,5
846008,DAB,DAB,DARBHANGA REACH,EAST,BH,BIHAR,5
846009,DAB,DAB,DARBHANGA REACH,EAST,BH,BIHAR,5
847101,DAB,DAB,DARBHANGA REACH,EAST,BH,BIHAR,5
847103,DAB,DAB,DARBHANGA REACH,EAST,BH,BIHAR,5
847104,DAB,DAB,DARBHANGA REACH,EAST,BH,BIHAR,5
847106,DAB,DAB,DARBHANGA REACH,EAST,BH,BIHAR,5
847107,GGH,GGH,KATRA GAYGHAT OFFICE,EAST,BH,BIHAR,5
847109,JHJ,JHJ,JHANJHARPUR OFFICE,EAST,BH,BIHAR,5
847115,DAB,DAB,DARBHANGA REACH,EAST,BH,BIHAR,5
847121,MDH,MDH,MADHUBANI REACH,EAST,BH,BIHAR,5
847123,DAB,DAB,DARBHANGA REACH,EAST,BH,BIHAR,5
847211,MDH,MDH,MADHUBANI REACH,EAST,BH,BIHAR,5
847212,MDH,MDH,MADHUBANI REACH,EAST,BH,BIHAR,5
847222,MDH,MDH,MADHUBANI REACH,EAST,BH,BIHAR,5
847225,JYN,JYN,JAYNAGAR,EAST,BH,BIHAR,5
847226,JYN,JYN,JAYNAGAR,EAST,BH,BIHAR,5
847227,MDH,MDH,MADHUBANI REACH,EAST,BH,BIHAR,5
847229,JYN,JYN,JAYNAGAR,EAST,BH,BIHAR,5
847230,JYN,JYN,JAYNAGAR,EAST,BH,BIHAR,5
847232,JYN,JYN,JAYNAGAR,EAST,BH,BIHAR,5
847233,DAB,DAB,DARBHANGA REACH,EAST,BH,BIHAR,5
847234,MDH,MDH,MADHUBANI REACH,EAST,BH,BIHAR,5
847238,MDH,MDH,MADHUBANI REACH,EAST,BH,BIHAR,5
847240,JYN,JYN,JAYNAGAR,EAST,BH,BIHAR,5
847306,DAB,DAB,DARBHANGA REACH,EAST,BH,BIHAR,5
847401,JHJ,JHJ,JHANJHARPUR OFFICE,EAST,BH,BIHAR,5
847402,JHJ,JHJ,JHANJHARPUR OFFICE,EAST,BH,BIHAR,5
847403,JHJ,JHJ,JHANJHARPUR OFFICE,EAST,BH,BIHAR,5
847404,JHJ,JHJ,JHANJHARPUR OFFICE,EAST,BH,BIHAR,5
847407,JHJ,JHJ,JHANJHARPUR OFFICE,EAST,BH,BIHAR,5
847408,JHJ,JHJ,JHANJHARPUR OFFICE,EAST,BH,BIHAR,5
847409,JHJ,JHJ,JHANJHARPUR OFFICE,EAST,BH,BIHAR,5
847410,JHJ,JHJ,JHANJHARPUR OFFICE,EAST,BH,BIHAR,5
847411,JHJ,JHJ,JHANJHARPUR OFFICE,EAST,BH,BIHAR,5
847428,DAB,DAB,DARBHANGA REACH,EAST,BH,BIHAR,5
847429,DAB,DAB,DARBHANGA REACH,EAST,BH,BIHAR,5
848101,SST,SST,SAMASTIPUR OFFICE,EAST,BH,BIHAR,5
848102,SST,SST,SAMASTIPUR OFFICE,EAST,BH,BIHAR,5
848113,SST,SST,SAMASTIPUR OFFICE,EAST,BH,BIHAR,5
848114,DAS,DAS,DALSINGH SARAI OFFICE,EAST,BH,BIHAR,5
848115,SST,SST,SAMASTIPUR OFFICE,EAST,BH,BIHAR,5
848117,SST,SST,SAMASTIPUR OFFICE,EAST,BH,BIHAR,5
848121,SST,SST,SAMASTIPUR OFFICE,EAST,BH,BIHAR,5
848122,SST,SST,SAMASTIPUR OFFICE,EAST,BH,BIHAR,5
848125,SST,SST,SAMASTIPUR OFFICE,EAST,BH,BIHAR,5
848127,DAS,DAS,DALSINGH SARAI OFFICE,EAST,BH,BIHAR,5
848129,SST,SST,SAMASTIPUR OFFICE,EAST,BH,BIHAR,5
848130,SST,SST,SAMASTIPUR OFFICE,EAST,BH,BIHAR,5
848131,SST,SST,SAMASTIPUR OFFICE,EAST,BH,BIHAR,5
848132,DAS,DAS,DALSINGH SARAI OFFICE,EAST,BH,BIHAR,5
848133,SST,SST,SAMASTIPUR OFFICE,EAST,BH,BIHAR,5
848134,SST,SST,SAMASTIPUR OFFICE,EAST,BH,BIHAR,5
848160,DAS,DAS,DALSINGH SARAI OFFICE,EAST,BH,BIHAR,5
848203,KHI,KHI,KHAGARIA,EAST,BH,BIHAR,5
848210,RSA,RSA,ROSERA RSP,EAST,BH,BIHAR,5
848211,DAS,DAS,DALSINGH SARAI OFFICE,EAST,BH,BIHAR,5
848236,SST,SST,SAMASTIPUR OFFICE,EAST,BH,BIHAR,5
848301,SST,SST,SAMASTIPUR OFFICE,EAST,BH,BIHAR,5
848302,SST,SST,SAMASTIPUR OFFICE,EAST,BH,BIHAR,5
848502,DAS,DAS,DALSINGH SARAI OFFICE,EAST,BH,BIHAR,5
848503,DAS,DAS,DALSINGH SARAI OFFICE,EAST,BH,BIHAR,5
848505,SST,SST,SAMASTIPUR OFFICE,EAST,BH,BIHAR,5
851101,BSA,BSA,BEGUSARAI OFFICE,EAST,BH,BIHAR,5
851111,DAS,DAS,DALSINGH SARAI OFFICE,EAST,BH,BIHAR,5
851112,BAI,BAI,BARAUNI OFFICE,EAST,BH,BIHAR,5
851113,BAI,BAI,BARAUNI OFFICE,EAST,BH,BIHAR,5
851114,BAI,BAI,BARAUNI OFFICE,EAST,BH,BIHAR,5
851115,BAI,BAI,BARAUNI OFFICE,EAST,BH,BIHAR,5
851116,BAI,BAI,BARAUNI OFFICE,EAST,BH,BIHAR,5
851117,BSA,BSA,BEGUSARAI OFFICE,EAST,BH,BIHAR,5
851118,BAI,BAI,BARAUNI OFFICE,EAST,BH,BIHAR,5
851126,BAI,BAI,BARAUNI OFFICE,EAST,BH,BIHAR,5
851127,BSA,BSA,BEGUSARAI OFFICE,EAST,BH,BIHAR,5
851128,DAS,DAS,DALSINGH SARAI OFFICE,EAST,BH,BIHAR,5
851129,BSA,BSA,BEGUSARAI OFFICE,EAST,BH,BIHAR,5
851130,BSA,BSA,BEGUSARAI OFFICE,EAST,BH,BIHAR,5
851131,BSA,BSA,BEGUSARAI OFFICE,EAST,BH,BIHAR,5
851132,BGF,BGF,BEGUSARAI REMOTE,EAST,BH,BIHAR,5
851133,BUF,BUF,BARAUNI REMOTE,EAST,BH,BIHAR,5
851134,BSA,BSA,BEGUSARAI OFFICE,EAST,BH,BIHAR,5
851135,BAI,BAI,BARAUNI OFFICE,EAST,BH,BIHAR,5
851202,KHI,KHI,KHAGARIA,EAST,BH,BIHAR,5
851203,KHI,KHI,KHAGARIA,EAST,BH,BIHAR,5
851204,KHI,KHI,KHAGARIA,EAST,BH,BIHAR,5
851205,KHI,KHI,KHAGARIA,EAST,BH,BIHAR,5
851210,BAI,BAI,BARAUNI OFFICE,EAST,BH,BIHAR,5
851211,BSA,BSA,BEGUSARAI OFFICE,EAST,BH,BIHAR,5
851212,KHI,KHI,KHAGARIA,EAST,BH,BIHAR,5
851213,KHI,KHI,KHAGARIA,EAST,BH,BIHAR,5
851214,KHI,KHI,KHAGARIA,EAST,BH,BIHAR,5
851218,BSA,BSA,BEGUSARAI OFFICE,EAST,BH,BIHAR,5
852105,SUA,SUA,SUPAUL OFFICE,EAST,BH,BIHAR,5
852106,SAS,SAS,SAHARSA OFFICE,EAST,BH,BIHAR,5
852107,MEP,MEP,MADHEPURA OFFICE,EAST,BH,BIHAR,5
852108,SUA,SUA,SUPAUL OFFICE,EAST,BH,BIHAR,5
852109,SUA,SUA,SUPAUL OFFICE,EAST,BH,BIHAR,5
852111,SUA,SUA,SUPAUL OFFICE,EAST,BH,BIHAR,5
852113,MEP,MEP,MADHEPURA OFFICE,EAST,BH,BIHAR,5
852114,MEP,MEP,MADHEPURA OFFICE,EAST,BH,BIHAR,5
852115,MEP,MEP,MADHEPURA OFFICE,EAST,BH,BIHAR,5
852121,MEP,MEP,MADHEPURA OFFICE,EAST,BH,BIHAR,5
852122,MEP,MEP,MADHEPURA OFFICE,EAST,BH,BIHAR,5
852127,SAS,SAS,SAHARSA OFFICE,EAST,BH,BIHAR,5
852128,MEP,MEP,MADHEPURA OFFICE,EAST,BH,BIHAR,5
852130,SUA,SUA,SUPAUL OFFICE,EAST,BH,BIHAR,5
852131,SUA,SUA,SUPAUL OFFICE,EAST,BH,BIHAR,5
852132,MEP,MEP,MADHEPURA OFFICE,EAST,BH,BIHAR,5
852133,SUA,SUA,SUPAUL OFFICE,EAST,BH,BIHAR,5
852138,SUA,SUA,SUPAUL OFFICE,EAST,BH,BIHAR,5
852139,SUA,SUA,SUPAUL OFFICE,EAST,BH,BIHAR,5
852201,SAS,SAS,SAHARSA OFFICE,EAST,BH,BIHAR,5
852202,SAS,SAS,SAHARSA OFFICE,EAST,BH,BIHAR,5
852212,SAS,SAS,SAHARSA OFFICE,EAST,BH,BIHAR,5
852218,SUA,SUA,SUPAUL OFFICE,EAST,BH,BIHAR,5
852221,SAS,SAS,SAHARSA OFFICE,EAST,BH,BIHAR,5
853201,NAU,NAU,NAUGACHIA OFFICE,EAST,BH,BIHAR,5
853202,NAU,NAU,NAUGACHIA OFFICE,EAST,BH,BIHAR,5
853204,NAU,NAU,NAUGACHIA OFFICE,EAST,BH,BIHAR,5
853205,NAU,NAU,NAUGACHIA OFFICE,EAST,BH,BIHAR,5
854103,KIH,KIH,KATIHAR OFFICE,EAST,BH,BIHAR,5
854105,KIH,KIH,KATIHAR OFFICE,EAST,BH,BIHAR,5
854106,KIH,KIH,KATIHAR OFFICE,EAST,BH,BIHAR,5
854107,KIH,KIH,KATIHAR OFFICE,EAST,BH,BIHAR,5
854108,KIH,KIH,KATIHAR OFFICE,EAST,BH,BIHAR,5
854109,KIH,KIH,KATIHAR OFFICE,EAST,BH,BIHAR,5
854113,KIH,KIH,KATIHAR OFFICE,EAST,BH,BIHAR,5
854115,KIH,KIH,KATIHAR OFFICE,EAST,BH,BIHAR,5
854202,PRU,PRU,PURNEA OFFICE,EAST,BH,BIHAR,5
854205,PRU,PRU,PURNEA OFFICE,EAST,BH,BIHAR,5
854301,PRU,PRU,PURNEA OFFICE,EAST,BH,BIHAR,5
854302,PRU,PRU,PURNEA OFFICE,EAST,BH,BIHAR,5
854303,PRU,PRU,PURNEA OFFICE,EAST,BH,BIHAR,5
854304,PRU,PRU,PURNEA OFFICE,EAST,BH,BIHAR,5
854305,PRU,PRU,PURNEA OFFICE,EAST,BH,BIHAR,5
854306,PRU,PRU,PURNEA OFFICE,EAST,BH,BIHAR,5
854311,ARI,ARI,ARARIA OFFICE,EAST,BH,BIHAR,5
854312,ARI,ARI,ARARIA OFFICE,EAST,BH,BIHAR,5
854316,JBN,JBN,JOGBANI OFFICE,EAST,BH,BIHAR,5
854318,JBN,JBN,JOGBANI OFFICE,EAST,BH,BIHAR,5
854325,ARI,ARI,ARARIA OFFICE,EAST,BH,BIHAR,5
854326,PRU,PRU,PURNEA OFFICE,EAST,BH,BIHAR,5
854327,PRU,PRU,PURNEA OFFICE,EAST,BH,BIHAR,5
854328,JBN,JBN,JOGBANI OFFICE,EAST,BH,BIHAR,5
854329,ARI,ARI,ARARIA OFFICE,EAST,BH,BIHAR,5
854330,PRU,PRU,PURNEA OFFICE,EAST,BH,BIHAR,5
854332,JBN,JBN,JOGBANI OFFICE,EAST,BH,BIHAR,5
854335,JBN,JBN,JOGBANI OFFICE,EAST,BH,BIHAR,5
854336,JBN,JBN,JOGBANI OFFICE,EAST,BH,BIHAR,5
854337,PRU,PRU,PURNEA OFFICE,EAST,BH,BIHAR,5
855105,BYO,BYO,BARSOI,EAST,BH,BIHAR,5
855107,KIG,KIG,KISHANGANJ OFFICE,EAST,BH,BIHAR,5
855108,KIG,KIG,KISHANGANJ OFFICE,EAST,BH,BIHAR,5
855114,BYO,BYO,BARSOI,EAST,BH,BIHAR,5
855115,KIG,KIG,KISHANGANJ OFFICE,EAST,BH,BIHAR,5
855117,KIG,KIG,KISHANGANJ OFFICE,EAST,BH,BIHAR,5